Variety,Growernr_seeduser,Growernr_seedproducer,Year,Sensitivity,Ares,Mah,DefH,dk,GPS_coord,strains_1,strains_2,strains_3,strains_4,strains_5,strains_6,strains_7,strains_8,strains_9
HZ_4,Grower_231,Grower_90,2021,Verysusceptible,0.93,PB4,PB4,0,121618-538544,0,0,0,0,0,0,0,0,0
HZ_43,Grower_42,Grower_110,2021,Tolerant,0.7,PB4,PB4,0,246894-600037,0,0,7,1,3,0,0,1,1
HZ_46,Grower_161,Grower_99,2020,Susceptible,1.0,SE,E,0,170394-503247,0,0,3,2,1,0,0,0,0
HZ_23,Grower_149,Grower_46,2021,Verysusceptible,0.22,E,E,0,177473-526535,0,0,0,0,0,0,0,0,0
HZ_43,Grower_83,Grower_65,2021,Tolerant,2.2,SE,SE,0,192488-596985,0,0,8,0,3,0,0,1,0
HZ_13,Grower_360,Grower_176,2020,Tolerant,1.46,SE,AF,1,270116-573663,0,0,0,0,0,0,0,0,0
HZ_38,Grower_66,Grower_40,2023,Tolerant,2.2,SE,SE,0,229494-597343,0,0,0,0,0,0,0,0,0
HZ_43,Grower_324,Grower_76,2019,Tolerant,0.85,SE,A,0,190037-599508,0,0,8,6,6,0,0,0,0
HZ_51,Grower_171,Grower_66,2022,Susceptible,2.0,E,A,1,187660-532799,0,0,0,0,0,0,0,0,0
HZ_17,Grower_368,Grower_68,2020,Susceptible,1.8,E,A,1,161180-579673,0,0,8,7,4,0,0,0,0
HZ_4,Grower_279,Grower_2,2023,Verysusceptible,3.0,SE,A,0,088869-408235,0,0,2,0,2,0,0,3,0
HZ_24,Grower_197,Grower_40,2023,Tolerant,0.5,PB4,PB4,0,118816-564472,0,0,6,0,0,0,1,2,0
HZ_58,Grower_183,Grower_93,2021,Susceptible,1.34,SE,SE,0,189414-529105,0,0,0,0,0,0,0,0,0
HZ_4,Grower_77,Grower_64,2020,Verysusceptible,2.75,SE,A,0,205286-600115,0,0,0,0,0,0,0,0,0
HZ_11,Grower_263,Grower_12,2020,Tolerant,1.74,SE,SE,0,037146-371142,0,0,5,0,2,0,0,0,0
HZ_24,Grower_197,Grower_40,2021,Tolerant,0.3,SE,SE,0,116601-561179,0,0,7,4,4,0,0,1,1
HZ_3,Grower_66,Grower_1,2023,Tolerant,1.25,SE,E,0,232066-597016,0,0,1,0,0,0,0,0,0
HZ_17,Grower_102,Grower_156,2020,Susceptible,1.5,S,SE,0,182947-594133,0,0,0,0,0,0,0,0,0
HZ_5,Grower_91,Grower_6,2023,Susceptible,0.87,PB4,E,0,196069-599735,0,0,1,0,1,0,0,0,0
HZ_4,Grower_275,Grower_82,2022,Verysusceptible,2.7,SE,SE,0,081643-400189,0,0,1,0,0,0,0,1,0
HZ_23,Grower_143,Grower_30,2020,Verysusceptible,2.02,SE,SE,0,177246-519710,0,0,1,0,0,0,0,0,0
HZ_7,Grower_3,Grower_59,2019,Tolerant,1.06,SE,SE,0,244704-592722,0,0,0,0,0,0,0,0,0
HZ_4,Grower_403,Grower_80,2020,Verysusceptible,0.9,SE,SE,0,086436-406222,0,0,8,4,6,0,0,0,0
HZ_1,Grower_157,Grower_82,2021,Tolerant,0.65,SE,SE,0,170737-528428,0,0,0,0,0,0,0,0,0
HZ_3,Grower_28,Grower_35,2023,Tolerant,0.78,SE,SE,0,247515-600349,0,0,0,0,0,0,0,0,0
HZ_22,Grower_296,Grower_153,2019,Tolerant,0.79,SE,SE,0,241293-600247,0,0,3,2,1,0,0,0,0
HZ_20,Grower_102,Grower_58,2020,Tolerant,1.0,SE,E,0,179994-591634,0,0,8,0,3,0,0,0,0
HZ_9,Grower_83,Grower_10,2023,Verysusceptible,1.5,SE,SE,0,199789-599966,0,0,7,1,6,2,0,3,0
HZ_20,Grower_61,Grower_11,2020,Tolerant,1.45,SE,SE,0,220648-602050,0,0,4,1,1,0,0,0,0
HZ_43,Grower_202,Grower_181,2019,Tolerant,1.94,E,E,0,120171-570060,0,0,0,0,0,0,0,0,0
HZ_65,Grower_117,Grower_153,2021,Tolerant,2.9,E,E,0,171635-591371,0,0,8,8,5,0,0,4,0
HZ_3,Grower_332,Grower_50,2021,Tolerant,1.55,PB4,-,0,178275-592438,0,0,6,3,4,0,0,1,0
HZ_17,Grower_198,Grower_23,2023,Susceptible,1.26,E,E,0,116445-565003,0,0,3,0,0,1,0,1,0
HZ_17,Grower_130,Grower_61,2021,Susceptible,1.25,SE,-,0,165908-582524,0,0,7,2,4,0,0,1,0
HZ_5,Grower_15,Grower_111,2022,Susceptible,3.05,E,E,0,241708-605009,0,0,1,0,1,0,0,2,0
HZ_3,Grower_137,Grower_75,2020,Tolerant,1.0,SE,SE,0,165514-581185,0,0,1,0,0,0,0,0,0
HZ_3,Grower_66,Grower_1,2022,Tolerant,0.71,SE,SE,0,229507-596700,0,0,0,0,0,0,0,0,0
HZ_20,Grower_227,Grower_8,2020,Tolerant,1.85,E,E,0,125300-538803,0,0,8,4,6,0,0,0,0
HZ_11,Grower_202,Grower_19,2021,Tolerant,0.9,SE,E,0,119635-566901,0,0,6,1,2,1,6,5,0
HZ_43,Grower_20,Grower_18,2021,Tolerant,0.95,SE,SE,0,234792-602112,0,0,1,0,0,0,1,3,0
HZ_3,Grower_134,Grower_52,2020,Tolerant,2.08,E,E,0,174545-582619,0,0,0,0,0,0,0,0,0
HZ_54,Grower_123,Grower_3,2020,Verysusceptible,0.49,SE,SE,0,170689-587613,0,0,6,0,2,0,0,0,0
HZ_46,Grower_259,Grower_3,2021,Susceptible,1.24,E,E,0,050313-363284,0,0,2,2,0,0,0,1,0
HZ_17,Grower_104,Grower_12,2021,Susceptible,1.75,E,E,0,180303-593112,0,0,6,3,4,0,0,2,0
HZ_4,Grower_280,Grower_1,2019,Verysusceptible,2.91,SE,E,1,088915-400641,0,0,6,2,2,1,4,0,0
HZ_11,Grower_105,Grower_9,2020,Tolerant,1.1,SE,SE,0,122367-571880,0,0,6,2,2,0,1,0,0
HZ_17,Grower_130,Grower_166,2019,Susceptible,2.75,SE,E,1,165262-582941,0,0,8,8,5,0,0,0,0
HZ_2,Grower_1,Grower_6,2022,Tolerant,0.24,SE,SE,0,252458-599275,0,0,1,0,1,0,0,0,0
HZ_3,Grower_130,Grower_42,2021,Tolerant,1.1,SE,-,0,166557-583360,0,0,2,1,1,0,0,0,0
HZ_9,Grower_187,Grower_67,2023,Verysusceptible,2.09,SE,SE,0,058115-371763,0,0,0,0,1,0,0,0,0
HZ_24,Grower_46,Grower_24,2023,Tolerant,1.95,SE,SE,0,221175-591757,0,0,0,0,0,0,0,0,0
HZ_12,Grower_264,Grower_15,2020,Susceptible,1.4,SE,E,0,061959-373259,0,0,0,0,0,0,0,0,0
HZ_61,Grower_431,Grower_168,2019,Susceptible,3.5,SE,SE,0,090415-421964,0,0,0,0,0,0,0,0,0
HZ_3,Grower_342,Grower_94,2020,Tolerant,0.74,SE,E,0,187090-517656,0,0,2,1,1,0,0,0,0
HZ_30,Grower_206,Grower_81,2023,Verysusceptible,0.54,PB4,E,0,114907-568301,0,0,7,2,4,0,0,4,0
HZ_8,Grower_39,Grower_111,2022,Tolerant,0.7,PB4,PB4,0,246150-605511,0,0,0,0,0,0,0,0,0
HZ_46,Grower_277,Grower_75,2019,Susceptible,1.35,E,E,0,084870-396831,0,0,2,0,1,0,0,0,0
HZ_15,Grower_275,Grower_21,2021,Verysusceptible,1.8,SE,SE,0,086254-393937,0,0,1,0,0,0,0,0,0
HZ_39,Grower_114,Grower_40,2021,Tolerant,1.25,SE,A,1,168999-590448,0,0,8,4,6,0,0,5,0
HZ_17,Grower_132,Grower_42,2019,Susceptible,1.1,SE,SE,0,161222-570611,0,0,8,1,3,0,0,0,0
HZ_4,Grower_182,Grower_89,2023,Verysusceptible,1.3,SE,E,0,189993-528794,0,0,1,0,1,0,0,0,0
HZ_3,Grower_127,Grower_75,2021,Tolerant,1.12,SE,SE,0,169041-583746,0,0,7,0,3,0,0,3,0
HZ_17,Grower_77,Grower_90,2020,Susceptible,0.71,SE,SE,0,205988-600275,0,0,3,0,1,0,0,0,0
HZ_4,Grower_238,Grower_2,2022,Verysusceptible,0.8,SE,SE,0,063219-369329,0,0,6,1,2,4,4,8,0
HZ_35,Grower_102,Grower_51,2022,Tolerant,3.0,E,E,0,183634-593321,0,0,7,2,3,1,7,7,0
HZ_8,Grower_114,Grower_58,2022,Tolerant,0.7,SE,SE,0,167936-587889,0,0,6,1,0,0,1,7,1
HZ_20,Grower_152,Grower_82,2022,Tolerant,0.6,SE,SE,0,173696-533126,0,0,2,1,1,1,0,1,1
HZ_36,Grower_91,Grower_53,2023,Tolerant,0.97,SE,SE,0,196064-599363,0,0,4,3,2,0,0,0,0
HZ_13,Grower_247,Grower_101,2022,Tolerant,2.25,SE,SE,0,038298-373096,0,0,3,2,2,0,0,1,0
HZ_46,Grower_259,Grower_3,2021,Susceptible,1.6,E,A,0,048849-365843,0,0,2,2,0,0,0,1,0
HZ_46,Grower_115,Grower_42,2022,Susceptible,1.58,S,A,0,182977-593899,0,0,0,0,0,0,0,0,0
HZ_20,Grower_203,Grower_76,2019,Tolerant,0.75,SE,A,0,228965-437189,0,0,8,1,3,0,0,0,0
HZ_4,Grower_284,Grower_1,2021,Verysusceptible,2.94,SE,SE,0,085738-401201,0,0,8,1,3,0,0,7,0
HZ_15,Grower_8,Grower_21,2020,Verysusceptible,1.35,SE,SE,0,248277-595244,0,0,0,0,0,0,0,0,0
HZ_3,Grower_302,Grower_18,2019,Tolerant,0.65,SE,A,0,245418-607948,0,0,1,1,0,0,0,0,0
HZ_17,Grower_83,Grower_52,2019,Susceptible,3.88,SE,A,0,196010-597764,0,0,6,5,5,1,0,0,0
HZ_2,Grower_282,Grower_99,2022,Tolerant,1.82,SE,A,0,234962-439425,0,0,1,0,0,2,0,4,0
HZ_79,Grower_196,Grower_4,2021,Tolerant,0.75,SE,SE,0,120300-567804,0,0,1,1,0,0,0,0,0
HZ_56,Grower_168,Grower_93,2021,Susceptible,0.4,SE,E,0,191264-528799,0,0,0,0,0,0,0,0,0
HZ_20,Grower_46,Grower_36,2019,Tolerant,1.27,SE,SE,0,223051-592342,0,0,0,0,0,0,0,0,0
HZ_47,Grower_252,Grower_42,2022,Verysusceptible,1.55,SE,A,0,052904-374477,0,0,2,1,2,0,2,2,0
HZ_4,Grower_132,Grower_66,2023,Verysusceptible,0.88,SE,E,0,160139-569261,0,0,2,1,1,1,0,1,1
HZ_5,Grower_280,Grower_92,2022,Susceptible,1.85,SE,SE,0,088217-401602,0,0,1,1,0,0,0,1,0
HZ_8,Grower_192,Grower_58,2019,Tolerant,1.88,E,E,0,223717-602955,0,0,8,6,6,0,0,0,0
HZ_17,Grower_175,Grower_93,2022,Susceptible,4.0,SE,E,1,172227-520397,0,0,8,2,0,0,0,0,0
HZ_37,Grower_203,Grower_97,2019,Tolerant,1.75,SE,A,0,229992-436709,0,0,2,0,1,0,0,0,0
HZ_3,Grower_19,Grower_20,2019,Tolerant,1.73,E,E,0,242285-602542,0,0,6,2,2,0,1,0,0
HZ_5,Grower_203,Grower_56,2023,Susceptible,3.35,SE,SE,0,229988-433947,0,0,0,0,0,0,0,0,0
HZ_17,Grower_132,Grower_52,2020,Susceptible,0.8,SE,SE,0,159936-569631,0,0,7,4,4,0,0,0,0
HZ_13,Grower_232,Grower_115,2022,Tolerant,0.6,E,A,0,115460-526969,0,0,6,0,2,0,0,3,0
HZ_5,Grower_121,Grower_8,2022,Susceptible,3.1,E,E,0,177712-584127,0,0,0,0,0,0,0,1,0
HZ_36,Grower_76,Grower_53,2023,Tolerant,0.65,PB4,-,0,201825-597692,0,0,4,3,2,0,0,0,0
HZ_20,Grower_275,Grower_29,2021,Tolerant,2.45,SE,SE,0,096098-406007,0,0,1,0,0,0,0,0,0
HZ_26,Grower_26,Grower_3,2023,Tolerant,1.5,E,A,0,237463-599590,0,0,0,0,0,0,0,0,0
HZ_52,Grower_438,Grower_1,2019,Tolerant,2.05,SE,A,0,219414-600849,0,0,0,0,0,0,0,0,0
HZ_5,Grower_158,Grower_86,2021,Susceptible,0.85,SE,SE,0,180329-499890,0,0,0,0,0,0,0,0,0
HZ_17,Grower_198,Grower_42,2021,Susceptible,2.1,S,A,1,116879-564277,0,0,0,0,0,0,0,0,0
HZ_20,Grower_351,Grower_1,2020,Tolerant,1.42,SE,SE,0,132927-538847,0,0,7,1,3,0,0,0,0
HZ_4,Grower_253,Grower_132,2019,Verysusceptible,3.35,SE,A,0,055865-408202,0,0,8,6,6,1,0,0,0
HZ_3,Grower_121,Grower_52,2022,Tolerant,1.0,SE,SE,0,177637-582299,0,0,0,0,0,0,0,1,0
HZ_5,Grower_236,Grower_33,2022,Susceptible,0.9,E,E,0,136642-521706,0,0,0,0,0,0,0,1,0
HZ_5,Grower_209,Grower_83,2020,Susceptible,2.6,SE,-,0,130309-525679,0,0,2,0,1,0,0,0,0
HZ_2,Grower_332,Grower_2,2020,Tolerant,1.0,SE,-,0,178366-591971,0,0,0,0,0,0,0,0,0
HZ_39,Grower_244,Grower_133,2020,Tolerant,3.25,SE,E,0,048209-361453,0,0,1,0,0,0,0,0,0
HZ_3,Grower_60,Grower_146,2021,Tolerant,1.1,SE,E,0,173563-517036,0,0,0,0,0,0,0,0,0
HZ_35,Grower_336,Grower_51,2019,Tolerant,1.28,E,E,0,176583-528113,0,0,8,8,5,0,5,0,0
HZ_46,Grower_187,Grower_75,2019,Susceptible,1.6,E,A,0,060380-371781,0,0,3,1,1,0,0,0,0
HZ_4,Grower_175,Grower_1,2021,Verysusceptible,1.95,SE,E,0,189538-518989,0,0,6,1,2,0,0,8,0
HZ_9,Grower_5,Grower_10,2023,Verysusceptible,0.85,SE,SE,0,250099-601160,0,0,7,1,6,2,0,3,0
HZ_20,Grower_215,Grower_12,2022,Tolerant,0.48,SE,SE,0,119452-537067,0,0,4,1,2,0,1,4,0
HZ_5,Grower_274,Grower_90,2019,Susceptible,1.1,SE,A,0,076677-401347,0,0,0,0,0,0,0,0,0
HZ_4,Grower_277,Grower_66,2023,Verysusceptible,2.0,SE,AF,0,076181-396206,0,0,2,1,1,1,0,1,1
HZ_20,Grower_351,Grower_83,2020,Tolerant,1.77,E,E,0,132927-538847,0,0,0,0,0,0,0,0,0
HZ_1,Grower_286,Grower_1,2020,Tolerant,1.12,SE,SE,0,253922-600198,0,0,3,0,1,0,0,0,0
HZ_77,Grower_409,Grower_33,2020,Tolerant,0.53,PB4,-,0,220062-595279,0,0,0,0,0,0,0,0,0
HZ_17,Grower_350,Grower_52,2022,Susceptible,1.44,SE,SE,0,134896-540970,0,0,5,0,2,0,0,0,0
HZ_3,Grower_86,Grower_163,2020,Tolerant,0.92,SE,SE,0,196248-600549,0,0,6,0,2,0,0,0,0
HZ_5,Grower_277,Grower_83,2021,Susceptible,4.4,SE,SE,0,076885-396970,0,0,0,0,0,0,0,0,0
HZ_4,Grower_182,Grower_63,2020,Verysusceptible,1.0,SE,A,1,188735-529699,0,0,4,0,1,0,0,0,0
HZ_5,Grower_234,Grower_33,2020,Susceptible,1.0,SE,A,0,120636-515963,0,0,0,0,0,0,0,0,0
HZ_4,Grower_271,Grower_49,2022,Verysusceptible,1.2,SE,SE,0,093717-407381,0,0,6,4,3,1,1,7,0
HZ_29,Grower_182,Grower_2,2021,Tolerant,1.1,SE,A,0,190193-529076,0,0,0,0,0,0,0,0,0
HZ_16,Grower_282,Grower_17,2019,Susceptible,1.72,SE,A,0,237091-434606,0,0,8,7,4,0,1,0,0
HZ_51,Grower_305,Grower_12,2021,Susceptible,1.13,SE,AF,1,247840-603224,0,0,0,0,0,0,0,0,0
HZ_17,Grower_220,Grower_90,2020,Susceptible,0.66,SE,SE,0,129585-543768,0,0,3,0,1,0,0,0,0
HZ_3,Grower_180,Grower_2,2023,Tolerant,0.8,SE,E,0,180062-537437,0,0,0,0,0,0,0,0,0
HZ_43,Grower_86,Grower_36,2020,Tolerant,0.3,SE,SE,0,198219-600236,0,0,6,2,2,1,1,0,0
HZ_12,Grower_178,Grower_146,2019,Susceptible,1.35,SE,SE,0,182058-529365,0,0,7,0,3,0,0,0,0
HZ_5,Grower_4,Grower_3,2019,Susceptible,1.07,SE,SE,0,252440-600916,0,0,0,0,0,0,0,0,0
HZ_20,Grower_87,Grower_116,2022,Tolerant,4.2,SE,SE,0,201672-600046,0,0,4,1,2,1,1,2,1
HZ_17,Grower_83,Grower_52,2019,Susceptible,1.45,SE,SE,0,195890-597750,0,0,6,5,5,1,0,0,0
HZ_24,Grower_79,Grower_24,2022,Tolerant,0.7,SE,SE,0,205762-593565,0,0,6,6,1,0,0,2,0
HZ_20,Grower_403,Grower_2,2021,Tolerant,2.9,SE,E,0,097861-404720,0,0,7,2,4,0,0,1,0
HZ_20,Grower_230,Grower_98,2019,Tolerant,0.93,E,E,0,123576-534947,0,0,8,8,5,0,4,0,0
HZ_5,Grower_332,Grower_47,2022,Susceptible,1.2,SE,SE,0,178919-592277,0,0,1,1,1,0,0,0,0
HZ_65,Grower_92,Grower_153,2019,Tolerant,0.55,SE,A,0,191246-598393,0,0,1,0,0,0,0,0,0
HZ_39,Grower_294,Grower_178,2019,Tolerant,2.36,SE,SE,0,237898-607362,0,0,7,6,4,0,0,0,0
HZ_17,Grower_236,Grower_40,2020,Susceptible,3.8,E,E,0,137283-521883,0,0,5,6,3,0,0,0,0
HZ_4,Grower_187,Grower_2,2023,Verysusceptible,2.57,SE,E,0,058323-371801,0,0,2,0,2,0,0,3,0
HZ_51,Grower_134,Grower_132,2021,Susceptible,1.5,E,E,0,171218-579630,0,0,6,6,1,1,2,5,0
HZ_14,Grower_8,Grower_19,2023,Susceptible,1.37,E,E,0,247643-595015,0,0,0,0,0,0,0,0,0
HZ_5,Grower_175,Grower_86,2023,Susceptible,5.8,SE,A,0,183509-527940,0,0,0,0,0,0,0,0,0
HZ_13,Grower_7,Grower_115,2022,Tolerant,3.0,E,E,0,260478-590598,0,0,6,0,2,0,0,3,0
HZ_8,Grower_74,Grower_28,2023,Tolerant,0.38,SE,A,0,227967-595591,0,0,0,0,0,0,0,0,0
HZ_20,Grower_354,Grower_29,2022,Tolerant,1.64,SE,SE,0,134795-526077,0,0,1,0,0,0,0,0,0
HZ_3,Grower_8,Grower_2,2019,Tolerant,2.02,E,A,0,248728-595491,0,0,1,1,0,0,0,0,0
HZ_12,Grower_199,Grower_52,2021,Susceptible,0.64,SE,SE,0,117419-565995,0,0,8,4,6,2,3,3,0
HZ_54,Grower_186,Grower_3,2020,Verysusceptible,1.1,SE,A,1,173704-515441,0,0,6,0,2,0,0,0,0
HZ_21,Grower_288,Grower_88,2019,Verysusceptible,0.42,SE,SE,0,254586-599347,0,0,0,0,0,0,0,0,0
HZ_11,Grower_200,Grower_19,2023,Tolerant,0.85,SE,SE,0,119020-571591,0,0,1,0,1,0,0,0,0
HZ_16,Grower_69,Grower_1,2022,Susceptible,1.0,SE,SE,0,226190-603364,0,0,1,0,1,0,1,1,0
HZ_3,Grower_33,Grower_3,2019,Tolerant,1.04,SE,A,0,246226-607096,0,0,0,0,0,0,0,0,0
HZ_21,Grower_174,Grower_90,2019,Verysusceptible,2.62,SE,A,1,039241-369280,0,0,8,8,5,0,0,0,0
HZ_20,Grower_155,Grower_12,2022,Tolerant,0.3,E,E,0,171970-524081,0,0,4,1,2,0,1,4,0
HZ_4,Grower_163,Grower_2,2020,Verysusceptible,3.6,E,B,0,153806-490734,0,0,2,0,1,0,1,0,0
HZ_20,Grower_282,Grower_1,2021,Tolerant,1.01,SE,A,0,233682-436596,0,0,8,5,2,0,0,8,0
HZ_35,Grower_152,Grower_51,2022,Tolerant,0.7,SE,SE,0,173696-533126,0,0,8,1,3,2,8,8,0
HZ_3,Grower_368,Grower_112,2020,Tolerant,0.15,E,E,0,160384-579415,0,0,0,0,0,0,0,0,0
HZ_35,Grower_90,Grower_40,2020,Tolerant,1.5,SE,A,0,198445-601339,0,0,8,8,5,0,8,0,0
HZ_4,Grower_275,Grower_9,2021,Verysusceptible,0.3,SE,E,0,083874-401907,0,0,5,1,2,0,0,4,0
HZ_7,Grower_130,Grower_66,2019,Tolerant,2.6,E,E,0,165262-582941,0,0,0,0,0,0,0,0,0
HZ_3,Grower_89,Grower_53,2023,Tolerant,0.25,SE,SE,0,196811-601318,0,0,2,0,0,0,0,3,0
HZ_12,Grower_187,Grower_15,2023,Susceptible,2.31,SE,A,0,057808-371010,0,0,1,0,1,1,0,2,0
HZ_2,Grower_93,Grower_178,2019,Tolerant,0.9,SE,SE,0,187943-595881,0,0,0,0,0,0,0,0,0
HZ_5,Grower_218,Grower_29,2023,Susceptible,2.62,SE,SE,0,117874-532420,0,0,1,1,0,0,0,0,0
HZ_42,Grower_97,Grower_66,2022,Verysusceptible,1.55,E,E,0,188142-596692,0,0,8,1,0,0,3,2,0
HZ_17,Grower_66,Grower_133,2021,Susceptible,0.75,SE,A,1,232967-600315,0,0,6,4,3,0,0,3,0
HZ_4,Grower_249,Grower_33,2020,Verysusceptible,2.69,SE,E,1,057733-363473,0,0,7,0,3,0,1,0,0
HZ_61,Grower_268,Grower_205,2019,Susceptible,2.93,SE,A,0,067193-399969,0,0,8,6,6,0,7,0,0
HZ_22,Grower_392,Grower_88,2021,Tolerant,0.38,SE,SE,0,174011-519843,0,0,3,1,1,0,0,0,0
HZ_8,Grower_347,Grower_48,2020,Tolerant,0.77,SE,E,0,186092-522149,0,0,2,1,1,0,0,0,0
HZ_17,Grower_132,Grower_42,2022,Susceptible,0.8,SE,E,0,159813-569514,0,0,2,1,1,1,1,2,0
HZ_3,Grower_161,Grower_86,2022,Tolerant,1.6,SE,A,0,182753-497578,0,0,1,0,1,0,0,1,0
HZ_20,Grower_236,Grower_99,2022,Tolerant,1.9,SE,SE,0,135645-521698,0,0,1,0,0,0,1,3,0
HZ_43,Grower_89,Grower_65,2021,Tolerant,0.5,SE,AF,0,202065-599774,0,0,6,1,2,0,1,2,0
HZ_17,Grower_3,Grower_23,2021,Susceptible,1.47,SE,SE,0,249667-594968,0,0,8,1,3,0,0,1,1
HZ_18,Grower_158,Grower_87,2023,Tolerant,0.6,SE,SE,0,179521-498988,0,0,0,0,0,0,0,0,0
HZ_4,Grower_35,Grower_4,2019,Verysusceptible,1.1,SE,A,0,247921-608017,0,0,4,1,1,0,0,0,0
HZ_16,Grower_282,Grower_8,2019,Susceptible,2.69,SE,A,0,237091-434606,0,0,8,8,5,0,0,0,0
HZ_20,Grower_87,Grower_28,2021,Tolerant,0.86,PB4,PB4,0,217955-592246,0,0,4,0,1,0,0,2,0
HZ_12,Grower_211,Grower_146,2020,Susceptible,1.69,E,E,0,130664-537393,0,0,2,1,1,0,0,0,0
HZ_38,Grower_236,Grower_12,2019,Tolerant,3.4,E,A,0,136850-521265,0,0,8,3,4,0,0,0,0
HZ_3,Grower_28,Grower_113,2022,Tolerant,1.0,SE,E,0,245590-597221,0,0,1,0,0,1,0,1,0
HZ_5,Grower_259,Grower_38,2022,Susceptible,1.4,E,A,0,049352-362924,0,0,8,2,0,1,0,8,0
HZ_17,Grower_383,Grower_61,2019,Susceptible,0.8,SE,-,0,165103-582849,0,0,6,4,3,0,0,0,0
HZ_3,Grower_397,Grower_74,2019,Tolerant,1.5,E,A,0,116534-563740,0,0,0,0,0,0,0,0,0
HZ_3,Grower_31,Grower_2,2020,Tolerant,1.89,SE,A,0,250592-603399,0,0,8,0,3,0,0,0,0
HZ_17,Grower_218,Grower_47,2019,Susceptible,2.83,SE,SE,0,116997-534755,0,0,8,8,5,0,0,0,0
HZ_16,Grower_87,Grower_32,2022,Susceptible,1.2,SE,SE,0,217515-591995,0,0,5,3,1,0,0,3,0
HZ_20,Grower_257,Grower_49,2023,Tolerant,1.5,SE,SE,0,023602-366152,0,0,0,0,0,0,0,1,0
HZ_32,Grower_342,Grower_44,2019,Susceptible,0.32,SE,A,0,187460-520721,0,0,6,4,3,0,0,0,0
HZ_17,Grower_89,Grower_93,2020,Susceptible,2.0,SE,SE,0,194702-600513,0,0,1,1,0,0,0,0,0
HZ_5,Grower_1,Grower_47,2022,Susceptible,2.5,SE,SE,0,252458-599275,0,0,1,1,1,0,0,0,0
HZ_11,Grower_247,Grower_12,2022,Tolerant,2.4,SE,SE,0,032005-369392,0,0,0,0,0,0,0,0,0
HZ_17,Grower_104,Grower_99,2020,Susceptible,2.3,E,E,0,181481-592199,0,0,0,0,0,0,0,0,0
HZ_4,Grower_231,Grower_1,2022,Verysusceptible,1.81,SE,SE,0,121636-538314,0,0,2,2,0,0,1,6,0
HZ_3,Grower_332,Grower_66,2021,Tolerant,1.4,SE,-,0,178275-592438,0,0,1,0,0,0,0,0,1
HZ_47,Grower_252,Grower_44,2021,Verysusceptible,3.35,SE,A,1,052554-374045,0,0,5,2,2,0,0,5,0
HZ_29,Grower_183,Grower_2,2020,Tolerant,4.36,SE,E,0,189809-529546,0,0,1,0,0,0,0,0,0
HZ_20,Grower_307,Grower_8,2022,Tolerant,1.08,SE,SE,0,218210-593015,0,0,6,0,5,0,1,6,0
HZ_3,Grower_68,Grower_58,2021,Tolerant,1.33,SE,SE,0,119579-576046,0,0,8,0,3,0,0,5,1
HZ_43,Grower_17,Grower_18,2022,Tolerant,0.5,SE,SE,0,241999-606084,0,0,4,1,1,1,1,2,1
HZ_3,Grower_125,Grower_75,2021,Tolerant,1.4,SE,-,0,160678-578460,0,0,7,0,3,0,0,3,0
HZ_16,Grower_277,Grower_49,2021,Susceptible,3.65,SE,SE,0,076524-396688,0,0,7,4,4,0,0,4,0
HZ_30,Grower_130,Grower_42,2023,Verysusceptible,0.8,PB4,-,0,166092-581916,0,0,3,0,2,0,0,1,0
HZ_20,Grower_209,Grower_82,2022,Tolerant,0.9,E,E,0,132184-543645,0,0,2,1,1,1,0,1,1
HZ_17,Grower_139,Grower_42,2021,Susceptible,2.65,S,E,1,162209-582930,0,0,0,0,0,0,0,0,0
HZ_22,Grower_280,Grower_153,2019,Tolerant,0.31,SE,SE,0,088915-400641,0,0,3,2,1,0,0,0,0
HZ_72,Grower_148,Grower_153,2020,Tolerant,2.75,SE,SE,0,176030-529784,0,0,0,0,0,0,0,0,0
HZ_4,Grower_253,Grower_49,2019,Verysusceptible,3.0,SE,A,0,055865-408202,0,0,7,3,5,0,2,0,0
HZ_20,Grower_206,Grower_147,2021,Tolerant,1.18,SE,SE,0,116011-568917,0,0,6,4,3,0,0,2,1
HZ_17,Grower_332,Grower_133,2021,Susceptible,1.0,SE,A,0,177730-592592,0,0,6,4,3,0,0,3,0
HZ_3,Grower_341,Grower_68,2021,Tolerant,0.93,SE,SE,0,168933-508425,0,0,2,0,1,0,0,0,0
HZ_65,Grower_93,Grower_49,2021,Tolerant,0.4,SE,SE,0,173841-590429,0,0,4,0,1,0,0,1,0
HZ_39,Grower_130,Grower_133,2020,Tolerant,0.74,SE,SE,0,166714-582808,0,0,1,0,0,0,0,0,0
HZ_5,Grower_175,Grower_86,2019,Susceptible,0.8,SE,SE,0,184274-528119,0,0,0,0,0,0,0,0,0
HZ_4,Grower_279,Grower_1,2020,Verysusceptible,2.2,SE,A,0,080923-401000,0,0,7,2,4,0,6,0,0
HZ_3,Grower_227,Grower_42,2021,Tolerant,1.19,SE,SE,0,126668-539344,0,0,2,1,1,0,0,0,0
HZ_61,Grower_322,Grower_63,2020,Susceptible,1.48,SE,SE,0,201232-600597,0,0,5,2,2,0,0,0,0
HZ_20,Grower_294,Grower_117,2019,Tolerant,0.47,SE,A,0,237898-607362,0,0,4,3,2,0,0,0,0
HZ_75,Grower_72,Grower_17,2021,Tolerant,3.9,E,E,0,239667-602234,0,0,0,0,0,0,0,0,0
HZ_5,Grower_272,Grower_33,2022,Susceptible,2.0,SE,SE,0,090261-397479,0,0,1,0,0,0,0,0,0
HZ_20,Grower_117,Grower_40,2023,Tolerant,0.85,SE,SE,0,171656-589490,0,0,1,0,0,0,0,0,0
HZ_17,Grower_236,Grower_83,2022,Susceptible,4.5,E,E,0,136848-521281,0,0,8,4,8,4,0,6,0
HZ_5,Grower_168,Grower_86,2021,Susceptible,3.79,SE,SE,0,189104-530531,0,0,0,0,0,0,0,0,0
HZ_4,Grower_270,Grower_49,2023,Verysusceptible,2.89,SE,AF,1,086079-403834,0,0,0,0,0,0,0,0,0
HZ_3,Grower_15,Grower_113,2020,Tolerant,1.42,SE,A,0,241140-606780,0,0,3,0,1,0,0,0,0
HZ_17,Grower_77,Grower_99,2020,Susceptible,0.76,SE,SE,0,205847-600385,0,0,0,0,0,0,0,0,0
HZ_22,Grower_275,Grower_115,2022,Tolerant,2.5,SE,SE,0,078366-403129,0,0,8,1,4,0,1,8,0
HZ_37,Grower_97,Grower_205,2019,Tolerant,0.1,PB2,-,0,188255-599107,0,0,0,0,0,0,0,0,0
HZ_3,Grower_77,Grower_65,2020,Tolerant,1.66,SE,SE,0,205577-600378,0,0,3,0,1,0,0,0,0
HZ_24,Grower_32,Grower_24,2023,Tolerant,0.48,SE,-,0,242655-601958,0,0,0,0,0,0,0,0,0
HZ_5,Grower_108,Grower_92,2022,Susceptible,1.8,E,E,0,181615-582872,0,0,1,1,0,0,0,1,0
HZ_20,Grower_114,Grower_40,2023,Tolerant,1.45,SE,SE,0,170168-590094,0,0,1,0,0,0,0,0,0
HZ_5,Grower_249,Grower_90,2019,Susceptible,1.2,SE,SE,0,050952-366045,0,0,0,0,0,0,0,0,0
HZ_3,Grower_121,Grower_58,2021,Tolerant,0.9,SE,SE,0,172657-580086,0,0,4,0,1,0,0,0,0
HZ_3,Grower_89,Grower_53,2023,Tolerant,0.1,SE,SE,0,196716-601489,0,0,2,0,0,0,0,3,0
HZ_3,Grower_168,Grower_48,2023,Tolerant,1.45,SE,SE,0,178984-529671,0,0,1,0,0,0,0,0,0
HZ_72,Grower_398,Grower_151,2019,Tolerant,0.45,S,SE,0,170704-527026,0,0,0,0,0,0,0,0,0
HZ_3,Grower_184,Grower_104,2021,Tolerant,1.5,SE,E,0,191543-525012,0,0,0,0,0,0,0,1,0
HZ_12,Grower_15,Grower_125,2021,Susceptible,0.92,SE,SE,0,238977-603647,0,0,7,5,6,0,3,2,0
HZ_37,Grower_203,Grower_92,2023,Tolerant,0.94,SE,E,0,235633-436600,0,0,4,0,0,0,0,0,0
HZ_11,Grower_5,Grower_102,2021,Tolerant,2.23,SE,SE,0,249710-601796,0,0,2,0,1,0,0,0,0
HZ_61,Grower_268,Grower_44,2021,Susceptible,1.9,SE,SE,0,067127-400098,0,0,2,0,1,0,0,1,0
HZ_17,Grower_204,Grower_52,2022,Susceptible,0.5,PB4,PB4,0,117635-564322,0,0,3,0,1,0,0,2,0
HZ_35,Grower_143,Grower_40,2023,Tolerant,1.23,SE,A,0,179294-527241,0,0,5,4,4,0,0,1,0
HZ_3,Grower_393,Grower_82,2021,Tolerant,0.8,SE,SE,0,191803-523917,0,0,0,0,0,0,0,0,0
HZ_39,Grower_206,Grower_36,2023,Tolerant,0.85,E,E,0,115117-567262,0,0,0,0,0,0,0,0,0
HZ_24,Grower_77,Grower_81,2020,Tolerant,0.92,SE,SE,0,205577-600378,0,0,0,0,0,0,0,0,0
HZ_3,Grower_63,Grower_33,2019,Tolerant,1.07,SE,SE,0,228087-597971,0,0,7,1,3,0,1,0,0
HZ_20,Grower_291,Grower_2,2021,Tolerant,3.26,SE,E,0,239057-599249,0,0,6,3,4,0,5,0,0
HZ_32,Grower_342,Grower_44,2021,Susceptible,1.18,SE,SE,0,187337-517433,0,0,1,0,0,0,0,0,0
HZ_3,Grower_160,Grower_32,2021,Tolerant,0.5,E,E,0,183326-496172,0,0,5,0,2,0,0,5,0
HZ_29,Grower_36,Grower_2,2020,Tolerant,1.8,E,E,0,246239-608568,0,0,0,0,0,0,0,0,0
HZ_12,Grower_218,Grower_36,2019,Susceptible,0.79,SE,SE,0,117379-538274,0,0,8,7,4,0,4,0,0
HZ_2,Grower_275,Grower_6,2023,Tolerant,2.4,SE,E,0,078286-402972,0,0,0,0,0,0,0,0,0
HZ_12,Grower_343,Grower_95,2022,Susceptible,2.55,SE,SE,0,183930-525629,0,0,6,5,6,3,2,6,1
HZ_39,Grower_87,Grower_42,2021,Tolerant,1.4,SE,SE,0,200072-600023,0,0,1,0,0,0,0,0,0
HZ_3,Grower_17,Grower_113,2019,Tolerant,1.8,SE,SE,0,242214-603309,0,0,0,0,0,0,0,0,0
HZ_56,Grower_181,Grower_49,2023,Susceptible,2.8,S,A,0,179561-529864,0,0,0,0,0,0,0,0,0
HZ_30,Grower_220,Grower_75,2023,Verysusceptible,0.53,SE,SE,0,129575-543600,0,0,6,1,1,0,0,2,0
HZ_3,Grower_137,Grower_66,2019,Tolerant,0.9,SE,SE,0,166511-579744,0,0,3,1,1,0,0,0,0
HZ_18,Grower_11,Grower_5,2021,Tolerant,1.11,SE,SE,0,251037-600593,0,0,2,0,1,1,0,2,0
HZ_58,Grower_311,Grower_17,2020,Susceptible,1.43,SE,SE,0,214707-589435,0,0,8,5,2,0,0,0,0
HZ_3,Grower_205,Grower_65,2022,Tolerant,1.5,E,E,0,118250-565763,0,0,3,0,1,0,0,5,0
HZ_8,Grower_161,Grower_82,2021,Tolerant,1.8,SE,SE,0,175598-508464,0,0,0,0,0,0,0,0,0
HZ_22,Grower_150,Grower_88,2023,Tolerant,1.0,SE,SE,0,176736-531080,0,0,0,0,0,0,0,0,0
HZ_3,Grower_321,Grower_68,2021,Tolerant,4.48,SE,A,1,237393-601985,0,0,4,1,1,0,0,1,0
HZ_43,Grower_124,Grower_61,2021,Tolerant,1.0,E,AF,1,158481-567404,0,0,2,0,1,0,0,0,0
HZ_3,Grower_217,Grower_50,2021,Tolerant,1.3,SE,SE,0,118844-541506,0,0,6,3,4,0,0,1,0
HZ_20,Grower_117,Grower_40,2019,Tolerant,2.75,E,E,0,172107-589924,0,0,8,6,6,0,2,0,0
HZ_5,Grower_236,Grower_42,2021,Susceptible,0.3,E,E,0,134885-522874,0,0,3,0,1,0,0,1,0
HZ_22,Grower_275,Grower_88,2020,Tolerant,1.05,SE,SE,0,076601-400999,0,0,3,0,1,0,0,0,0
HZ_20,Grower_279,Grower_90,2022,Tolerant,1.95,SE,SE,0,083263-399336,0,0,1,1,0,0,0,0,0
HZ_3,Grower_114,Grower_40,2023,Tolerant,1.3,E,E,0,171101-589388,0,0,4,0,1,0,0,1,0
HZ_4,Grower_267,Grower_89,2020,Verysusceptible,1.92,SE,E,0,094407-424051,0,0,0,0,0,0,0,0,0
HZ_19,Grower_283,Grower_22,2020,Verysusceptible,2.1,SE,A,0,173211-426186,0,0,4,4,2,0,0,0,0
HZ_32,Grower_186,Grower_44,2020,Susceptible,1.8,E,E,0,173154-515562,0,0,0,0,0,0,0,0,0
HZ_20,Grower_105,Grower_83,2020,Tolerant,1.1,SE,SE,0,117557-566203,0,0,4,0,1,0,0,0,0
HZ_19,Grower_261,Grower_24,2019,Verysusceptible,1.6,SE,A,0,057845-413238,0,0,8,8,5,0,0,0,0
HZ_46,Grower_195,Grower_3,2019,Susceptible,1.0,SE,A,0,117964-562049,0,0,3,0,1,0,0,0,0
HZ_17,Grower_151,Grower_47,2023,Susceptible,1.71,SE,E,0,186511-531757,0,0,3,0,2,1,0,1,0
HZ_3,Grower_294,Grower_49,2021,Tolerant,1.89,SE,SE,0,238504-605316,0,0,4,2,2,0,0,4,0
HZ_47,Grower_281,Grower_44,2022,Verysusceptible,1.0,SE,A,0,076921-395371,0,0,6,4,1,0,0,0,0
HZ_4,Grower_37,Grower_132,2019,Verysusceptible,0.56,SE,SE,0,246674-605626,0,0,8,6,6,1,0,0,0
HZ_20,Grower_153,Grower_71,2019,Tolerant,0.6,SE,SE,0,174567-536811,0,0,4,3,2,0,0,0,0
HZ_23,Grower_176,Grower_36,2021,Verysusceptible,1.92,SE,E,1,182098-530759,0,0,6,6,1,0,3,6,0
HZ_3,Grower_125,Grower_32,2021,Tolerant,0.47,PB4,-,0,160678-578460,0,0,5,0,2,0,0,5,0
HZ_3,Grower_89,Grower_53,2023,Tolerant,1.1,SE,SE,0,196716-601489,0,0,2,0,0,0,0,3,0
HZ_17,Grower_89,Grower_65,2021,Susceptible,3.7,SE,SE,0,195039-600576,0,0,7,1,3,0,1,6,0
HZ_51,Grower_248,Grower_55,2021,Susceptible,2.12,SE,E,1,060312-372494,0,0,8,4,6,0,1,5,0
HZ_12,Grower_31,Grower_117,2022,Susceptible,4.0,SE,SE,0,250711-606145,0,0,0,0,0,0,0,0,0
HZ_16,Grower_161,Grower_1,2023,Susceptible,1.95,SE,SE,0,175646-507784,0,0,3,0,2,0,0,0,0
HZ_43,Grower_104,Grower_18,2019,Tolerant,3.01,E,E,0,179710-592392,0,0,1,1,0,0,0,0,0
HZ_64,Grower_321,Grower_118,2020,Tolerant,1.56,SE,A,0,245748-609258,0,0,0,0,0,0,0,0,0
HZ_3,Grower_18,Grower_49,2019,Tolerant,0.91,SE,SE,0,232397-602268,0,0,2,2,0,0,0,0,0
HZ_3,Grower_256,Grower_82,2021,Tolerant,0.95,SE,SE,0,178225-532603,0,0,2,0,1,0,0,0,0
HZ_46,Grower_182,Grower_75,2022,Susceptible,0.6,E,E,0,189810-530400,0,0,8,5,0,1,8,8,0
HZ_24,Grower_238,Grower_24,2020,Tolerant,1.8,SE,A,0,058143-363278,0,0,1,1,0,0,0,0,0
HZ_20,Grower_408,Grower_112,2020,Tolerant,0.9,SE,SE,0,246495-598543,0,0,8,2,3,0,2,0,0
HZ_49,Grower_154,Grower_133,2019,Susceptible,0.57,SE,SE,0,171010-532020,0,0,1,0,0,0,0,0,0
HZ_3,Grower_91,Grower_65,2023,Tolerant,0.89,SE,-,0,197792-599646,0,0,1,0,0,0,0,0,0
HZ_12,Grower_173,Grower_105,2022,Susceptible,0.95,SE,A,1,191043-516416,0,0,6,1,2,2,1,7,0
HZ_5,Grower_154,Grower_86,2020,Susceptible,0.45,SE,E,0,171704-533175,0,0,0,0,0,0,0,0,0
HZ_3,Grower_85,Grower_63,2023,Tolerant,0.92,SE,A,0,214440-594107,0,0,0,0,0,0,0,0,0
HZ_24,Grower_203,Grower_40,2020,Tolerant,3.37,SE,E,0,230208-431902,0,0,4,1,1,0,0,0,0
HZ_2,Grower_282,Grower_6,2021,Tolerant,2.56,SE,SE,0,230034-433404,0,0,3,1,1,0,0,1,0
HZ_20,Grower_288,Grower_82,2020,Tolerant,0.84,E,E,0,254010-600590,0,0,1,0,0,1,0,0,0
HZ_39,Grower_293,Grower_36,2019,Tolerant,1.85,SE,SE,0,234184-605623,0,0,6,1,2,0,2,0,0
HZ_4,Grower_250,Grower_64,2019,Verysusceptible,2.15,SE,A,1,018166-372007,0,0,7,4,4,1,1,0,0
HZ_3,Grower_360,Grower_47,2020,Tolerant,0.6,E,E,0,270116-573663,0,0,0,0,0,0,0,0,0
HZ_36,Grower_119,Grower_11,2022,Tolerant,1.2,SE,SE,0,176638-581613,0,0,2,1,0,0,0,4,1
HZ_12,Grower_173,Grower_105,2022,Susceptible,2.2,SE,A,1,183356-522551,0,0,6,1,2,2,1,7,0
HZ_15,Grower_275,Grower_21,2023,Verysusceptible,0.15,SE,A,0,087187-399536,0,0,5,0,4,0,0,0,0
HZ_13,Grower_7,Grower_176,2020,Tolerant,1.2,SE,A,1,264086-590158,7,0,8,1,3,0,1,0,0
HZ_17,Grower_114,Grower_47,2021,Susceptible,1.65,SE,SE,0,170882-588918,0,0,5,0,2,0,1,4,0
HZ_42,Grower_277,Grower_66,2023,Verysusceptible,2.5,SE,SE,0,075475-392487,0,0,8,2,6,0,0,3,1
HZ_3,Grower_12,Grower_12,2019,Tolerant,1.0,SE,E,0,253952-599100,0,0,3,1,1,0,0,0,0
HZ_3,Grower_185,Grower_138,2022,Tolerant,1.24,E,E,0,176802-521226,0,0,0,0,0,0,0,0,0
HZ_3,Grower_161,Grower_66,2020,Tolerant,0.41,E,E,0,175553-507464,0,0,0,0,0,0,0,0,0
HZ_40,Grower_123,Grower_65,2023,Tolerant,1.0,SE,SE,0,170690-587608,0,0,0,0,0,0,0,0,0
HZ_30,Grower_213,Grower_81,2023,Verysusceptible,0.2,PB4,PB4,0,134622-542880,0,0,7,2,4,0,0,4,0
HZ_21,Grower_12,Grower_11,2020,Verysusceptible,0.8,SE,SE,0,254439-598953,0,0,5,4,3,0,1,0,0
HZ_27,Grower_275,Grower_2,2019,Tolerant,3.0,SE,A,0,089515-397814,0,0,3,0,1,0,1,0,0
HZ_30,Grower_105,Grower_81,2023,Verysusceptible,1.9,SE,E,0,121764-571874,0,0,7,2,4,0,0,4,0
HZ_17,Grower_89,Grower_19,2019,Susceptible,2.2,SE,A,0,195019-600827,0,0,8,8,5,1,0,0,0
HZ_58,Grower_201,Grower_93,2022,Susceptible,2.0,SE,SE,0,089319-402841,0,0,6,2,4,0,0,2,0
HZ_17,Grower_99,Grower_47,2021,Susceptible,0.3,E,E,0,193770-598572,0,0,5,0,2,0,1,4,0
HZ_61,Grower_374,Grower_44,2020,Susceptible,1.1,SE,E,0,103682-470737,0,0,6,0,2,0,0,0,0
HZ_3,Grower_214,Grower_83,2022,Tolerant,0.37,SE,-,0,130670-543967,0,0,1,0,1,0,0,3,0
HZ_20,Grower_392,Grower_82,2020,Tolerant,1.74,SE,SE,0,173817-520081,0,0,0,0,0,0,0,0,0
HZ_17,Grower_205,Grower_42,2019,Susceptible,1.1,SE,SE,0,113125-561758,0,0,8,1,3,0,0,0,0
HZ_20,Grower_91,Grower_32,2021,Tolerant,1.53,SE,SE,0,197119-600340,0,0,6,3,4,0,0,1,1
HZ_3,Grower_35,Grower_163,2020,Tolerant,3.2,E,E,0,245635-606196,0,0,6,0,2,0,0,0,0
HZ_43,Grower_324,Grower_76,2019,Tolerant,0.6,E,A,0,190037-599508,0,0,8,6,6,0,0,0,0
HZ_80,Grower_71,Grower_58,2019,Verysusceptible,1.7,SE,SE,0,228749-602715,0,0,0,0,0,0,0,0,0
HZ_38,Grower_122,Grower_4,2020,Tolerant,1.22,SE,-,0,174677-590593,0,0,0,0,0,0,0,0,0
HZ_3,Grower_18,Grower_50,2022,Tolerant,0.86,PB4,PB4,0,232404-602699,0,0,7,2,2,1,0,5,0
HZ_14,Grower_102,Grower_74,2019,Susceptible,1.85,PB2,PB2,0,183637-593312,0,0,0,0,0,0,0,0,0
HZ_10,Grower_259,Grower_17,2021,Tolerant,2.1,SE,E,0,051074-361844,0,0,0,0,0,0,0,2,0
HZ_72,Grower_155,Grower_151,2019,Tolerant,1.8,SE,A,0,173069-524382,0,0,0,0,0,0,0,0,0
HZ_4,Grower_241,Grower_1,2023,Verysusceptible,1.4,SE,SE,0,017612-373595,0,0,0,0,0,0,0,0,0
HZ_20,Grower_84,Grower_116,2021,Tolerant,2.5,SE,SE,0,196158-598623,0,0,4,1,1,0,0,1,1
HZ_17,Grower_91,Grower_42,2022,Susceptible,1.92,SE,-,0,196076-599173,0,0,2,1,1,1,1,2,0
HZ_12,Grower_211,Grower_67,2022,Susceptible,1.34,SE,SE,0,131414-543050,0,0,0,0,0,0,0,1,0
HZ_39,Grower_130,Grower_133,2020,Tolerant,2.0,SE,A,0,166947-582622,0,0,1,0,0,0,0,0,0
HZ_4,Grower_91,Grower_52,2022,Verysusceptible,2.21,SE,SE,0,197698-598103,0,0,4,0,1,0,0,0,0
HZ_46,Grower_187,Grower_75,2023,Susceptible,1.07,SE,E,1,063048-373113,0,0,0,0,0,0,0,0,0
HZ_4,Grower_175,Grower_82,2021,Verysusceptible,2.0,SE,SE,0,189538-518989,0,0,4,2,2,0,0,0,0
HZ_35,Grower_209,Grower_51,2021,Tolerant,3.3,SE,SE,0,132050-543846,0,0,8,7,4,0,8,7,0
HZ_17,Grower_175,Grower_93,2020,Susceptible,2.15,SE,SE,0,171976-520678,0,0,1,1,0,0,0,0,0
HZ_17,Grower_106,Grower_68,2020,Susceptible,0.76,SE,A,1,129419-533364,0,0,8,7,4,0,0,0,0
HZ_31,Grower_87,Grower_113,2020,Tolerant,2.0,SE,SE,0,204796-592650,0,0,0,0,0,0,0,0,0
HZ_54,Grower_152,Grower_18,2023,Verysusceptible,1.65,SE,E,0,174108-533242,0,0,0,0,0,0,0,0,0
HZ_4,Grower_284,Grower_52,2022,Verysusceptible,4.3,SE,E,0,085957-401396,0,0,1,0,0,0,0,0,0
HZ_39,Grower_100,Grower_90,2022,Tolerant,1.0,SE,SE,0,178295-587693,0,0,1,0,1,1,0,2,0
HZ_8,Grower_11,Grower_114,2019,Tolerant,1.06,SE,A,0,250922-599766,0,0,2,0,1,0,0,0,0
HZ_33,Grower_143,Grower_40,2022,Tolerant,1.95,SE,E,1,177785-519718,0,0,0,0,0,0,0,2,0
HZ_43,Grower_114,Grower_18,2021,Tolerant,0.95,SE,SE,0,170882-588918,0,0,1,0,0,0,1,3,0
HZ_24,Grower_283,Grower_81,2020,Tolerant,1.6,SE,E,0,172137-426269,0,0,0,0,0,0,0,0,0
HZ_54,Grower_345,Grower_1,2021,Verysusceptible,0.8,SE,A,1,186270-527840,0,0,7,6,4,0,3,7,0
HZ_3,Grower_70,Grower_50,2022,Tolerant,0.95,SE,-,0,226503-595593,0,0,7,2,2,1,0,5,0
HZ_5,Grower_244,Grower_90,2021,Susceptible,2.3,SE,A,1,048033-368081,0,0,2,3,0,0,0,2,0
HZ_43,Grower_99,Grower_110,2021,Tolerant,1.1,PB4,PB4,0,193917-598397,0,0,7,1,3,0,0,1,1
HZ_64,Grower_321,Grower_118,2020,Tolerant,1.56,SE,A,0,245748-609258,0,0,0,0,0,0,0,0,0
HZ_13,Grower_406,Grower_153,2019,Tolerant,1.15,SE,A,0,276107-583562,0,0,1,1,0,0,0,0,0
HZ_12,Grower_67,Grower_45,2019,Susceptible,2.31,SE,A,0,234282-599089,0,0,3,0,1,0,0,0,0
HZ_3,Grower_74,Grower_1,2021,Tolerant,1.36,E,E,0,227852-595159,0,0,5,2,2,0,0,5,1
HZ_20,Grower_89,Grower_28,2023,Tolerant,4.1,SE,SE,0,194101-600456,0,0,2,1,1,0,0,2,0
HZ_3,Grower_67,Grower_1,2023,Tolerant,0.36,SE,A,0,233579-599527,0,0,1,0,0,0,0,0,0
HZ_75,Grower_72,Grower_17,2019,Tolerant,0.75,SE,A,0,223500-597970,0,0,7,1,3,0,0,0,0
HZ_80,Grower_332,Grower_37,2019,Verysusceptible,0.4,SE,-,0,178690-592322,0,0,1,1,0,0,0,0,0
HZ_2,Grower_91,Grower_2,2023,Tolerant,0.76,SE,-,0,198202-598710,0,0,4,0,1,0,0,0,0
HZ_21,Grower_168,Grower_89,2020,Verysusceptible,3.2,SE,SE,0,191373-528573,0,0,0,0,0,0,0,0,0
HZ_20,Grower_203,Grower_76,2019,Tolerant,1.81,SE,E,0,230419-435547,0,0,8,1,3,0,0,0,0
HZ_3,Grower_122,Grower_40,2019,Tolerant,0.82,SE,SE,0,175689-589669,0,0,0,0,0,0,0,0,0
HZ_3,Grower_121,Grower_75,2020,Tolerant,1.05,SE,SE,0,172500-579917,0,0,1,0,0,0,0,0,0
HZ_21,Grower_256,Grower_151,2021,Verysusceptible,0.38,SE,E,0,178525-532575,0,0,2,0,1,0,0,0,0
HZ_35,Grower_279,Grower_40,2020,Tolerant,2.65,SE,A,0,084480-397621,0,0,8,8,5,0,8,0,0
HZ_16,Grower_206,Grower_32,2021,Susceptible,1.9,E,E,0,114592-568474,0,0,5,4,3,0,0,2,0
HZ_4,Grower_356,Grower_1,2020,Verysusceptible,2.6,SE,A,1,100796-476408,0,0,6,2,2,0,3,0,0
HZ_4,Grower_10,Grower_9,2021,Verysusceptible,1.56,E,E,0,262062-584654,0,0,5,1,2,0,0,4,0
HZ_37,Grower_203,Grower_59,2020,Tolerant,1.87,SE,A,0,236027-441530,0,0,0,0,0,0,0,0,0
HZ_19,Grower_11,Grower_24,2023,Verysusceptible,0.71,SE,SE,0,251126-601056,0,0,3,3,0,0,0,3,0
HZ_17,Grower_60,Grower_58,2023,Susceptible,1.85,SE,E,1,173524-516636,0,0,0,0,0,0,0,0,0
HZ_20,Grower_209,Grower_83,2020,Tolerant,0.4,SE,SE,0,132435-534926,0,0,3,1,1,0,0,0,0
HZ_39,Grower_87,Grower_61,2021,Tolerant,0.5,SE,E,1,204068-591923,0,0,0,0,0,0,0,0,0
HZ_2,Grower_154,Grower_81,2019,Tolerant,0.54,SE,SE,0,171331-532579,0,0,0,0,0,0,0,0,0
HZ_20,Grower_41,Grower_82,2019,Tolerant,0.32,SE,SE,0,245689-598230,0,0,1,1,0,0,0,0,0
HZ_8,Grower_27,Grower_48,2020,Tolerant,3.8,E,E,0,242403-605286,0,0,2,1,1,0,0,0,0
HZ_11,Grower_139,Grower_102,2021,Tolerant,1.3,SE,SE,0,161825-583201,0,0,2,0,1,0,0,0,0
HZ_3,Grower_365,Grower_150,2021,Tolerant,1.0,SE,SE,0,244752-601263,0,0,3,1,1,0,0,6,1
HZ_12,Grower_176,Grower_95,2021,Susceptible,0.56,SE,SE,0,178536-531089,0,0,5,4,3,2,0,6,0
HZ_20,Grower_429,Grower_83,2019,Tolerant,1.0,SE,A,0,118664-525585,0,0,8,3,4,0,0,0,0
HZ_3,Grower_168,Grower_65,2021,Tolerant,2.02,SE,SE,0,187909-531519,0,0,0,0,0,0,0,0,0
HZ_19,Grower_283,Grower_24,2021,Verysusceptible,2.23,SE,SE,0,173594-426034,0,0,2,0,1,0,0,1,1
HZ_49,Grower_161,Grower_41,2023,Susceptible,2.16,SE,E,0,160051-490945,0,0,0,0,0,0,0,0,0
HZ_3,Grower_346,Grower_94,2019,Tolerant,3.75,SE,SE,0,179207-552073,0,0,1,1,0,0,0,0,0
HZ_3,Grower_392,Grower_104,2020,Tolerant,0.87,SE,E,0,173817-520081,0,0,0,0,0,0,0,0,0
HZ_40,Grower_339,Grower_65,2021,Tolerant,0.28,PB3,-,0,209683-592998,0,0,3,2,1,0,0,0,0
HZ_17,Grower_106,Grower_133,2019,Susceptible,1.13,SE,SE,0,129654-532998,0,0,8,7,4,0,4,0,0
HZ_12,Grower_253,Grower_67,2022,Susceptible,0.75,SE,E,0,055180-408344,0,0,0,0,0,0,0,1,0
HZ_37,Grower_203,Grower_59,2021,Tolerant,2.07,SE,E,0,231967-436014,0,0,0,0,0,0,0,0,0
HZ_3,Grower_108,Grower_1,2020,Tolerant,1.9,E,A,0,181129-584806,0,0,1,0,0,0,0,0,0
HZ_20,Grower_34,Grower_82,2020,Tolerant,0.85,SE,E,0,245268-606874,0,0,1,0,0,1,0,0,0
HZ_29,Grower_105,Grower_83,2019,Tolerant,0.8,PB3,A,0,121765-572161,0,0,1,1,0,0,0,0,0
HZ_20,Grower_328,Grower_68,2021,Tolerant,0.6,PB4,PB4,0,187356-596733,0,0,8,6,6,0,0,0,0
HZ_13,Grower_111,Grower_40,2020,Tolerant,0.39,SE,SE,0,174281-589097,0,0,5,1,2,0,2,0,0
HZ_47,Grower_168,Grower_42,2022,Verysusceptible,3.0,SE,A,0,189488-525716,0,0,1,0,1,0,1,3,0
HZ_65,Grower_93,Grower_49,2019,Tolerant,1.17,E,E,0,182703-595319,0,0,4,2,2,0,0,0,0
HZ_65,Grower_351,Grower_104,2019,Tolerant,0.37,SE,-,0,131732-539868,0,0,1,0,0,0,0,0,0
HZ_31,Grower_203,Grower_113,2020,Tolerant,5.28,SE,SE,0,230773-446059,0,0,0,0,0,0,0,0,0
HZ_13,Grower_10,Grower_22,2021,Tolerant,2.65,SE,SE,0,262062-584654,0,0,4,1,1,0,0,1,0
HZ_19,Grower_288,Grower_24,2019,Verysusceptible,0.77,SE,SE,0,254418-599198,0,0,8,8,5,0,0,0,0
HZ_38,Grower_161,Grower_40,2020,Tolerant,0.51,SE,SE,0,170599-504553,0,0,3,1,1,0,0,0,0
HZ_11,Grower_138,Grower_102,2021,Tolerant,0.85,SE,SE,0,167810-580688,0,0,2,0,1,0,0,0,0
HZ_20,Grower_332,Grower_116,2022,Tolerant,0.45,PB4,PB4,0,179205-591434,0,0,4,1,0,2,0,1,0
HZ_12,Grower_240,Grower_210,2019,Susceptible,1.75,SE,SE,0,028814-376567,0,0,0,0,0,0,0,0,0
HZ_48,Grower_51,Grower_58,2020,Verysusceptible,2.25,SE,A,0,214045-586144,0,0,6,2,2,0,0,0,0
HZ_5,Grower_216,Grower_90,2019,Susceptible,0.95,SE,SE,0,118646-536352,0,0,0,0,0,0,0,0,0
HZ_4,Grower_158,Grower_2,2020,Verysusceptible,2.17,E,E,0,179481-498776,0,0,6,4,3,0,2,0,0
HZ_53,Grower_168,Grower_228,2019,Tolerant,2.4,PB3,A,0,189433-525701,0,0,0,0,0,0,0,0,0
HZ_5,Grower_244,Grower_56,2023,Susceptible,3.3,SE,SE,0,047836-362374,0,0,0,0,0,0,0,0,0
HZ_46,Grower_259,Grower_75,2022,Susceptible,1.2,E,B,0,048498-362516,0,0,8,5,0,1,8,8,0
HZ_3,Grower_21,Grower_112,2020,Tolerant,3.7,E,E,0,239994-606677,0,0,0,0,0,0,0,0,0
HZ_20,Grower_149,Grower_82,2021,Tolerant,1.02,SE,SE,0,177473-526535,0,0,1,0,0,1,0,0,0
HZ_43,Grower_99,Grower_18,2019,Tolerant,2.75,SE,E,0,199606-596134,0,0,1,1,0,0,0,0,0
HZ_20,Grower_209,Grower_90,2023,Tolerant,2.7,E,E,0,135780-540390,0,0,4,0,4,0,0,0,0
HZ_3,Grower_423,Grower_18,2019,Tolerant,0.86,SE,A,0,169749-507908,0,0,1,1,0,0,0,0,0
HZ_43,Grower_83,Grower_65,2020,Tolerant,2.0,SE,SE,0,192330-596876,0,0,6,4,3,0,2,0,0
HZ_47,Grower_282,Grower_44,2021,Verysusceptible,1.43,SE,A,0,230567-436349,0,0,5,2,2,0,0,5,0
HZ_46,Grower_182,Grower_42,2021,Susceptible,0.9,SE,AF,0,184934-530867,0,0,8,7,4,2,0,2,1
HZ_53,Grower_143,Grower_36,2022,Tolerant,2.9,SE,SE,0,178091-528292,0,0,5,5,0,0,4,5,0
HZ_20,Grower_230,Grower_51,2022,Tolerant,1.4,SE,SE,0,123347-534881,0,0,8,3,3,1,1,2,0
HZ_54,Grower_345,Grower_94,2022,Verysusceptible,0.4,SE,SE,0,185861-527373,0,0,6,6,3,0,0,4,1
HZ_46,Grower_152,Grower_86,2020,Susceptible,0.24,E,E,0,173225-535654,0,0,0,0,0,0,0,0,0
HZ_3,Grower_322,Grower_53,2022,Tolerant,0.86,SE,SE,0,202920-600289,0,0,6,2,0,0,0,7,0
HZ_20,Grower_288,Grower_36,2019,Tolerant,1.16,SE,E,0,254276-598622,0,0,5,2,2,0,1,0,0
HZ_13,Grower_239,Grower_64,2019,Tolerant,1.55,SE,SE,0,018093-373316,0,0,3,0,1,0,0,0,0
HZ_37,Grower_389,Grower_44,2019,Tolerant,1.1,SE,SE,0,175418-533701,0,0,8,7,4,0,0,0,0
HZ_17,Grower_91,Grower_12,2021,Susceptible,0.96,SE,A,0,195357-599337,0,0,6,3,4,0,0,2,0
HZ_46,Grower_277,Grower_99,2020,Susceptible,2.5,SE,A,0,076264-397011,0,0,3,2,1,0,0,0,0
HZ_18,Grower_389,Grower_5,2021,Tolerant,2.75,E,E,0,175882-533489,0,0,2,0,1,1,0,2,0
HZ_31,Grower_240,Grower_5,2023,Tolerant,1.1,SE,SE,0,031676-370422,0,0,2,1,0,0,0,8,0
HZ_20,Grower_91,Grower_116,2019,Tolerant,2.5,SE,SE,0,199879-602002,0,0,5,4,3,0,0,0,0
HZ_39,Grower_20,Grower_133,2019,Tolerant,1.08,SE,A,0,233351-602310,0,0,1,0,0,0,3,0,0
HZ_56,Grower_151,Grower_49,2021,Susceptible,1.5,SE,A,1,164675-539710,0,0,7,4,4,1,0,6,0
HZ_39,Grower_89,Grower_36,2019,Tolerant,0.1,E,E,0,200317-601346,0,0,7,2,4,0,1,0,0
HZ_3,Grower_99,Grower_32,2021,Tolerant,0.5,PB4,PB4,0,193917-598397,0,0,5,0,2,0,0,5,0
HZ_3,Grower_347,Grower_104,2020,Tolerant,0.5,SE,E,0,186092-522149,0,0,0,0,0,0,0,0,0
HZ_38,Grower_66,Grower_12,2019,Tolerant,4.27,SE,E,0,229358-597916,0,0,8,1,3,0,0,0,0
HZ_4,Grower_356,Grower_52,2021,Verysusceptible,1.31,SE,E,1,101151-476404,0,0,7,0,3,0,0,0,0
HZ_8,Grower_277,Grower_58,2020,Tolerant,1.0,SE,SE,0,085064-396787,0,0,2,1,1,0,1,0,0
HZ_5,Grower_74,Grower_38,2020,Susceptible,1.5,E,E,0,228132-595089,0,0,0,0,0,0,0,0,0
HZ_21,Grower_13,Grower_11,2021,Verysusceptible,1.37,E,A,1,247212-593634,0,0,6,5,5,0,0,6,1
HZ_24,Grower_330,Grower_24,2022,Tolerant,0.71,SE,SE,0,174534-589579,0,0,6,6,1,0,0,2,0
HZ_4,Grower_9,Grower_117,2019,Verysusceptible,1.52,SE,B,0,263586-581529,0,0,6,3,4,0,0,0,0
HZ_14,Grower_252,Grower_29,2020,Susceptible,2.1,SE,SE,0,051110-372451,0,0,1,0,0,0,0,0,0
HZ_3,Grower_185,Grower_137,2022,Tolerant,0.58,SE,E,0,178864-515553,0,0,3,3,0,0,0,6,0
HZ_4,Grower_277,Grower_79,2020,Verysusceptible,4.15,SE,A,0,076789-396671,0,0,1,0,0,0,2,0,0
HZ_3,Grower_359,Grower_110,2022,Tolerant,3.2,SE,A,0,070276-435977,0,0,1,0,0,0,0,1,1
HZ_3,Grower_168,Grower_93,2022,Tolerant,1.4,SE,E,0,187869-531415,0,0,3,0,0,0,0,2,0
HZ_20,Grower_68,Grower_83,2019,Tolerant,1.0,SE,SE,0,118187-563559,0,0,8,4,6,1,0,0,0
HZ_3,Grower_129,Grower_41,2019,Tolerant,1.15,SE,-,0,159282-579214,0,0,1,1,0,0,0,0,0
HZ_17,Grower_66,Grower_52,2022,Susceptible,0.56,E,E,0,228851-600042,0,0,4,0,2,0,0,0,0
HZ_46,Grower_115,Grower_75,2023,Susceptible,0.89,SE,SE,0,177348-589384,0,0,0,0,0,0,0,0,0
HZ_55,Grower_162,Grower_48,2022,Tolerant,0.26,SE,-,0,165725-491088,0,0,3,2,1,1,1,7,0
HZ_3,Grower_133,Grower_42,2022,Tolerant,2.6,E,E,0,169320-586294,0,0,1,0,0,0,1,2,0
HZ_19,Grower_448,Grower_237,2019,Verysusceptible,0.9,E,A,1,176298-529591,0,0,0,0,0,0,0,0,0
HZ_3,Grower_65,Grower_1,2021,Tolerant,1.12,SE,SE,0,226681-603076,0,0,7,1,3,0,0,3,0
HZ_54,Grower_343,Grower_1,2020,Verysusceptible,2.83,SE,E,1,184963-527637,0,0,8,5,2,0,0,0,0
HZ_17,Grower_204,Grower_47,2023,Susceptible,0.7,SE,SE,0,117518-564547,0,0,3,0,2,1,0,1,0
HZ_56,Grower_151,Grower_49,2019,Susceptible,2.1,SE,A,0,160929-542834,0,0,4,1,1,0,0,0,0
HZ_20,Grower_121,Grower_1,2020,Tolerant,0.77,SE,E,0,172460-580591,0,0,7,1,3,0,0,0,0
HZ_20,Grower_282,Grower_12,2021,Tolerant,1.24,SE,E,0,226969-439001,0,0,7,2,4,0,1,6,1
HZ_17,Grower_315,Grower_133,2020,Susceptible,2.42,SE,SE,0,229789-596675,0,0,8,3,4,0,0,0,0
HZ_61,Grower_374,Grower_44,2020,Susceptible,0.16,SE,E,0,103682-470737,0,0,6,0,2,0,0,0,0
HZ_4,Grower_108,Grower_64,2023,Verysusceptible,0.18,E,E,0,181164-584811,0,0,3,0,0,0,0,3,0
HZ_8,Grower_11,Grower_58,2021,Tolerant,0.99,SE,SE,0,250760-601601,0,0,1,0,0,0,0,1,0
HZ_20,Grower_196,Grower_90,2023,Tolerant,1.4,E,E,0,120120-564674,0,0,0,0,0,0,0,0,0
HZ_16,Grower_346,Grower_17,2022,Susceptible,0.41,SE,SE,0,180258-550572,0,0,0,0,0,0,0,0,0
HZ_48,Grower_255,Grower_58,2020,Verysusceptible,0.3,SE,A,0,046021-369399,0,0,6,2,2,0,0,0,0
HZ_35,Grower_3,Grower_201,2019,Tolerant,3.36,E,A,0,248160-596430,0,0,8,8,5,0,4,0,0
HZ_7,Grower_79,Grower_59,2022,Tolerant,0.9,SE,SE,0,202121-594120,0,0,1,1,0,0,0,0,0
HZ_20,Grower_206,Grower_29,2021,Tolerant,1.1,E,E,0,114517-565423,0,0,1,0,0,0,0,0,0
HZ_1,Grower_34,Grower_1,2022,Tolerant,1.62,SE,SE,0,245688-608189,0,0,1,1,0,0,0,0,0
HZ_24,Grower_251,Grower_24,2023,Tolerant,2.3,SE,SE,0,058259-372662,0,0,0,0,0,0,0,0,0
HZ_16,Grower_187,Grower_32,2023,Susceptible,2.08,SE,E,0,062950-372862,0,0,6,0,0,7,0,0,0
HZ_47,Grower_252,Grower_44,2022,Verysusceptible,1.65,SE,A,0,052904-374477,0,0,6,4,1,0,0,0,0
HZ_38,Grower_195,Grower_12,2020,Tolerant,1.4,E,E,0,118385-562585,0,0,1,0,0,0,0,0,0
HZ_3,Grower_38,Grower_113,2022,Tolerant,2.4,SE,SE,0,247472-605535,0,0,1,0,0,1,0,1,0
HZ_46,Grower_180,Grower_86,2020,Susceptible,0.8,SE,SE,0,180062-537467,0,0,0,0,0,0,0,0,0
HZ_20,Grower_286,Grower_11,2019,Tolerant,0.38,SE,A,0,254693-600359,0,0,4,1,1,0,1,0,0
HZ_20,Grower_247,Grower_82,2019,Tolerant,0.45,SE,A,0,037994-373197,0,0,1,1,0,0,0,0,0
HZ_20,Grower_22,Grower_1,2020,Tolerant,0.82,E,E,0,237364-605522,0,0,7,1,3,0,0,0,0
HZ_20,Grower_217,Grower_12,2020,Tolerant,0.92,SE,A,0,118981-541720,0,0,6,0,2,0,0,0,0
HZ_4,Grower_159,Grower_89,2020,Verysusceptible,4.0,SE,A,0,169197-490918,0,0,0,0,0,0,0,0,0
HZ_5,Grower_277,Grower_47,2019,Susceptible,1.6,SE,A,0,075578-392790,0,0,1,1,0,0,0,0,0
HZ_4,Grower_250,Grower_52,2023,Verysusceptible,4.3,SE,SE,0,021101-371586,0,0,0,0,0,0,0,0,0
HZ_11,Grower_196,Grower_19,2022,Tolerant,1.06,SE,SE,0,118120-570717,0,0,0,0,0,0,0,0,0
HZ_21,Grower_182,Grower_89,2020,Verysusceptible,1.0,SE,SE,0,185315-530902,0,0,0,0,0,0,0,0,0
HZ_3,Grower_151,Grower_86,2020,Tolerant,0.8,SE,SE,0,177556-537356,0,0,0,0,0,0,0,0,0
HZ_27,Grower_275,Grower_59,2020,Tolerant,2.5,SE,A,0,105810-408581,0,0,0,0,0,0,0,0,0
HZ_17,Grower_315,Grower_47,2021,Susceptible,0.72,SE,SE,0,229764-597341,0,0,5,0,2,0,1,4,0
HZ_64,Grower_291,Grower_75,2021,Tolerant,2.18,SE,SE,0,236293-603800,0,0,4,2,2,0,0,1,0
HZ_22,Grower_186,Grower_88,2021,Tolerant,1.25,SE,SE,0,175578-517063,0,0,3,1,1,0,0,0,0
HZ_5,Grower_252,Grower_42,2021,Susceptible,3.6,SE,E,0,056565-373528,0,0,3,0,1,0,0,1,0
HZ_20,Grower_155,Grower_71,2020,Tolerant,1.42,SE,E,0,171962-524467,0,0,4,0,1,0,4,0,0
HZ_4,Grower_175,Grower_4,2023,Verysusceptible,1.24,SE,B,0,189187-516126,0,0,7,1,2,0,1,5,0
HZ_4,Grower_106,Grower_1,2020,Verysusceptible,0.64,SE,E,1,130248-532154,0,0,6,2,2,0,3,0,0
HZ_3,Grower_68,Grower_83,2023,Tolerant,0.8,PB4,-,0,117399-563416,0,0,4,0,0,0,0,7,0
HZ_43,Grower_407,Grower_18,2020,Tolerant,2.05,E,E,0,239763-599899,0,0,1,0,0,0,0,0,0
HZ_3,Grower_37,Grower_18,2023,Tolerant,0.96,SE,SE,0,248130-607850,0,0,1,0,1,0,0,0,0
HZ_20,Grower_114,Grower_116,2022,Tolerant,1.55,E,E,0,168408-587306,0,0,6,3,3,1,1,5,1
HZ_43,Grower_202,Grower_18,2021,Tolerant,1.85,SE,SE,0,119568-570412,0,0,1,0,0,0,1,3,0
HZ_20,Grower_230,Grower_115,2022,Tolerant,1.4,SE,-,0,123347-534881,0,0,7,1,5,0,0,5,0
HZ_17,Grower_198,Grower_133,2019,Susceptible,1.24,SE,SE,0,116442-565088,0,0,8,7,4,0,4,0,0
HZ_15,Grower_275,Grower_19,2023,Verysusceptible,3.6,SE,SE,0,082334-400372,0,0,8,6,5,6,0,4,0
HZ_4,Grower_283,Grower_1,2019,Verysusceptible,5.8,SE,A,0,173386-426130,0,0,6,2,2,1,4,0,0
HZ_20,Grower_212,Grower_28,2021,Tolerant,0.51,PB4,PB4,0,133706-536576,0,0,4,0,1,0,0,2,0
HZ_39,Grower_124,Grower_42,2021,Tolerant,1.2,SE,SE,0,160809-569911,0,0,1,0,0,0,0,0,0
HZ_3,Grower_421,Grower_48,2019,Tolerant,3.0,SE,E,0,176166-519294,0,0,8,0,3,0,0,0,0
HZ_4,Grower_277,Grower_1,2022,Verysusceptible,1.8,SE,SE,0,076543-397043,0,0,2,2,0,0,1,6,0
HZ_5,Grower_236,Grower_47,2020,Susceptible,2.0,SE,A,0,134982-522560,0,0,0,0,0,0,0,0,0
HZ_22,Grower_263,Grower_31,2020,Tolerant,1.69,SE,SE,0,035122-376163,0,0,0,0,0,0,0,0,0
HZ_39,Grower_75,Grower_36,2019,Tolerant,0.85,SE,A,0,198622-599963,0,0,2,0,1,0,1,0,0
HZ_5,Grower_128,Grower_47,2021,Susceptible,1.0,E,E,0,173042-584641,0,0,1,1,0,0,0,1,0
HZ_20,Grower_209,Grower_102,2019,Tolerant,1.47,E,A,0,131585-544743,0,0,0,0,0,0,0,0,0
HZ_35,Grower_3,Grower_40,2020,Tolerant,2.77,SE,A,0,243904-593997,0,0,6,6,1,0,8,0,0
HZ_38,Grower_161,Grower_12,2020,Tolerant,1.5,SE,A,0,170599-504553,0,0,1,0,0,0,0,0,0
HZ_16,Grower_206,Grower_1,2020,Susceptible,1.3,E,E,0,113300-565439,0,0,7,1,3,0,0,0,0
HZ_43,Grower_329,Grower_65,2022,Tolerant,0.79,PB4,PB4,0,166066-586334,0,0,4,2,2,1,0,4,0
HZ_3,Grower_90,Grower_53,2023,Tolerant,1.1,SE,SE,0,198323-601906,0,0,2,0,0,0,0,3,0
HZ_43,Grower_24,Grower_18,2020,Tolerant,0.75,SE,SE,0,242665-599958,0,0,1,0,0,0,0,0,0
HZ_58,Grower_225,Grower_17,2019,Susceptible,0.5,SE,-,0,130503-537757,0,0,8,5,2,0,7,0,0
HZ_3,Grower_87,Grower_53,2022,Tolerant,5.7,SE,SE,0,204524-592314,0,0,6,2,0,0,0,7,0
HZ_37,Grower_7,Grower_44,2022,Tolerant,1.15,SE,SE,0,264786-590307,0,0,2,0,0,0,0,2,0
HZ_39,Grower_100,Grower_130,2022,Tolerant,0.89,SE,SE,0,178295-587693,0,0,0,0,0,0,0,0,0
HZ_22,Grower_255,Grower_177,2020,Tolerant,3.25,SE,E,1,045732-364164,0,0,1,0,0,0,0,0,0
HZ_3,Grower_6,Grower_112,2021,Tolerant,0.7,SE,SE,0,264695-589408,0,0,1,0,0,0,0,1,0
HZ_4,Grower_308,Grower_11,2022,Verysusceptible,0.2,SE,SE,0,220224-597720,0,0,6,4,4,2,3,8,0
HZ_47,Grower_322,Grower_42,2021,Verysusceptible,2.55,SE,SE,0,202432-601116,0,0,1,1,0,0,0,1,0
HZ_3,Grower_189,Grower_75,2023,Tolerant,1.71,SE,SE,0,174746-519750,0,0,1,0,0,0,0,0,0
HZ_19,Grower_321,Grower_24,2021,Verysusceptible,2.9,SE,SE,0,238029-601606,0,0,2,0,1,0,0,1,1
HZ_20,Grower_279,Grower_112,2021,Tolerant,1.9,SE,SE,0,083429-398915,0,0,8,2,3,0,0,3,0
HZ_12,Grower_253,Grower_117,2022,Susceptible,2.6,SE,E,0,055180-408344,0,0,5,2,0,0,2,7,0
HZ_20,Grower_87,Grower_116,2019,Tolerant,3.1,SE,SE,0,203763-592662,0,0,5,4,3,0,0,0,0
HZ_53,Grower_143,Grower_12,2019,Tolerant,2.17,SE,SE,0,178099-528552,0,0,0,0,0,0,0,0,0
HZ_8,Grower_212,Grower_48,2022,Tolerant,0.38,SE,SE,0,133698-535992,0,0,3,1,0,0,0,4,0
HZ_5,Grower_99,Grower_33,2020,Susceptible,1.3,SE,SE,0,193553-598249,0,0,0,0,0,0,0,0,0
HZ_4,Grower_244,Grower_11,2019,Verysusceptible,0.45,SE,A,1,050212-369664,0,0,8,3,4,5,2,0,0
HZ_20,Grower_294,Grower_28,2019,Tolerant,1.12,SE,A,0,238138-606388,0,0,8,7,4,0,0,0,0
HZ_58,Grower_311,Grower_191,2020,Susceptible,2.76,E,E,0,214707-589435,0,0,1,0,0,0,0,0,0
HZ_32,Grower_46,Grower_44,2023,Susceptible,1.01,SE,E,0,217719-590602,0,0,6,2,3,1,0,0,0
HZ_3,Grower_186,Grower_94,2021,Tolerant,0.8,SE,SE,0,173845-514472,0,0,0,0,0,0,0,0,0
HZ_85,Grower_432,Grower_217,2019,Tolerant,0.9,SE,AF,0,098810-451962,0,0,0,0,0,0,0,0,0
HZ_80,Grower_290,Grower_37,2020,Verysusceptible,0.07,E,E,0,243601-599337,0,0,4,2,2,0,0,0,0
HZ_4,Grower_254,Grower_82,2020,Verysusceptible,0.62,SE,E,0,054779-361329,0,0,1,0,0,0,0,0,0
HZ_3,Grower_392,Grower_93,2021,Tolerant,0.76,SE,SE,0,174011-519843,0,0,0,0,0,0,0,0,0
HZ_12,Grower_67,Grower_205,2019,Susceptible,0.38,SE,E,0,234282-599089,0,0,8,6,6,2,0,0,0
HZ_30,Grower_105,Grower_1,2023,Verysusceptible,0.9,SE,A,1,119830-572906,0,0,0,0,0,0,0,0,0
HZ_37,Grower_7,Grower_55,2021,Tolerant,1.6,E,E,0,268071-584390,0,0,8,5,2,0,0,2,0
HZ_20,Grower_143,Grower_2,2022,Tolerant,0.55,SE,E,1,177796-527355,0,0,6,4,1,0,0,4,1
HZ_29,Grower_443,Grower_2,2019,Tolerant,0.51,SE,SE,0,225060-598014,0,0,3,1,1,0,0,0,0
HZ_52,Grower_322,Grower_1,2021,Tolerant,1.05,SE,SE,0,201245-600442,0,0,8,1,3,0,2,7,0
HZ_37,Grower_203,Grower_55,2019,Tolerant,1.4,SE,SE,0,228224-432806,0,0,5,0,2,0,0,0,0
HZ_22,Grower_341,Grower_82,2022,Tolerant,0.87,SE,SE,0,168844-508157,0,0,4,0,2,0,0,3,0
HZ_3,Grower_114,Grower_40,2023,Tolerant,1.2,SE,SE,0,168449-589488,0,0,4,0,1,0,0,1,0
HZ_3,Grower_161,Grower_71,2023,Tolerant,1.89,SE,AF,0,167212-508922,0,0,0,0,0,0,0,0,0
HZ_20,Grower_162,Grower_82,2022,Tolerant,1.15,SE,-,0,164174-494586,0,0,2,1,1,1,0,1,1
HZ_7,Grower_15,Grower_70,2020,Tolerant,1.38,SE,A,0,238960-604118,0,0,2,0,1,0,0,0,0
HZ_17,Grower_228,Grower_46,2021,Susceptible,1.05,SE,SE,0,133324-540841,0,0,4,1,1,0,1,0,0
HZ_2,Grower_216,Grower_6,2023,Tolerant,1.0,SE,-,0,117120-539944,0,0,0,0,0,0,0,0,0
HZ_70,Grower_206,Grower_2,2021,Tolerant,0.9,SE,E,1,114646-567619,0,0,2,0,1,0,0,0,0
HZ_64,Grower_342,Grower_75,2021,Tolerant,0.22,SE,SE,0,186845-517865,0,0,4,2,2,0,0,1,0
HZ_3,Grower_117,Grower_49,2023,Tolerant,0.8,E,E,0,171745-589855,0,0,0,0,0,0,0,0,0
HZ_56,Grower_175,Grower_65,2019,Susceptible,2.7,SE,A,0,172244-520351,0,0,0,0,0,0,0,0,0
HZ_3,Grower_100,Grower_33,2021,Tolerant,1.0,SE,SE,0,178014-587483,0,0,2,0,1,0,0,2,0
HZ_3,Grower_4,Grower_1,2021,Tolerant,2.16,SE,SE,0,251506-604127,0,0,7,1,3,0,0,3,0
HZ_2,Grower_259,Grower_2,2020,Tolerant,1.8,SE,A,0,048895-366237,0,0,1,0,0,0,0,0,0
HZ_11,Grower_247,Grower_19,2023,Tolerant,1.8,SE,SE,0,035373-370145,0,0,1,0,1,0,0,0,0
HZ_20,Grower_222,Grower_12,2022,Tolerant,0.75,SE,SE,0,129979-547194,0,0,4,1,2,0,1,4,0
HZ_3,Grower_325,Grower_44,2020,Tolerant,0.92,SE,SE,0,186681-595346,0,0,4,1,1,0,0,0,0
HZ_3,Grower_63,Grower_33,2019,Tolerant,3.14,SE,SE,0,228087-597971,0,0,7,1,3,0,1,0,0
HZ_4,Grower_106,Grower_17,2019,Verysusceptible,1.14,SE,SE,0,129295-532988,0,0,8,6,6,0,0,0,0
HZ_5,Grower_134,Grower_61,2020,Susceptible,1.19,SE,A,0,171140-581252,0,0,1,0,0,1,0,0,0
HZ_17,Grower_200,Grower_133,2021,Susceptible,2.07,E,AF,0,117815-572382,0,0,6,4,3,0,0,3,0
HZ_38,Grower_161,Grower_115,2022,Tolerant,2.5,SE,SE,0,169517-506304,0,0,4,0,0,0,1,2,0
HZ_20,Grower_372,Grower_49,2020,Tolerant,1.55,E,E,0,135362-537656,0,0,8,2,3,0,0,0,0
HZ_5,Grower_107,Grower_33,2019,Susceptible,0.5,SE,-,0,180331-589800,0,0,0,0,0,0,0,0,0
HZ_20,Grower_332,Grower_116,2020,Tolerant,0.5,SE,-,0,177908-592966,0,0,5,0,2,0,0,0,0
HZ_46,Grower_180,Grower_3,2020,Susceptible,0.8,E,AF,0,180607-537855,0,0,2,0,1,0,0,0,0
HZ_20,Grower_232,Grower_99,2022,Tolerant,2.25,E,A,0,115705-525925,0,0,1,0,0,0,1,3,0
HZ_39,Grower_105,Grower_90,2022,Tolerant,1.0,S,E,0,119727-572467,0,0,1,0,1,1,0,2,0
HZ_4,Grower_279,Grower_64,2019,Verysusceptible,1.1,SE,E,1,074856-393725,0,0,7,4,4,1,1,0,0
HZ_56,Grower_206,Grower_226,2019,Susceptible,1.0,E,A,0,116220-568631,0,0,6,1,2,0,0,0,0
HZ_17,Grower_255,Grower_39,2020,Susceptible,1.7,SE,E,0,043302-368310,0,0,3,0,1,0,0,0,0
HZ_56,Grower_449,Grower_228,2019,Susceptible,0.34,SE,SE,0,181102-532217,0,0,0,0,0,0,0,0,0
HZ_3,Grower_222,Grower_65,2023,Tolerant,0.5,SE,SE,0,123350-539422,0,0,1,0,0,0,0,0,0
HZ_8,Grower_39,Grower_58,2020,Tolerant,3.0,E,E,0,245539-604733,0,0,2,1,1,0,0,0,0
HZ_43,Grower_97,Grower_18,2019,Tolerant,1.2,SE,A,0,187552-596556,0,0,1,1,0,0,0,0,0
HZ_51,Grower_446,Grower_66,2019,Susceptible,2.72,SE,SE,0,177934-532605,0,0,0,0,0,0,0,0,0
HZ_5,Grower_300,Grower_20,2022,Susceptible,1.13,SE,E,0,243655-606168,0,0,2,0,1,0,0,0,0
HZ_24,Grower_26,Grower_24,2023,Tolerant,0.94,SE,SE,0,236407-606090,0,0,0,0,0,0,0,0,0
HZ_24,Grower_260,Grower_40,2021,Tolerant,2.0,SE,AF,0,058971-377583,0,0,7,4,4,0,0,1,1
HZ_61,Grower_354,Grower_86,2020,Susceptible,2.1,E,E,0,132353-538322,0,0,0,0,0,0,0,0,0
HZ_3,Grower_151,Grower_82,2022,Tolerant,2.3,SE,E,0,168724-545669,0,0,1,0,1,0,0,0,0
HZ_49,Grower_180,Grower_131,2022,Susceptible,0.95,SE,E,0,180272-537500,0,0,0,0,0,0,0,0,0
HZ_17,Grower_127,Grower_42,2023,Susceptible,0.95,SE,E,0,167432-581817,0,0,0,0,0,0,0,0,0
HZ_4,Grower_201,Grower_9,2020,Verysusceptible,1.2,SE,E,1,089660-401876,0,0,6,2,2,0,0,0,0
HZ_29,Grower_182,Grower_206,2019,Tolerant,1.0,SE,SE,0,190404-529746,0,0,8,3,4,0,0,0,0
HZ_8,Grower_114,Grower_58,2020,Tolerant,0.6,SE,SE,0,170205-590067,0,0,2,1,1,0,0,0,0
HZ_17,Grower_139,Grower_61,2019,Susceptible,1.14,SE,SE,0,161491-581780,0,0,6,4,3,0,0,0,0
HZ_22,Grower_64,Grower_115,2022,Tolerant,0.43,SE,E,0,225745-594728,0,0,8,1,4,0,1,8,0
HZ_16,Grower_206,Grower_32,2019,Susceptible,1.15,E,A,1,114838-568289,0,0,8,1,3,0,0,0,0
HZ_17,Grower_108,Grower_12,2021,Susceptible,0.4,E,E,0,180791-585229,0,0,6,3,4,0,0,2,0
HZ_61,Grower_154,Grower_86,2021,Susceptible,0.58,SE,SE,0,170826-532875,0,0,4,2,2,1,1,5,1
HZ_42,Grower_270,Grower_63,2023,Verysusceptible,2.18,SE,SE,0,084575-400601,0,0,8,5,6,0,0,8,0
HZ_5,Grower_234,Grower_3,2023,Susceptible,1.0,SE,SE,0,121359-517996,0,0,0,0,0,0,0,0,0
HZ_5,Grower_270,Grower_90,2019,Susceptible,3.0,SE,SE,0,084291-400778,0,0,0,0,0,0,0,0,0
HZ_24,Grower_244,Grower_48,2020,Tolerant,2.2,SE,SE,0,048209-361453,0,0,2,0,1,0,0,0,0
HZ_52,Grower_71,Grower_1,2021,Tolerant,0.88,E,E,0,228985-603901,0,0,8,1,3,0,2,7,0
HZ_5,Grower_203,Grower_112,2021,Susceptible,2.86,SE,E,0,228492-434881,0,0,5,1,2,0,0,0,0
HZ_40,Grower_309,Grower_11,2022,Tolerant,1.95,SE,E,1,214722-597979,0,0,8,1,5,0,1,7,1
HZ_3,Grower_127,Grower_42,2023,Tolerant,0.78,SE,A,0,167879-581458,0,0,0,0,0,0,0,0,0
HZ_20,Grower_86,Grower_116,2021,Tolerant,1.8,SE,-,0,195826-601333,0,0,7,5,6,0,1,4,0
HZ_22,Grower_275,Grower_100,2023,Tolerant,2.25,SE,SE,0,085117-399652,0,0,0,0,0,0,0,0,0
HZ_17,Grower_90,Grower_65,2020,Susceptible,2.1,SE,SE,0,199131-600636,0,0,8,6,6,0,1,0,0
HZ_20,Grower_286,Grower_12,2019,Tolerant,0.24,E,A,0,254693-600359,0,0,8,1,3,0,0,0,0
HZ_3,Grower_347,Grower_127,2022,Tolerant,2.1,E,E,0,186139-522027,0,0,1,0,0,0,0,1,0
HZ_4,Grower_241,Grower_122,2019,Verysusceptible,3.36,SE,A,0,016210-369436,0,0,8,6,6,0,6,0,0
HZ_20,Grower_236,Grower_102,2019,Tolerant,7.8,E,A,0,146442-522445,0,0,8,4,6,0,1,0,0
HZ_46,Grower_156,Grower_33,2023,Susceptible,0.35,SE,AF,0,178804-514333,0,0,1,0,0,0,0,4,0
HZ_39,Grower_134,Grower_42,2023,Tolerant,0.81,SE,A,0,174019-582655,0,0,6,0,0,0,0,2,0
HZ_3,Grower_114,Grower_40,2023,Tolerant,0.35,E,E,0,168449-589488,0,0,4,0,1,0,0,1,0
HZ_47,Grower_275,Grower_44,2021,Verysusceptible,1.6,SE,SE,0,086205-399156,0,0,0,0,0,0,0,0,0
HZ_20,Grower_84,Grower_68,2021,Tolerant,1.4,PB4,-,0,194955-598756,0,0,8,6,6,0,0,0,0
HZ_17,Grower_102,Grower_156,2020,Susceptible,2.3,SE,E,1,176660-582366,0,0,0,0,0,0,0,0,0
HZ_17,Grower_104,Grower_156,2020,Susceptible,3.7,SE,SE,0,180161-592626,0,0,0,0,0,0,0,0,0
HZ_12,Grower_211,Grower_125,2020,Susceptible,0.15,E,E,0,131165-536724,0,0,0,0,0,0,0,0,0
HZ_29,Grower_36,Grower_2,2020,Tolerant,1.0,SE,SE,0,246239-608568,0,0,0,0,0,0,0,0,0
HZ_12,Grower_263,Grower_15,2021,Susceptible,1.36,E,E,0,034744-376289,0,0,5,0,2,0,0,3,0
HZ_51,Grower_174,Grower_61,2019,Susceptible,1.18,SE,SE,0,041759-371931,0,0,0,0,0,0,0,0,0
HZ_3,Grower_150,Grower_82,2022,Tolerant,1.57,SE,SE,0,176729-532401,0,0,1,0,1,0,0,0,0
HZ_5,Grower_218,Grower_83,2020,Susceptible,0.71,SE,SE,0,119214-537317,0,0,2,0,1,0,0,0,0
HZ_5,Grower_53,Grower_47,2021,Susceptible,1.0,E,E,0,218428-588004,0,0,1,1,0,0,0,1,0
HZ_17,Grower_104,Grower_32,2020,Susceptible,0.85,E,E,0,180161-592626,0,0,0,0,0,0,0,0,0
HZ_53,Grower_160,Grower_1,2019,Tolerant,2.75,E,A,0,167491-493231,0,0,8,3,4,0,1,0,0
HZ_43,Grower_217,Grower_18,2019,Tolerant,1.22,SE,SE,0,119905-537608,0,0,0,0,0,0,0,0,0
HZ_43,Grower_124,Grower_36,2021,Tolerant,1.0,SE,A,1,160809-569911,0,0,7,0,3,0,0,3,0
HZ_20,Grower_167,Grower_112,2021,Tolerant,2.5,SE,SE,0,190057-509929,0,0,8,2,3,0,0,3,0
HZ_17,Grower_198,Grower_44,2022,Susceptible,2.8,SE,SE,0,116608-564882,0,0,4,3,3,1,0,1,0
HZ_13,Grower_9,Grower_22,2022,Tolerant,1.02,SE,SE,0,264025-583011,0,0,3,2,0,0,0,2,0
HZ_3,Grower_141,Grower_40,2022,Tolerant,4.0,E,E,0,159147-580095,0,0,0,0,0,0,0,0,0
HZ_51,Grower_171,Grower_55,2021,Susceptible,1.3,SE,SE,0,187833-532708,0,0,8,4,6,0,1,5,0
HZ_3,Grower_204,Grower_83,2022,Tolerant,1.1,PB4,PB4,0,119530-562554,0,0,1,0,1,0,0,3,0
HZ_15,Grower_275,Grower_21,2020,Verysusceptible,1.0,SE,A,0,076601-400999,0,0,0,0,0,0,0,0,0
HZ_40,Grower_309,Grower_11,2022,Tolerant,1.21,E,E,0,214722-597979,0,0,8,1,5,0,1,7,1
HZ_3,Grower_285,Grower_119,2019,Tolerant,3.0,E,A,0,253923-602684,0,0,3,2,1,0,0,0,0
HZ_27,Grower_322,Grower_2,2022,Tolerant,0.73,SE,E,0,201800-601555,0,0,4,1,2,0,0,1,1
HZ_43,Grower_99,Grower_65,2021,Tolerant,4.0,E,A,1,198849-597207,0,0,2,1,1,0,0,0,0
HZ_52,Grower_136,Grower_1,2023,Tolerant,1.1,E,E,0,164003-579205,0,0,1,0,0,0,0,0,0
HZ_3,Grower_155,Grower_66,2021,Tolerant,0.6,SE,SE,0,172906-524389,0,0,1,0,0,0,0,0,1
HZ_43,Grower_83,Grower_65,2021,Tolerant,2.0,SE,A,1,191108-595931,0,0,8,0,3,0,0,1,0
HZ_56,Grower_151,Grower_93,2020,Susceptible,2.6,SE,SE,0,169370-545445,0,0,0,0,0,0,0,0,0
HZ_12,Grower_199,Grower_67,2022,Susceptible,0.4,SE,E,0,117026-563859,0,0,0,0,0,0,0,1,0
HZ_20,Grower_105,Grower_83,2020,Tolerant,0.35,E,E,0,117557-566203,0,0,4,0,1,0,0,0,0
HZ_4,Grower_129,Grower_61,2021,Verysusceptible,1.6,SE,E,0,157536-552542,0,0,6,3,4,0,0,0,0
HZ_13,Grower_9,Grower_22,2021,Tolerant,0.13,SE,SE,0,261850-580514,0,0,4,1,1,0,0,1,0
HZ_20,Grower_117,Grower_58,2020,Tolerant,1.0,SE,E,0,171821-590435,0,0,6,3,4,0,0,0,0
HZ_20,Grower_206,Grower_112,2020,Tolerant,2.0,E,E,0,113754-565892,0,0,8,2,3,0,0,0,0
HZ_3,Grower_70,Grower_36,2021,Tolerant,0.95,SE,SE,0,225950-595950,0,0,0,0,0,0,0,0,0
HZ_20,Grower_212,Grower_90,2023,Tolerant,0.86,PB4,-,0,133927-535965,0,0,0,0,0,0,0,0,0
HZ_17,Grower_87,Grower_42,2021,Susceptible,0.75,SE,SE,0,205935-594520,0,0,8,4,6,0,1,0,0
HZ_12,Grower_129,Grower_61,2020,Susceptible,1.6,E,AF,0,156987-569858,0,0,1,0,0,0,0,0,0
HZ_20,Grower_59,Grower_1,2021,Tolerant,0.3,SE,-,0,233629-599861,0,0,5,0,2,0,0,1,0
HZ_43,Grower_108,Grower_18,2021,Tolerant,0.96,E,E,0,181686-582566,0,0,1,0,0,0,1,3,0
HZ_21,Grower_234,Grower_151,2021,Verysusceptible,1.3,SE,SE,0,119798-517090,0,0,2,0,1,0,0,0,0
HZ_81,Grower_58,Grower_4,2020,Tolerant,0.92,SE,SE,0,225780-600311,0,0,0,0,0,0,0,0,0
HZ_10,Grower_259,Grower_11,2023,Tolerant,2.1,SE,AF,0,050073-363057,0,0,1,0,1,0,0,1,0
HZ_17,Grower_119,Grower_52,2020,Susceptible,1.4,SE,SE,0,175766-582942,0,0,7,4,4,0,0,0,0
HZ_4,Grower_161,Grower_89,2023,Verysusceptible,2.5,SE,E,0,169388-506670,0,0,1,0,1,0,0,0,0
HZ_29,Grower_50,Grower_112,2022,Tolerant,1.4,E,E,0,213061-592804,0,0,2,2,1,0,0,4,0
HZ_52,Grower_322,Grower_1,2021,Tolerant,0.98,SE,SE,0,201986-599477,0,0,8,1,3,0,2,7,0
HZ_22,Grower_266,Grower_32,2022,Tolerant,0.85,SE,SE,0,047364-395751,0,0,5,3,5,0,0,0,0
HZ_40,Grower_63,Grower_11,2022,Tolerant,0.55,SE,SE,0,228296-597559,0,0,8,2,5,0,1,5,1
HZ_5,Grower_252,Grower_29,2023,Susceptible,0.7,SE,A,0,055613-375027,0,0,1,1,0,0,0,0,0
HZ_4,Grower_254,Grower_82,2021,Verysusceptible,0.9,SE,SE,0,054660-362096,0,0,4,2,2,0,0,0,0
HZ_17,Grower_95,Grower_32,2019,Susceptible,0.8,SE,SE,0,184439-592761,0,0,7,6,4,0,0,0,0
HZ_5,Grower_224,Grower_47,2020,Susceptible,3.75,E,A,0,134692-531978,0,0,0,0,0,0,0,0,0
HZ_20,Grower_91,Grower_32,2021,Tolerant,1.62,SE,SE,0,197119-600340,0,0,6,3,4,0,0,1,1
HZ_35,Grower_281,Grower_40,2019,Tolerant,1.3,SE,AF,0,076728-399583,0,0,8,8,5,0,3,0,0
HZ_4,Grower_128,Grower_52,2022,Verysusceptible,0.85,SE,SE,0,173915-581895,0,0,4,0,1,0,0,0,0
HZ_27,Grower_143,Grower_2,2021,Tolerant,3.64,SE,SE,0,177471-519491,0,0,0,0,0,0,0,0,0
HZ_14,Grower_276,Grower_29,2022,Susceptible,2.0,SE,SE,0,097050-404115,0,0,2,0,2,0,0,0,0
HZ_3,Grower_444,Grower_33,2019,Tolerant,2.1,E,E,0,184783-595734,0,0,7,2,4,0,0,0,0
HZ_12,Grower_224,Grower_95,2019,Susceptible,3.22,E,A,0,134513-531967,0,0,6,1,2,0,0,0,0
HZ_17,Grower_86,Grower_68,2020,Susceptible,3.0,SE,SE,0,195076-597808,0,0,7,4,4,0,2,0,0
HZ_17,Grower_285,Grower_23,2021,Susceptible,1.95,SE,SE,0,252076-598098,0,0,8,1,3,0,0,1,1
HZ_20,Grower_105,Grower_28,2023,Tolerant,0.9,PB4,SE,0,119736-565359,0,0,2,1,1,0,0,2,0
HZ_30,Grower_105,Grower_42,2023,Verysusceptible,1.1,SE,AF,0,117395-562608,0,0,3,0,2,0,0,1,0
HZ_13,Grower_111,Grower_64,2019,Tolerant,0.44,SE,SE,0,175802-588553,0,0,3,0,1,0,0,0,0
HZ_3,Grower_383,Grower_41,2019,Tolerant,1.3,E,E,0,164606-583243,0,0,1,1,0,0,0,0,0
HZ_4,Grower_270,Grower_132,2019,Verysusceptible,6.2,SE,AF,1,086117-403913,0,0,8,6,6,1,0,0,0
HZ_39,Grower_89,Grower_36,2022,Tolerant,0.6,SE,SE,0,199938-600254,0,0,0,0,0,0,4,4,0
HZ_61,Grower_356,Grower_107,2019,Susceptible,0.59,SE,SE,0,100924-476536,0,0,5,2,2,0,1,0,0
HZ_3,Grower_157,Grower_82,2021,Tolerant,1.55,E,E,0,170737-528428,0,0,0,0,0,0,0,0,0
HZ_8,Grower_348,Grower_9,2020,Tolerant,1.5,E,A,0,205006-593746,0,0,3,0,1,0,0,0,0
HZ_1,Grower_155,Grower_71,2020,Tolerant,0.5,SE,A,0,171962-524467,0,0,1,0,0,0,0,0,0
HZ_20,Grower_122,Grower_40,2022,Tolerant,1.18,SE,E,1,175704-589858,0,0,5,1,2,0,1,0,0
HZ_27,Grower_122,Grower_68,2020,Tolerant,0.35,SE,SE,0,175322-588776,0,0,4,0,1,0,0,0,0
HZ_20,Grower_286,Grower_1,2022,Tolerant,1.48,E,E,0,255141-597957,0,0,4,1,1,0,1,6,0
HZ_20,Grower_68,Grower_1,2022,Tolerant,3.07,E,E,0,120594-574957,0,0,4,1,1,0,1,6,0
HZ_20,Grower_83,Grower_116,2021,Tolerant,4.0,SE,SE,0,197661-600231,0,0,3,0,1,0,0,0,0
HZ_24,Grower_26,Grower_24,2020,Tolerant,0.72,E,E,0,234605-604445,0,0,1,1,0,0,0,0,0
HZ_13,Grower_239,Grower_22,2022,Tolerant,0.94,SE,E,1,039318-369835,0,0,3,2,0,0,0,2,0
HZ_3,Grower_168,Grower_32,2021,Tolerant,1.2,SE,SE,0,191524-523803,0,0,3,0,1,0,0,1,0
HZ_4,Grower_162,Grower_90,2023,Verysusceptible,1.82,SE,A,0,161642-492206,0,0,2,0,1,0,0,1,0
HZ_3,Grower_8,Grower_2,2020,Tolerant,1.3,SE,E,0,247388-595649,0,0,8,0,3,0,0,0,0
HZ_31,Grower_203,Grower_29,2022,Tolerant,1.2,SE,SE,0,229999-431639,0,0,2,2,1,0,2,2,1
HZ_7,Grower_130,Grower_205,2019,Tolerant,1.28,SE,SE,0,166748-583180,0,0,0,0,0,0,0,0,0
HZ_3,Grower_242,Grower_53,2022,Tolerant,1.2,SE,SE,0,193384-597948,0,0,6,2,0,0,0,7,0
HZ_22,Grower_277,Grower_155,2019,Tolerant,1.0,SE,SE,0,085019-398920,0,0,2,3,0,0,0,0,0
HZ_5,Grower_8,Grower_20,2021,Susceptible,1.66,SE,SE,0,249486-594601,0,0,8,0,3,0,0,2,0
HZ_13,Grower_251,Grower_101,2022,Tolerant,1.39,SE,A,0,059532-368549,0,0,3,2,2,0,0,1,0
HZ_43,Grower_120,Grower_36,2021,Tolerant,0.7,SE,SE,0,182414-589456,0,0,7,0,3,0,0,3,0
HZ_20,Grower_46,Grower_8,2023,Tolerant,0.99,SE,A,0,223050-592330,0,0,3,0,3,0,0,1,0
HZ_5,Grower_285,Grower_92,2021,Susceptible,1.25,SE,SE,0,251574-599201,0,0,0,0,0,0,0,0,0
HZ_20,Grower_425,Grower_147,2020,Tolerant,0.3,SE,A,0,118716-565679,0,0,0,0,0,0,0,0,0
HZ_3,Grower_200,Grower_18,2019,Tolerant,1.22,E,A,0,121653-570297,0,0,1,1,0,0,0,0,0
HZ_3,Grower_209,Grower_208,2019,Tolerant,0.38,PB3,-,0,132160-545882,0,0,0,0,0,0,0,0,0
HZ_5,Grower_224,Grower_29,2022,Susceptible,0.88,E,A,1,124618-534077,0,0,6,5,2,0,2,5,0
HZ_17,Grower_214,Grower_90,2020,Susceptible,0.31,SE,-,0,130910-544330,0,0,3,0,1,0,0,0,0
HZ_21,Grower_168,Grower_228,2019,Verysusceptible,3.2,SE,A,1,188358-531130,0,0,0,0,0,0,0,0,0
HZ_5,Grower_90,Grower_33,2022,Susceptible,0.5,PB4,E,0,197386-599996,0,0,0,0,0,0,0,0,0
HZ_3,Grower_419,Grower_18,2020,Tolerant,1.5,SE,SE,0,177190-509983,0,0,0,0,0,0,0,0,0
HZ_52,Grower_136,Grower_3,2023,Tolerant,0.9,SE,SE,0,164593-579338,0,0,0,0,0,1,0,0,0
HZ_37,Grower_7,Grower_55,2019,Tolerant,1.1,SE,SE,0,263768-590064,0,0,0,0,0,0,0,0,0
HZ_64,Grower_22,Grower_118,2022,Tolerant,1.05,PB3,SE,0,237486-605063,0,0,0,0,0,0,0,0,0
HZ_4,Grower_77,Grower_33,2021,Verysusceptible,0.68,PB4,PB4,0,205217-600347,0,0,6,0,2,0,1,1,0
HZ_3,Grower_122,Grower_76,2020,Tolerant,0.7,SE,-,0,174677-590593,0,0,5,3,3,0,0,0,0
HZ_7,Grower_319,Grower_102,2019,Tolerant,0.44,SE,-,0,211305-589757,0,0,0,0,0,0,0,0,0
HZ_29,Grower_105,Grower_126,2020,Tolerant,0.6,E,A,0,122166-569691,0,0,1,1,0,0,0,0,0
HZ_5,Grower_107,Grower_33,2022,Susceptible,1.64,E,E,0,180401-588823,0,0,0,0,0,0,0,0,0
HZ_4,Grower_403,Grower_80,2020,Verysusceptible,2.7,SE,E,1,086887-405630,0,0,8,4,6,0,0,0,0
HZ_22,Grower_277,Grower_32,2022,Tolerant,0.7,SE,SE,0,076358-396630,0,0,5,3,5,0,0,0,0
HZ_4,Grower_129,Grower_1,2021,Verysusceptible,2.8,E,E,0,163543-579497,0,0,0,0,0,0,0,0,0
HZ_66,Grower_63,Grower_2,2022,Verysusceptible,0.23,SE,SE,0,230677-600316,0,0,4,0,0,0,1,5,1
HZ_3,Grower_117,Grower_40,2022,Tolerant,0.1,SE,-,0,171718-589051,0,0,0,0,0,0,0,0,0
HZ_3,Grower_333,Grower_42,2022,Tolerant,1.65,E,A,0,175033-582162,0,0,1,0,0,0,1,2,0
HZ_13,Grower_6,Grower_115,2022,Tolerant,1.93,SE,SE,0,267102-591159,0,0,6,0,2,0,0,3,0
HZ_1,Grower_315,Grower_1,2019,Tolerant,0.87,SE,SE,0,226296-596149,0,0,1,0,0,0,0,0,0
HZ_43,Grower_124,Grower_61,2021,Tolerant,0.4,E,A,1,159107-567680,0,0,2,0,1,0,0,0,0
HZ_63,Grower_296,Grower_24,2021,Tolerant,0.48,PB4,E,1,240089-601822,0,0,2,1,1,0,0,0,0
HZ_3,Grower_35,Grower_110,2021,Tolerant,0.5,SE,SE,0,246213-606415,0,0,5,0,2,0,0,0,0
HZ_20,Grower_411,Grower_58,2019,Tolerant,5.0,SE,A,0,203126-593251,0,0,8,6,6,0,1,0,0
HZ_30,Grower_105,Grower_75,2023,Verysusceptible,0.95,PB4,SE,0,122086-571714,0,0,6,1,1,0,0,2,0
HZ_3,Grower_228,Grower_1,2021,Tolerant,3.6,E,E,0,125284-539319,0,0,5,2,2,0,0,5,1
HZ_4,Grower_231,Grower_132,2019,Verysusceptible,0.43,SE,SE,0,120987-538998,0,0,8,6,6,1,0,0,0
HZ_2,Grower_25,Grower_6,2021,Tolerant,0.73,SE,SE,0,239695-608070,0,0,3,1,1,0,0,1,0
HZ_35,Grower_209,Grower_201,2019,Tolerant,3.1,E,A,0,130541-536910,0,0,8,8,5,0,4,0,0
HZ_19,Grower_58,Grower_45,2023,Verysusceptible,1.57,SE,A,0,226009-600478,0,0,7,3,6,0,0,0,0
HZ_20,Grower_279,Grower_1,2022,Tolerant,2.0,SE,E,0,083263-399336,0,0,2,0,1,0,1,7,1
HZ_2,Grower_282,Grower_99,2022,Tolerant,1.31,SE,SE,0,233740-433961,0,0,1,0,0,2,0,4,0
HZ_61,Grower_244,Grower_58,2021,Susceptible,1.8,SE,E,1,048608-367380,0,0,7,4,4,0,0,6,0
HZ_12,Grower_31,Grower_6,2023,Susceptible,1.1,SE,E,0,241920-607397,0,0,8,0,7,2,0,8,0
HZ_21,Grower_12,Grower_151,2021,Verysusceptible,0.99,SE,SE,0,252691-598066,0,0,2,0,1,0,0,0,0
HZ_16,Grower_310,Grower_8,2019,Susceptible,2.6,E,A,0,216620-595878,0,0,8,8,5,0,0,0,0
HZ_5,Grower_3,Grower_47,2020,Susceptible,1.06,SE,SE,0,246891-592806,0,0,0,0,0,0,0,0,0
HZ_42,Grower_281,Grower_66,2022,Verysusceptible,2.5,SE,E,0,076725-398550,0,0,8,1,0,0,3,2,0
HZ_5,Grower_131,Grower_47,2021,Susceptible,1.3,E,E,0,172002-581585,0,0,1,1,0,0,0,1,0
HZ_3,Grower_144,Grower_134,2022,Tolerant,1.13,E,E,0,179462-531892,0,0,0,0,0,0,0,0,0
HZ_3,Grower_226,Grower_65,2019,Tolerant,1.2,SE,SE,0,125818-538503,0,0,1,0,0,0,0,0,0
HZ_24,Grower_249,Grower_24,2021,Tolerant,0.9,SE,E,0,052759-363222,0,0,1,0,0,0,0,1,0
HZ_3,Grower_394,Grower_132,2020,Tolerant,1.59,SE,A,0,178985-517126,0,0,0,0,0,0,0,0,0
HZ_5,Grower_108,Grower_33,2020,Susceptible,0.9,SE,SE,0,181744-582294,0,0,0,0,0,0,0,0,0
HZ_4,Grower_128,Grower_61,2019,Verysusceptible,1.0,S,S,0,171664-582767,0,0,4,0,1,0,0,0,0
HZ_3,Grower_151,Grower_82,2022,Tolerant,1.0,SE,SE,0,161093-542763,0,0,1,0,1,0,0,0,0
HZ_29,Grower_196,Grower_1,2022,Tolerant,0.55,SE,SE,0,118526-570227,0,0,1,1,0,0,0,1,0
HZ_5,Grower_203,Grower_86,2023,Susceptible,0.42,SE,SE,0,229988-433947,0,0,0,0,0,0,0,0,0
HZ_8,Grower_354,Grower_146,2021,Tolerant,1.12,SE,SE,0,127868-525283,0,0,2,1,1,0,0,0,0
HZ_1,Grower_275,Grower_38,2021,Tolerant,3.25,SE,SE,0,096375-406072,0,0,7,4,4,0,0,2,0
HZ_20,Grower_213,Grower_83,2019,Tolerant,0.85,SE,A,0,134241-542987,0,0,8,6,6,1,0,0,0
HZ_39,Grower_413,Grower_61,2020,Tolerant,0.83,SE,-,0,176479-590670,0,0,8,0,3,0,0,0,0
HZ_5,Grower_203,Grower_20,2021,Susceptible,0.22,SE,AF,0,230059-433405,0,0,4,2,2,0,0,3,0
HZ_1,Grower_34,Grower_1,2019,Tolerant,0.9,SE,SE,0,245736-608111,0,0,1,0,0,0,0,0,0
HZ_17,Grower_333,Grower_40,2019,Susceptible,2.25,A,A,0,174915-582355,0,0,8,8,5,0,4,0,0
HZ_20,Grower_279,Grower_58,2019,Tolerant,1.3,SE,E,0,083086-399310,0,0,8,8,5,0,1,0,0
HZ_4,Grower_159,Grower_89,2019,Verysusceptible,2.7,SE,SE,0,169315-490807,0,0,1,1,0,0,0,0,0
HZ_20,Grower_236,Grower_99,2022,Tolerant,2.5,E,E,0,135645-521698,0,0,1,0,0,0,1,3,0
HZ_5,Grower_207,Grower_47,2019,Susceptible,3.8,E,E,0,136157-539238,0,0,0,0,0,0,0,0,0
HZ_20,Grower_189,Grower_82,2022,Tolerant,1.16,E,E,0,174698-520043,0,0,2,1,1,1,0,1,1
HZ_20,Grower_213,Grower_8,2022,Tolerant,1.41,E,E,0,134168-543212,0,0,6,0,5,0,1,6,0
HZ_3,Grower_342,Grower_94,2021,Tolerant,0.19,SE,E,0,186845-517865,0,0,0,0,0,0,0,0,0
HZ_20,Grower_294,Grower_12,2021,Tolerant,2.25,SE,SE,0,237783-607022,0,0,7,2,4,0,1,6,1
HZ_51,Grower_28,Grower_55,2021,Susceptible,0.4,E,E,0,246480-599114,0,0,7,1,3,1,0,6,0
HZ_20,Grower_84,Grower_163,2020,Tolerant,1.6,SE,SE,0,198223-601422,0,0,3,0,1,0,1,0,0
HZ_20,Grower_314,Grower_36,2021,Tolerant,1.21,SE,SE,0,252930-600106,0,0,0,0,0,0,0,0,0
HZ_13,Grower_330,Grower_40,2020,Tolerant,0.79,SE,SE,0,174601-588895,0,0,5,1,2,0,2,0,0
HZ_39,Grower_335,Grower_42,2022,Tolerant,0.51,SE,A,0,162499-582339,0,0,5,0,0,3,5,3,0
HZ_7,Grower_314,Grower_178,2019,Tolerant,1.03,SE,SE,0,252688-599230,0,0,0,0,0,0,0,0,0
HZ_5,Grower_107,Grower_33,2022,Susceptible,0.3,SE,SE,0,179784-588439,0,0,0,0,0,0,0,0,0
HZ_12,Grower_240,Grower_146,2020,Susceptible,3.0,SE,SE,0,025525-378827,0,0,2,1,1,0,0,0,0
HZ_12,Grower_399,Grower_15,2021,Susceptible,1.21,E,E,0,061567-372420,0,0,5,0,2,0,0,3,0
HZ_20,Grower_236,Grower_2,2022,Tolerant,4.5,E,E,0,135645-521698,0,0,3,2,1,0,0,2,0
HZ_20,Grower_110,Grower_112,2021,Tolerant,0.82,SE,SE,0,169081-587533,0,0,8,2,3,0,0,3,0
HZ_4,Grower_182,Grower_1,2020,Verysusceptible,1.0,SE,A,1,188735-529699,0,0,8,3,4,0,7,0,0
HZ_80,Grower_198,Grower_37,2020,Verysusceptible,0.49,SE,SE,0,116936-565901,0,0,4,2,2,0,0,0,0
HZ_58,Grower_84,Grower_17,2021,Susceptible,1.1,PB4,A,1,195206-598790,0,0,6,5,5,0,6,6,0
HZ_12,Grower_27,Grower_126,2021,Susceptible,0.82,SE,A,1,242600-607375,0,0,7,8,5,3,5,7,2
HZ_75,Grower_77,Grower_65,2019,Tolerant,0.55,SE,A,0,202253-597428,0,0,4,2,2,0,0,0,0
HZ_35,Grower_102,Grower_40,2023,Tolerant,1.37,SE,SE,0,183061-592809,0,0,5,4,4,0,0,1,0
HZ_13,Grower_275,Grower_101,2020,Tolerant,2.4,SE,SE,0,082270-400088,0,0,3,1,1,0,0,0,0
HZ_12,Grower_343,Grower_95,2022,Susceptible,2.57,SE,E,0,182863-525583,0,0,6,5,6,3,2,6,1
HZ_3,Grower_196,Grower_83,2022,Tolerant,0.53,SE,SE,0,118270-570789,0,0,1,0,1,0,0,3,0
HZ_56,Grower_182,Grower_49,2022,Susceptible,1.5,SE,E,0,185064-531039,0,0,2,1,0,0,0,3,0
HZ_20,Grower_121,Grower_40,2019,Tolerant,1.05,SE,-,0,171846-579047,0,0,8,7,4,0,2,0,0
HZ_5,Grower_251,Grower_6,2023,Susceptible,1.1,SE,E,0,059333-368717,0,0,1,0,1,0,0,0,0
HZ_34,Grower_19,Grower_49,2022,Verysusceptible,1.98,SE,SE,0,242902-602756,0,0,8,1,0,0,5,6,0
HZ_17,Grower_333,Grower_40,2019,Susceptible,0.85,SE,A,0,174902-582009,0,0,8,8,5,0,4,0,0
HZ_17,Grower_97,Grower_32,2019,Susceptible,3.15,SE,SE,0,187688-596369,0,0,8,8,5,0,2,0,0
HZ_17,Grower_206,Grower_52,2019,Susceptible,2.4,E,E,0,114687-568178,0,0,8,0,3,1,0,0,0
HZ_17,Grower_206,Grower_90,2020,Susceptible,1.65,SE,SE,0,113827-565894,0,0,3,0,1,0,0,0,0
HZ_19,Grower_6,Grower_22,2020,Verysusceptible,2.05,E,E,0,267198-591130,0,0,7,4,4,1,0,0,0
HZ_20,Grower_209,Grower_99,2022,Tolerant,1.75,SE,SE,0,130645-536881,0,0,1,0,0,0,1,3,0
HZ_12,Grower_129,Grower_205,2019,Susceptible,0.4,SE,-,0,157602-553067,0,0,8,6,6,2,0,0,0
HZ_3,Grower_37,Grower_18,2021,Tolerant,1.84,SE,SE,0,247732-607137,0,0,0,0,0,0,0,1,1
HZ_4,Grower_61,Grower_80,2020,Verysusceptible,0.8,SE,E,1,229718-601717,0,0,8,4,6,0,0,0,0
HZ_3,Grower_154,Grower_66,2020,Tolerant,0.31,E,E,0,171704-533175,0,0,1,0,0,0,0,0,0
HZ_3,Grower_129,Grower_68,2021,Tolerant,0.45,PB4,-,0,158564-579515,0,0,2,0,1,0,0,0,0
HZ_4,Grower_253,Grower_11,2019,Verysusceptible,2.0,SE,SE,0,056841-407607,0,0,8,0,3,0,0,0,0
HZ_3,Grower_127,Grower_42,2022,Tolerant,0.48,PB4,A,0,167074-581055,0,0,0,0,0,0,0,0,0
HZ_43,Grower_127,Grower_36,2021,Tolerant,1.03,SE,SE,0,166383-581191,0,0,7,0,3,0,0,3,0
HZ_39,Grower_89,Grower_133,2020,Tolerant,0.5,SE,E,0,200175-601903,0,0,1,0,0,0,0,0,0
HZ_4,Grower_166,Grower_2,2022,Verysusceptible,2.6,E,E,0,167379-502290,0,0,5,1,1,2,3,7,2
HZ_1,Grower_155,Grower_82,2022,Tolerant,0.56,SE,SE,0,173135-524381,0,0,3,0,1,1,0,0,0
HZ_17,Grower_102,Grower_12,2021,Susceptible,0.63,SE,E,1,182461-593754,0,0,6,3,4,0,0,2,0
HZ_49,Grower_161,Grower_63,2023,Susceptible,3.7,SE,A,0,160051-490945,0,0,5,0,1,2,0,5,0
HZ_26,Grower_26,Grower_113,2021,Tolerant,2.41,E,A,0,239930-599194,0,0,5,2,2,0,0,4,0
HZ_3,Grower_419,Grower_81,2020,Tolerant,0.42,SE,E,0,177190-509983,0,0,0,0,0,0,0,0,0
HZ_55,Grower_59,Grower_114,2021,Tolerant,0.6,SE,A,1,233629-599861,0,0,0,0,0,0,0,5,0
HZ_3,Grower_134,Grower_52,2020,Tolerant,0.95,E,E,0,173952-582466,0,0,0,0,0,0,0,0,0
HZ_46,Grower_175,Grower_33,2021,Susceptible,0.75,SE,A,0,183329-527920,0,0,2,0,1,0,0,6,0
HZ_20,Grower_332,Grower_194,2019,Tolerant,2.45,E,A,0,168220-586361,0,0,0,0,0,0,0,0,0
HZ_54,Grower_171,Grower_94,2022,Verysusceptible,1.0,SE,SE,0,186031-528467,0,0,8,8,6,0,0,4,0
HZ_19,Grower_58,Grower_45,2023,Verysusceptible,1.57,SE,SE,0,226009-600478,0,0,7,3,6,0,0,0,0
HZ_18,Grower_11,Grower_5,2020,Tolerant,1.0,SE,SE,0,250621-599787,0,0,2,1,1,0,0,0,0
HZ_27,Grower_105,Grower_2,2022,Tolerant,1.0,PB4,PB4,0,121940-572003,0,0,4,1,2,0,1,1,1
HZ_3,Grower_110,Grower_40,2019,Tolerant,0.35,SE,SE,0,169056-587109,0,0,0,0,0,0,0,0,0
HZ_31,Grower_240,Grower_113,2020,Tolerant,2.4,SE,SE,0,029005-376683,0,0,0,0,0,0,0,0,0
HZ_5,Grower_259,Grower_33,2023,Susceptible,2.86,SE,SE,0,051553-360857,0,0,0,0,0,0,0,0,0
HZ_3,Grower_130,Grower_42,2023,Tolerant,0.7,SE,-,0,166958-582594,0,0,0,0,0,0,0,0,0
HZ_22,Grower_284,Grower_31,2022,Tolerant,2.8,SE,E,0,085859-401719,0,0,6,4,3,0,0,6,0
HZ_3,Grower_75,Grower_58,2022,Tolerant,0.85,SE,SE,0,204062-601147,0,0,0,0,0,0,0,0,0
HZ_4,Grower_454,Grower_7,2019,Verysusceptible,2.8,SE,A,0,091118-424353,0,0,4,1,1,0,0,0,0
HZ_20,Grower_114,Grower_112,2021,Tolerant,0.9,SE,AF,0,166986-587979,0,0,8,2,3,0,0,3,0
HZ_31,Grower_203,Grower_29,2022,Tolerant,0.98,SE,SE,0,229535-434969,0,0,2,2,1,0,2,2,1
HZ_5,Grower_234,Grower_86,2022,Susceptible,1.1,SE,A,0,128875-515798,0,0,0,0,0,0,0,0,0
HZ_17,Grower_202,Grower_47,2023,Susceptible,1.82,SE,E,0,121217-571526,0,0,3,0,2,1,0,1,0
HZ_20,Grower_66,Grower_28,2019,Tolerant,2.7,SE,A,0,228029-599180,0,0,8,7,4,0,0,0,0
HZ_65,Grower_439,Grower_49,2019,Tolerant,0.65,SE,SE,0,219056-589713,0,0,4,2,2,0,0,0,0
HZ_21,Grower_279,Grower_89,2023,Verysusceptible,2.5,SE,SE,0,084829-398662,0,0,0,0,0,0,0,0,0
HZ_5,Grower_89,Grower_3,2020,Susceptible,3.4,SE,SE,0,195942-600090,0,0,4,1,1,0,0,0,0
HZ_10,Grower_5,Grower_102,2021,Tolerant,0.91,SE,A,0,249710-601796,0,0,0,0,0,0,0,0,0
HZ_20,Grower_247,Grower_2,2020,Tolerant,2.5,SE,A,0,038341-373159,0,0,3,1,1,0,0,0,0
HZ_4,Grower_255,Grower_1,2021,Verysusceptible,2.75,SE,SE,0,045425-370265,0,0,8,1,3,0,0,7,0
HZ_20,Grower_21,Grower_8,2022,Tolerant,1.9,SE,SE,0,238756-604344,0,0,6,0,5,0,1,6,0
HZ_5,Grower_4,Grower_20,2019,Susceptible,2.66,E,E,0,252440-600916,0,0,0,0,0,0,0,0,0
HZ_3,Grower_136,Grower_75,2021,Tolerant,1.2,SE,SE,0,167129-581975,0,0,7,0,3,0,0,3,0
HZ_3,Grower_405,Grower_42,2019,Tolerant,1.0,SE,A,0,095257-403405,0,0,6,0,2,0,0,0,0
HZ_20,Grower_209,Grower_83,2019,Tolerant,3.03,E,E,0,130348-543756,0,0,8,3,4,1,0,0,0
HZ_20,Grower_429,Grower_9,2020,Tolerant,1.6,E,E,0,117501-525474,0,0,5,1,2,0,0,0,0
HZ_63,Grower_174,Grower_24,2023,Tolerant,2.24,SE,A,0,051114-369738,0,0,1,0,0,0,0,0,0
HZ_17,Grower_35,Grower_12,2020,Susceptible,2.3,SE,SE,0,245391-606386,0,0,5,1,2,0,0,0,0
HZ_3,Grower_89,Grower_65,2021,Tolerant,2.25,SE,SE,0,199653-600120,0,0,0,0,0,0,0,0,0
HZ_17,Grower_228,Grower_42,2023,Susceptible,1.0,SE,SE,0,125410-536581,0,0,0,0,0,0,0,0,0
HZ_4,Grower_406,Grower_11,2020,Verysusceptible,2.34,SE,AF,0,274305-583984,0,0,0,0,0,0,0,0,0
HZ_4,Grower_275,Grower_90,2023,Verysusceptible,4.0,SE,E,0,082826-398314,0,0,2,0,1,0,0,1,0
HZ_4,Grower_338,Grower_89,2019,Verysusceptible,2.3,SE,SE,0,178640-549826,0,0,1,1,0,0,0,0,0
HZ_3,Grower_91,Grower_65,2021,Tolerant,0.68,SE,SE,0,197773-598309,0,0,0,0,0,0,0,0,0
HZ_4,Grower_129,Grower_61,2019,Verysusceptible,1.2,S,-,0,163726-581012,0,0,4,0,1,0,0,0,0
HZ_3,Grower_444,Grower_33,2019,Tolerant,1.0,SE,-,0,184729-595398,0,0,7,2,4,0,0,0,0
HZ_35,Grower_107,Grower_40,2020,Tolerant,0.23,SE,E,0,180192-588679,0,0,8,8,5,0,8,0,0
HZ_3,Grower_123,Grower_40,2021,Tolerant,0.67,E,E,0,170750-587935,0,0,4,0,1,0,0,0,0
HZ_48,Grower_239,Grower_99,2019,Verysusceptible,1.05,SE,AF,1,018093-373316,0,0,8,8,5,0,8,0,0
HZ_23,Grower_50,Grower_36,2020,Verysusceptible,0.43,SE,-,0,219946-592502,0,0,1,0,0,0,0,0,0
HZ_76,Grower_116,Grower_77,2019,Susceptible,2.7,E,E,0,181308-594172,0,0,0,0,0,0,0,0,0
HZ_20,Grower_204,Grower_83,2019,Tolerant,0.5,SE,A,0,118891-562936,0,0,8,5,2,1,0,0,0
HZ_39,Grower_89,Grower_42,2020,Tolerant,1.2,SE,SE,0,200183-601037,0,0,5,2,2,0,0,0,0
HZ_17,Grower_322,Grower_65,2021,Susceptible,1.55,SE,SE,0,202691-600302,0,0,7,1,3,0,1,6,0
HZ_8,Grower_216,Grower_58,2019,Tolerant,1.1,SE,-,0,119727-537555,0,0,8,3,4,0,0,0,0
HZ_20,Grower_418,Grower_82,2020,Tolerant,1.25,SE,SE,0,174177-537887,0,0,0,0,0,0,0,0,0
HZ_3,Grower_122,Grower_52,2021,Tolerant,1.25,SE,-,0,175108-588698,0,0,0,0,0,0,0,0,0
HZ_17,Grower_208,Grower_22,2020,Susceptible,0.9,E,E,0,127929-541485,0,0,4,2,2,1,0,0,0
HZ_20,Grower_68,Grower_32,2020,Tolerant,1.24,E,E,0,118080-563487,0,0,8,8,5,0,4,0,0
HZ_43,Grower_105,Grower_68,2020,Tolerant,3.7,E,A,0,116344-560030,0,0,8,7,4,0,2,0,0
HZ_54,Grower_143,Grower_3,2020,Verysusceptible,0.57,SE,SE,0,177246-519710,0,0,6,0,2,0,0,0,0
HZ_4,Grower_187,Grower_122,2019,Verysusceptible,1.71,E,A,1,058323-371760,0,0,8,6,6,0,6,0,0
HZ_5,Grower_123,Grower_33,2022,Susceptible,1.1,PB4,PB4,0,169384-577205,0,0,0,0,0,0,0,0,0
HZ_3,Grower_44,Grower_1,2022,Tolerant,4.16,SE,SE,0,231431-602363,0,0,0,0,0,0,0,0,0
HZ_3,Grower_136,Grower_75,2019,Tolerant,3.7,E,E,0,164456-580378,0,0,3,0,1,0,0,0,0
HZ_4,Grower_37,Grower_132,2019,Verysusceptible,0.56,SE,SE,0,246674-605626,0,0,8,6,6,1,0,0,0
HZ_4,Grower_209,Grower_66,2022,Verysusceptible,3.0,SE,-,0,131151-533176,0,0,4,0,0,0,0,2,0
HZ_51,Grower_223,Grower_61,2020,Susceptible,0.71,SE,SE,0,128336-538289,0,0,2,0,1,0,0,0,0
HZ_20,Grower_302,Grower_102,2019,Tolerant,0.98,SE,A,0,239176-607650,0,0,8,4,6,0,1,0,0
HZ_29,Grower_153,Grower_86,2019,Tolerant,0.5,SE,SE,0,172997-535760,0,0,0,0,0,0,0,0,0
HZ_3,Grower_151,Grower_86,2020,Tolerant,3.0,SE,SE,0,165548-539502,0,0,0,0,0,0,0,0,0
HZ_4,Grower_455,Grower_61,2019,Verysusceptible,3.0,SE,A,0,101174-402463,0,0,5,1,2,0,0,0,0
HZ_4,Grower_182,Grower_86,2021,Verysusceptible,2.1,SE,A,1,188784-529710,0,0,0,0,0,1,0,1,0
HZ_7,Grower_79,Grower_70,2021,Tolerant,0.75,SE,SE,0,201816-594389,0,0,4,0,1,0,0,2,0
HZ_17,Grower_60,Grower_47,2023,Susceptible,1.7,SE,E,0,173524-516636,0,0,3,0,2,1,0,1,0
HZ_3,Grower_69,Grower_2,2019,Tolerant,1.0,SE,SE,0,226365-603995,0,0,3,2,1,0,0,0,0
HZ_3,Grower_383,Grower_61,2019,Tolerant,1.4,SE,SE,0,165103-582849,0,0,5,0,2,0,0,0,0
HZ_49,Grower_136,Grower_63,2023,Susceptible,0.95,SE,E,0,166984-581890,0,0,5,0,1,2,0,5,0
HZ_17,Grower_93,Grower_52,2020,Susceptible,0.55,SE,SE,0,173999-591512,0,0,7,4,4,0,0,0,0
HZ_3,Grower_22,Grower_113,2019,Tolerant,0.75,E,E,0,237478-605082,0,0,0,0,0,0,0,0,0
HZ_1,Grower_217,Grower_82,2022,Tolerant,1.1,E,E,0,120879-542775,0,0,3,0,1,1,0,0,0
HZ_14,Grower_259,Grower_152,2021,Susceptible,1.78,SE,SE,0,046178-359265,0,0,7,2,4,2,1,4,1
HZ_16,Grower_23,Grower_1,2023,Susceptible,1.17,SE,A,0,239259-606308,0,0,3,0,2,0,0,0,0
HZ_12,Grower_306,Grower_117,2022,Susceptible,2.1,SE,SE,0,244802-597015,0,0,0,0,0,0,0,0,0
HZ_5,Grower_158,Grower_33,2019,Susceptible,1.81,E,E,0,180022-499757,0,0,2,0,1,0,0,0,0
HZ_17,Grower_121,Grower_42,2022,Susceptible,0.9,SE,SE,0,177958-582366,0,0,2,1,1,1,1,2,0
HZ_17,Grower_204,Grower_23,2020,Susceptible,1.0,SE,SE,0,119048-562454,0,0,6,4,3,0,1,0,0
HZ_17,Grower_213,Grower_40,2019,Susceptible,1.0,E,E,0,135057-542820,0,0,8,8,5,0,4,0,0
HZ_38,Grower_195,Grower_115,2022,Tolerant,0.5,SE,E,0,118513-570804,0,0,4,0,0,0,1,2,0
HZ_22,Grower_275,Grower_88,2019,Tolerant,2.5,SE,SE,0,102049-411308,0,0,2,1,1,0,0,0,0
HZ_8,Grower_348,Grower_58,2021,Tolerant,2.0,SE,E,1,205127-593185,0,0,1,0,0,0,0,1,0
HZ_20,Grower_59,Grower_50,2020,Tolerant,0.68,SE,-,0,233894-600143,0,0,6,4,3,0,0,0,0
HZ_35,Grower_372,Grower_40,2020,Tolerant,2.44,E,E,0,136382-538180,0,0,5,3,3,0,7,0,0
HZ_20,Grower_209,Grower_99,2022,Tolerant,1.75,SE,SE,0,130645-536881,0,0,1,0,0,0,1,3,0
HZ_19,Grower_392,Grower_82,2021,Verysusceptible,1.86,SE,SE,0,174011-519843,0,0,0,0,0,0,0,0,0
HZ_17,Grower_332,Grower_133,2021,Susceptible,3.1,E,E,0,179028-592537,0,0,6,4,3,0,0,3,0
HZ_39,Grower_311,Grower_36,2020,Tolerant,1.71,SE,A,0,215630-588997,0,0,3,0,1,0,2,0,0
HZ_65,Grower_267,Grower_104,2019,Tolerant,1.55,SE,A,0,094465-424027,0,0,1,0,0,0,0,0,0
HZ_11,Grower_258,Grower_12,2023,Tolerant,1.9,SE,SE,0,058310-375732,0,0,2,0,0,0,0,1,0
HZ_4,Grower_239,Grower_4,2019,Verysusceptible,2.15,SE,A,0,018356-373106,0,0,4,1,1,0,0,0,0
HZ_12,Grower_236,Grower_210,2019,Susceptible,0.8,SE,SE,0,135650-521700,0,0,1,1,0,0,0,0,0
HZ_17,Grower_87,Grower_58,2023,Susceptible,0.8,SE,SE,0,202098-592772,0,0,0,0,0,0,0,0,0
HZ_11,Grower_127,Grower_12,2023,Tolerant,1.0,PB4,E,0,168498-583464,0,0,3,0,0,0,0,3,0
HZ_51,Grower_130,Grower_61,2021,Susceptible,1.5,SE,-,0,166562-582997,0,0,2,0,1,0,0,0,0
HZ_5,Grower_175,Grower_86,2020,Susceptible,3.75,SE,SE,0,180413-521130,0,0,0,0,0,0,0,0,0
HZ_47,Grower_322,Grower_167,2019,Verysusceptible,1.99,SE,A,0,200922-600383,0,0,0,0,0,0,0,0,0
HZ_17,Grower_332,Grower_42,2021,Susceptible,1.4,S,A,0,180079-591051,0,0,0,0,0,0,0,0,0
HZ_3,Grower_342,Grower_94,2021,Tolerant,0.35,SE,E,0,186845-517865,0,0,0,0,0,0,0,0,0
HZ_17,Grower_134,Grower_61,2021,Susceptible,0.8,SE,SE,0,171064-580813,0,0,7,2,4,0,0,1,0
HZ_4,Grower_169,Grower_1,2022,Verysusceptible,5.0,SE,SE,0,188240-529882,0,0,2,0,1,0,1,6,0
HZ_22,Grower_172,Grower_88,2020,Tolerant,1.89,SE,SE,0,185677-529515,0,0,3,0,1,0,0,0,0
HZ_3,Grower_121,Grower_52,2021,Tolerant,1.0,SE,SE,0,172657-580086,0,0,0,0,0,0,0,0,0
HZ_20,Grower_41,Grower_8,2023,Tolerant,0.6,SE,A,0,241899-597596,0,0,3,0,3,0,0,1,0
HZ_10,Grower_37,Grower_102,2021,Tolerant,0.43,SE,SE,0,247431-606308,0,0,0,0,0,0,0,0,0
HZ_10,Grower_5,Grower_11,2023,Tolerant,0.77,SE,E,0,250593-600485,0,0,1,0,1,0,0,1,0
HZ_4,Grower_279,Grower_11,2022,Verysusceptible,2.2,SE,E,0,076114-393663,0,0,6,4,4,2,3,8,0
HZ_4,Grower_255,Grower_79,2020,Verysusceptible,3.0,SE,E,0,045796-371166,0,0,1,0,0,0,2,0,0
HZ_4,Grower_187,Grower_117,2019,Verysusceptible,2.0,E,A,1,058104-371755,0,0,6,2,2,0,0,0,0
HZ_24,Grower_244,Grower_40,2021,Tolerant,0.5,SE,A,0,049056-370746,0,0,7,4,4,0,0,1,1
HZ_17,Grower_35,Grower_99,2022,Susceptible,0.8,SE,A,1,246836-606408,0,0,5,2,4,0,0,4,0
HZ_85,Grower_114,Grower_217,2019,Tolerant,0.5,SE,A,0,170715-589336,0,0,0,0,0,0,0,0,0
HZ_36,Grower_101,Grower_53,2023,Tolerant,2.1,PB4,-,0,186936-596708,0,0,5,2,1,0,1,2,0
HZ_22,Grower_28,Grower_88,2021,Tolerant,0.99,SE,SE,0,246480-599114,0,0,3,1,1,0,0,0,0
HZ_13,Grower_111,Grower_22,2021,Tolerant,0.49,SE,SE,0,174287-588830,0,0,3,1,1,0,0,1,0
HZ_19,Grower_238,Grower_24,2019,Verysusceptible,2.25,SE,SE,0,059284-370501,0,0,8,8,5,0,0,0,0
HZ_3,Grower_330,Grower_52,2020,Tolerant,1.58,SE,SE,0,174670-589943,0,0,0,0,0,0,0,0,0
HZ_65,Grower_92,Grower_104,2021,Tolerant,0.4,SE,SE,0,191324-597854,0,0,4,4,2,0,0,0,0
HZ_24,Grower_37,Grower_24,2020,Tolerant,0.45,SE,SE,0,246943-606310,0,0,1,1,0,0,0,0,0
HZ_58,Grower_182,Grower_52,2021,Susceptible,1.1,E,E,0,190193-529076,0,0,6,1,2,0,0,1,0
HZ_5,Grower_108,Grower_33,2023,Susceptible,0.79,SE,SE,0,181164-584811,0,0,0,0,0,0,0,0,0
HZ_20,Grower_83,Grower_116,2020,Tolerant,2.0,SE,SE,0,194419-600167,0,0,1,1,0,0,0,0,0
HZ_58,Grower_183,Grower_93,2023,Susceptible,5.97,SE,E,0,189450-529573,0,0,0,0,0,0,0,0,0
HZ_20,Grower_105,Grower_29,2022,Tolerant,1.0,PB4,PB4,0,119154-565757,0,0,1,0,0,0,0,0,0
HZ_9,Grower_174,Grower_67,2022,Verysusceptible,0.54,SE,SE,0,040757-366433,0,0,6,7,1,0,0,4,0
HZ_3,Grower_11,Grower_53,2022,Tolerant,0.14,E,E,0,251231-602022,0,0,0,0,0,0,0,0,0
HZ_35,Grower_224,Grower_48,2023,Tolerant,0.96,SE,E,0,128020-535505,0,0,6,1,0,1,0,1,0
HZ_4,Grower_77,Grower_64,2020,Verysusceptible,1.4,SE,E,0,205478-600029,0,0,0,0,0,0,0,0,0
HZ_64,Grower_201,Grower_49,2021,Tolerant,2.6,SE,A,0,088839-402193,0,0,0,0,0,0,0,0,0
HZ_20,Grower_198,Grower_1,2020,Tolerant,0.77,SE,SE,0,116428-565219,0,0,7,1,3,0,0,0,0
HZ_3,Grower_90,Grower_53,2022,Tolerant,1.8,SE,E,0,198484-601755,0,0,6,2,0,0,0,7,0
HZ_14,Grower_259,Grower_7,2021,Susceptible,2.8,E,E,0,046178-359265,0,0,8,0,3,0,0,1,0
HZ_17,Grower_255,Grower_133,2020,Susceptible,3.9,SE,E,0,039579-366883,0,0,8,3,4,0,0,0,0
HZ_4,Grower_269,Grower_95,2019,Verysusceptible,3.5,SE,E,0,050300-417514,0,0,4,3,2,0,0,0,0
HZ_58,Grower_69,Grower_17,2021,Susceptible,1.1,E,A,0,226184-602357,0,0,6,5,5,0,6,6,0
HZ_43,Grower_20,Grower_68,2020,Tolerant,2.35,E,E,0,235106-602215,0,0,8,7,4,0,2,0,0
HZ_5,Grower_235,Grower_90,2021,Susceptible,0.5,SE,SE,0,124208-515118,0,0,0,0,0,0,0,0,0
HZ_17,Grower_43,Grower_22,2020,Susceptible,2.33,SE,SE,0,217049-595130,0,0,7,8,5,2,0,0,0
HZ_31,Grower_240,Grower_10,2019,Tolerant,2.3,SE,SE,0,028814-376567,0,0,1,0,0,0,0,0,0
HZ_4,Grower_162,Grower_82,2021,Verysusceptible,1.1,SE,SE,0,161856-491862,0,0,4,2,2,0,0,0,0
HZ_22,Grower_275,Grower_31,2020,Tolerant,2.1,SE,SE,0,085115-399476,0,0,0,0,0,0,0,0,0
HZ_3,Grower_91,Grower_65,2020,Tolerant,1.55,SE,A,0,197446-599527,0,0,3,0,1,0,0,0,0
HZ_20,Grower_71,Grower_1,2021,Tolerant,1.05,SE,SE,0,229429-604624,0,0,8,0,3,0,1,4,0
HZ_17,Grower_231,Grower_52,2020,Susceptible,0.43,SE,SE,0,122210-537449,0,0,8,1,3,0,0,0,0
HZ_4,Grower_279,Grower_1,2020,Verysusceptible,2.0,SE,A,0,074788-393587,0,0,7,2,4,0,6,0,0
HZ_48,Grower_113,Grower_61,2022,Verysusceptible,1.17,E,A,1,172767-586844,0,0,0,0,0,0,0,0,0
HZ_4,Grower_248,Grower_1,2021,Verysusceptible,2.57,SE,E,0,061103-368545,0,0,6,1,2,0,0,8,0
HZ_64,Grower_201,Grower_75,2021,Tolerant,2.4,SE,A,0,088839-402193,0,0,4,2,2,0,0,1,0
HZ_5,Grower_259,Grower_20,2023,Susceptible,2.1,SE,E,0,051714-361190,0,0,2,0,2,0,0,0,0
HZ_15,Grower_62,Grower_19,2019,Verysusceptible,0.85,E,E,0,215882-580277,0,0,8,8,5,0,0,0,0
HZ_5,Grower_284,Grower_83,2022,Susceptible,4.2,SE,SE,0,085559-401747,0,0,8,5,2,0,2,8,1
HZ_47,Grower_255,Grower_99,2019,Verysusceptible,2.55,E,A,0,039731-367380,0,0,7,6,4,0,2,0,0
HZ_17,Grower_106,Grower_23,2020,Susceptible,0.5,E,A,1,129217-532753,0,0,6,4,3,0,1,0,0
HZ_5,Grower_38,Grower_3,2023,Susceptible,1.2,SE,SE,0,248339-606118,0,0,0,0,0,0,0,0,0
HZ_17,Grower_102,Grower_58,2019,Susceptible,1.8,E,E,0,175600-582621,0,0,0,0,0,0,0,0,0
HZ_4,Grower_166,Grower_1,2021,Verysusceptible,1.0,SE,E,0,165684-499344,0,0,5,1,2,0,0,7,0
HZ_12,Grower_124,Grower_205,2019,Susceptible,1.1,SE,SE,0,159329-568479,0,0,8,6,6,2,0,0,0
HZ_39,Grower_202,Grower_74,2023,Tolerant,1.7,SE,E,1,119868-570230,0,0,0,0,1,0,0,1,0
HZ_65,Grower_117,Grower_198,2019,Tolerant,2.0,E,E,0,171392-591389,0,0,6,4,3,0,0,0,0
HZ_64,Grower_261,Grower_75,2021,Tolerant,1.7,SE,E,0,057608-412893,0,0,4,2,2,0,0,1,0
HZ_49,Grower_123,Grower_131,2022,Susceptible,1.2,E,E,0,170646-588304,0,0,0,0,0,0,0,0,0
HZ_17,Grower_104,Grower_58,2022,Susceptible,1.55,SE,SE,0,187102-597180,0,0,4,2,2,0,2,3,0
HZ_27,Grower_322,Grower_2,2019,Tolerant,0.56,SE,SE,0,200613-600682,0,0,0,0,0,0,1,0,0
HZ_24,Grower_197,Grower_24,2022,Tolerant,0.4,S,S,0,118005-564737,0,0,6,6,1,0,0,2,0
HZ_20,Grower_197,Grower_32,2021,Tolerant,0.9,PB4,PB4,0,118851-564008,0,0,6,3,4,0,0,1,1
HZ_39,Grower_141,Grower_92,2022,Tolerant,0.75,E,A,1,158774-580450,0,0,8,6,2,0,0,7,1
HZ_17,Grower_218,Grower_90,2023,Susceptible,0.4,PB4,PB4,0,117558-538409,0,0,0,0,0,0,0,0,0
HZ_3,Grower_114,Grower_42,2019,Tolerant,2.3,SE,SE,0,167877-587896,0,0,2,1,1,0,0,0,0
HZ_16,Grower_205,Grower_31,2019,Susceptible,1.1,SE,SE,0,121675-565541,0,0,3,1,1,0,0,0,0
HZ_22,Grower_280,Grower_88,2021,Tolerant,2.96,SE,SE,0,089205-401010,0,0,3,1,1,0,0,0,0
HZ_5,Grower_1,Grower_111,2022,Susceptible,1.6,SE,SE,0,249632-604407,0,0,1,0,1,0,0,2,0
HZ_46,Grower_161,Grower_3,2019,Susceptible,2.4,SE,A,0,175285-507941,0,0,3,0,1,0,0,0,0
HZ_16,Grower_282,Grower_8,2019,Susceptible,2.7,SE,AF,0,237737-435646,0,0,8,8,5,0,0,0,0
HZ_39,Grower_124,Grower_42,2022,Tolerant,3.6,E,AF,0,158869-568421,0,0,0,0,0,0,0,0,0
HZ_4,Grower_10,Grower_182,2020,Verysusceptible,3.56,E,A,0,261838-585284,0,0,1,0,0,0,0,0,0
HZ_11,Grower_127,Grower_220,2019,Tolerant,0.8,PB3,PB3,0,168377-583658,0,0,6,3,4,0,1,0,0
HZ_17,Grower_236,Grower_90,2020,Susceptible,0.6,SE,SE,0,137283-521883,0,0,3,0,1,0,0,0,0
HZ_80,Grower_175,Grower_58,2020,Verysusceptible,1.3,SE,A,1,185898-516949,0,0,0,0,0,0,0,0,0
HZ_39,Grower_295,Grower_36,2021,Tolerant,0.68,SE,A,1,234809-602653,0,0,7,3,5,0,1,7,0
HZ_37,Grower_65,Grower_44,2019,Tolerant,0.29,E,E,0,226668-603601,0,0,8,1,3,0,0,0,0
HZ_3,Grower_184,Grower_94,2019,Tolerant,2.0,SE,A,0,191172-526315,0,0,1,1,0,0,0,0,0
HZ_17,Grower_195,Grower_23,2019,Susceptible,0.4,E,E,0,117964-562049,0,0,7,6,4,0,0,0,0
HZ_20,Grower_255,Grower_2,2020,Tolerant,3.5,SE,E,0,040614-370813,0,0,2,1,1,0,0,0,0
HZ_20,Grower_164,Grower_82,2021,Tolerant,2.0,SE,SE,0,153052-483524,0,0,1,0,0,0,0,0,0
HZ_8,Grower_348,Grower_146,2021,Tolerant,1.6,SE,SE,0,205022-593298,0,0,2,1,1,0,0,0,0
HZ_5,Grower_133,Grower_42,2022,Susceptible,1.3,SE,SE,0,163632-579815,0,0,2,0,0,0,0,1,0
HZ_29,Grower_39,Grower_150,2019,Tolerant,1.6,SE,SE,0,245785-605130,0,0,1,0,0,0,0,0,0
HZ_3,Grower_359,Grower_33,2021,Tolerant,0.3,SE,A,0,069542-436426,0,0,2,0,1,0,0,2,0
HZ_58,Grower_188,Grower_93,2022,Susceptible,0.4,SE,SE,0,169217-523429,0,0,6,2,4,0,0,2,0
HZ_64,Grower_201,Grower_49,2020,Tolerant,3.1,SE,E,0,093403-402283,0,0,6,0,2,0,0,0,0
HZ_2,Grower_282,Grower_2,2023,Tolerant,0.34,SE,SE,0,227028-434647,0,0,4,0,1,0,0,0,0
HZ_5,Grower_134,Grower_42,2021,Susceptible,1.7,SE,SE,0,170432-581669,0,0,3,0,1,0,0,1,0
HZ_20,Grower_450,Grower_28,2019,Tolerant,1.36,SE,A,0,131121-543835,0,0,8,7,4,0,0,0,0
HZ_20,Grower_186,Grower_82,2021,Tolerant,1.5,SE,SE,0,175578-517063,0,0,1,0,0,0,0,0,0
HZ_20,Grower_236,Grower_49,2020,Tolerant,4.1,E,A,0,143436-526005,0,0,8,2,3,0,0,0,0
HZ_4,Grower_271,Grower_1,2023,Verysusceptible,2.35,S,E,1,092893-403141,0,0,0,0,0,0,0,0,0
HZ_5,Grower_292,Grower_20,2022,Susceptible,1.15,SE,SE,0,240972-599187,0,0,2,0,1,0,0,0,0
HZ_55,Grower_7,Grower_114,2021,Tolerant,0.98,SE,SE,0,265142-591038,0,0,0,0,0,0,0,5,0
HZ_39,Grower_75,Grower_36,2023,Tolerant,1.45,SE,SE,0,206407-591252,0,0,0,0,0,0,0,0,0
HZ_4,Grower_406,Grower_11,2019,Verysusceptible,1.84,E,A,0,276107-583562,0,0,5,3,3,0,4,0,0
HZ_36,Grower_90,Grower_163,2020,Tolerant,2.1,PB4,PB4,0,197777-600994,0,0,0,0,0,0,0,0,0
HZ_55,Grower_293,Grower_64,2020,Tolerant,0.7,E,E,0,234577-604200,0,0,0,0,0,0,0,0,0
HZ_3,Grower_130,Grower_61,2020,Tolerant,0.85,SE,-,0,166780-583560,0,0,1,0,0,0,0,0,0
HZ_13,Grower_111,Grower_17,2023,Tolerant,0.4,SE,SE,0,173649-590944,0,0,0,0,0,0,0,0,0
HZ_3,Grower_228,Grower_58,2021,Tolerant,0.4,SE,SE,0,124437-538127,0,0,8,1,3,0,0,3,0
HZ_10,Grower_259,Grower_17,2022,Tolerant,1.1,SE,A,0,051503-361031,0,0,0,0,0,0,0,0,0
HZ_7,Grower_319,Grower_102,2019,Tolerant,0.55,SE,SE,0,211666-589993,0,0,0,0,0,0,0,0,0
HZ_3,Grower_71,Grower_1,2022,Tolerant,4.22,SE,SE,0,228903-603045,0,0,0,0,0,0,0,0,0
HZ_17,Grower_200,Grower_47,2019,Susceptible,0.68,SE,SE,0,121969-570147,0,0,8,8,5,0,0,0,0
HZ_22,Grower_358,Grower_88,2021,Tolerant,1.75,SE,SE,0,101701-407122,0,0,3,1,1,0,0,0,0
HZ_24,Grower_294,Grower_24,2021,Tolerant,1.08,SE,SE,0,238317-605706,0,0,1,0,0,0,0,1,0
HZ_42,Grower_113,Grower_66,2020,Verysusceptible,0.5,E,E,0,176326-592255,0,0,8,6,6,0,1,0,0
HZ_53,Grower_143,Grower_36,2023,Tolerant,1.82,SE,E,0,175249-517917,0,0,0,0,0,0,0,0,0
HZ_24,Grower_37,Grower_24,2021,Tolerant,0.97,SE,SE,0,247732-607137,0,0,1,0,0,0,0,1,0
HZ_17,Grower_322,Grower_53,2021,Susceptible,0.56,SE,SE,0,201245-600442,0,0,0,0,0,0,0,0,0
HZ_51,Grower_50,Grower_12,2021,Susceptible,1.0,PB4,-,0,213407-592994,0,0,0,0,0,0,0,0,0
HZ_3,Grower_148,Grower_82,2019,Tolerant,0.5,SE,SE,0,176305-529430,0,0,1,1,0,0,0,0,0
HZ_16,Grower_282,Grower_1,2021,Susceptible,1.97,SE,E,0,237559-436026,0,0,8,6,6,0,0,3,1
HZ_20,Grower_186,Grower_82,2022,Tolerant,1.35,SE,SE,0,175641-517364,0,0,2,1,1,1,0,1,1
HZ_56,Grower_168,Grower_49,2021,Susceptible,1.7,SE,AF,1,191264-528799,0,0,7,4,4,1,0,6,0
HZ_17,Grower_83,Grower_42,2019,Susceptible,3.98,S,A,1,196319-598193,0,0,8,1,3,0,0,0,0
HZ_3,Grower_44,Grower_36,2019,Tolerant,0.62,SE,SE,0,231035-600649,0,0,2,1,1,0,0,0,0
HZ_20,Grower_218,Grower_1,2020,Tolerant,0.24,SE,A,0,117558-538412,0,0,7,1,3,0,0,0,0
HZ_3,Grower_71,Grower_2,2019,Tolerant,2.8,SE,SE,0,228749-602715,0,0,1,1,0,0,0,0,0
HZ_4,Grower_278,Grower_64,2019,Verysusceptible,5.0,SE,E,0,086652-398416,0,0,7,4,4,1,1,0,0
HZ_16,Grower_206,Grower_49,2022,Susceptible,1.6,E,E,0,113412-564492,0,0,8,4,2,2,0,7,0
HZ_16,Grower_196,Grower_32,2021,Susceptible,1.38,SE,SE,0,118434-569705,0,0,5,4,3,0,0,2,0
HZ_20,Grower_41,Grower_55,2019,Tolerant,2.2,SE,A,0,242312-600413,0,0,4,0,1,0,0,0,0
HZ_17,Grower_206,Grower_23,2022,Susceptible,0.95,E,E,0,115289-567914,0,0,7,1,2,2,0,0,0
HZ_22,Grower_19,Grower_153,2019,Tolerant,0.93,SE,SE,0,242285-602542,0,0,3,2,1,0,0,0,0
HZ_65,Grower_211,Grower_153,2019,Tolerant,0.57,SE,A,0,131768-542873,0,0,1,0,0,0,0,0,0
HZ_17,Grower_104,Grower_156,2020,Susceptible,3.0,SE,A,1,180161-592626,0,0,0,0,0,0,0,0,0
HZ_17,Grower_199,Grower_68,2021,Susceptible,2.22,E,AF,1,117050-562456,0,0,7,8,5,0,8,8,0
HZ_27,Grower_206,Grower_2,2022,Tolerant,0.95,SE,SE,0,115159-568404,0,0,4,1,2,0,0,1,1
HZ_20,Grower_114,Grower_116,2022,Tolerant,0.7,E,E,0,175044-592201,0,0,6,3,3,1,1,5,1
HZ_13,Grower_201,Grower_46,2019,Tolerant,4.0,SE,SE,0,090931-403846,0,0,4,3,2,0,0,0,0
HZ_49,Grower_219,Grower_133,2019,Susceptible,1.35,SE,SE,0,122211-536594,0,0,1,0,0,0,0,0,0
HZ_54,Grower_287,Grower_1,2021,Verysusceptible,0.25,SE,A,1,247848-606554,0,0,7,6,4,0,3,7,0
HZ_39,Grower_77,Grower_36,2020,Tolerant,0.73,SE,SE,0,205847-600385,0,0,8,0,3,0,1,0,0
HZ_17,Grower_322,Grower_68,2020,Susceptible,2.11,SE,SE,0,201669-601466,0,0,8,7,4,0,0,0,0
HZ_20,Grower_200,Grower_83,2019,Tolerant,0.68,SE,SE,0,121694-567961,0,0,8,6,6,1,0,0,0
HZ_22,Grower_275,Grower_82,2021,Tolerant,2.48,SE,SE,0,086205-399156,0,0,4,0,1,0,0,1,0
HZ_4,Grower_161,Grower_122,2019,Verysusceptible,0.74,E,A,0,170298-504610,0,0,8,6,6,0,6,0,0
HZ_3,Grower_6,Grower_39,2019,Tolerant,1.3,SE,A,0,266050-591471,0,0,1,1,0,0,0,0,0
HZ_20,Grower_294,Grower_117,2019,Tolerant,1.07,SE,A,0,238138-606388,0,0,4,3,2,0,0,0,0
HZ_5,Grower_134,Grower_42,2020,Susceptible,3.3,E,A,0,174281-582640,0,0,3,0,1,0,0,0,0
HZ_12,Grower_136,Grower_61,2022,Susceptible,1.45,SE,SE,0,167469-582205,0,0,8,0,0,2,8,8,1
HZ_4,Grower_128,Grower_61,2023,Verysusceptible,0.75,SE,SE,0,170521-581775,0,0,5,0,0,1,0,7,0
HZ_5,Grower_88,Grower_8,2022,Susceptible,0.64,SE,SE,0,217511-588160,0,0,0,0,0,0,0,1,0
HZ_3,Grower_205,Grower_65,2022,Tolerant,3.2,E,E,0,118575-565812,0,0,3,0,1,0,0,5,0
HZ_24,Grower_187,Grower_208,2019,Tolerant,1.1,SE,E,0,062821-373152,0,0,4,2,2,0,0,0,0
HZ_20,Grower_285,Grower_200,2019,Tolerant,1.07,E,E,0,247001-602628,0,0,0,0,0,0,0,0,0
HZ_20,Grower_332,Grower_163,2019,Tolerant,0.9,SE,-,0,178542-592381,0,0,8,1,3,0,2,0,0
HZ_20,Grower_155,Grower_71,2021,Tolerant,2.4,E,A,0,171983-524513,0,0,1,0,0,0,0,0,0
HZ_4,Grower_278,Grower_90,2021,Verysusceptible,4.5,SE,SE,0,086425-398395,0,0,0,0,0,0,0,0,0
HZ_12,Grower_262,Grower_36,2023,Susceptible,1.4,SE,A,0,022175-379514,0,0,4,2,4,1,1,4,0
HZ_47,Grower_275,Grower_99,2019,Verysusceptible,3.25,SE,A,0,085851-399048,0,0,5,5,1,0,0,0,0
HZ_35,Grower_143,Grower_48,2023,Tolerant,1.31,S,E,0,179294-527241,0,0,6,2,3,2,6,6,0
HZ_3,Grower_53,Grower_49,2019,Tolerant,3.0,E,A,0,219176-590140,0,0,2,2,0,0,0,0,0
HZ_5,Grower_41,Grower_3,2020,Susceptible,0.85,SE,SE,0,245504-597834,0,0,0,0,0,0,0,0,0
HZ_8,Grower_364,Grower_146,2021,Tolerant,1.26,SE,SE,0,244651-602980,0,0,2,1,1,0,0,0,0
HZ_47,Grower_275,Grower_42,2020,Verysusceptible,1.85,SE,A,0,076601-400999,0,0,4,0,1,0,0,0,0
HZ_20,Grower_286,Grower_58,2022,Tolerant,1.78,SE,SE,0,255141-597957,0,0,1,0,0,0,0,0,0
HZ_3,Grower_114,Grower_40,2022,Tolerant,2.3,SE,SE,0,175491-591054,0,0,0,0,0,0,0,1,0
HZ_17,Grower_205,Grower_23,2020,Susceptible,1.1,SE,SE,0,120155-568375,0,0,6,4,3,0,1,0,0
HZ_51,Grower_174,Grower_132,2019,Susceptible,3.12,SE,SE,0,041759-371931,0,0,0,0,0,0,0,0,0
HZ_3,Grower_100,Grower_163,2019,Tolerant,1.32,SE,A,0,179234-587616,0,0,0,0,0,0,0,0,0
HZ_17,Grower_381,Grower_58,2021,Susceptible,0.85,S,S,0,190146-599835,0,0,8,6,6,0,0,3,0
HZ_20,Grower_91,Grower_116,2020,Tolerant,1.42,SE,E,0,197415-600360,0,0,2,1,1,0,0,0,0
HZ_20,Grower_41,Grower_112,2021,Tolerant,0.8,SE,SE,0,241708-597169,0,0,8,2,3,0,0,3,0
HZ_4,Grower_259,Grower_9,2020,Verysusceptible,4.45,E,E,0,048543-362819,0,0,6,0,2,0,0,0,0
HZ_37,Grower_65,Grower_44,2019,Tolerant,0.2,E,E,0,227202-604429,0,0,8,1,3,0,0,0,0
HZ_42,Grower_93,Grower_66,2021,Verysusceptible,0.5,E,E,0,173491-591795,0,0,4,1,1,0,0,4,0
HZ_38,Grower_122,Grower_40,2021,Tolerant,1.26,SE,-,0,174916-589672,0,0,2,0,1,0,0,1,1
HZ_2,Grower_277,Grower_107,2019,Tolerant,4.9,SE,A,0,075347-392565,0,0,0,0,0,0,0,0,0
HZ_78,Grower_209,Grower_211,2019,Susceptible,1.56,PB3,E,0,132233-543645,0,0,4,0,1,0,0,0,0
HZ_17,Grower_56,Grower_99,2022,Susceptible,2.27,E,E,0,225508-592368,0,0,5,2,4,0,0,4,0
HZ_4,Grower_95,Grower_205,2019,Verysusceptible,1.3,E,E,0,183571-595226,0,0,8,1,3,0,0,0,0
HZ_21,Grower_53,Grower_28,2019,Verysusceptible,0.8,E,E,0,219190-590170,0,0,1,0,0,0,0,0,0
HZ_8,Grower_230,Grower_146,2021,Tolerant,1.5,SE,-,0,125223-535874,0,0,2,1,1,0,0,0,0
HZ_32,Grower_186,Grower_44,2019,Susceptible,0.75,SE,SE,0,175571-517334,0,0,4,4,2,0,0,0,0
HZ_21,Grower_376,Grower_11,2021,Verysusceptible,0.3,SE,SE,0,205600-594117,0,0,6,5,5,0,0,6,1
HZ_3,Grower_111,Grower_40,2022,Tolerant,1.02,SE,SE,0,173820-591093,0,0,4,1,2,0,0,3,0
HZ_20,Grower_86,Grower_116,2020,Tolerant,2.3,SE,SE,0,196128-600967,0,0,0,0,0,0,0,0,0
HZ_55,Grower_376,Grower_64,2020,Tolerant,0.35,PB4,SE,0,204388-593260,0,0,0,0,0,0,0,0,0
HZ_17,Grower_35,Grower_12,2020,Susceptible,0.6,SE,SE,0,245635-606196,0,0,5,1,2,0,0,0,0
HZ_70,Grower_275,Grower_32,2020,Tolerant,2.4,SE,E,0,102342-411251,0,0,2,2,0,0,0,0,0
HZ_51,Grower_50,Grower_12,2021,Susceptible,1.05,E,AF,1,213407-592994,0,0,0,0,0,0,0,0,0
HZ_4,Grower_166,Grower_11,2021,Verysusceptible,4.5,E,E,0,165684-499344,0,0,6,2,2,0,0,4,0
HZ_3,Grower_119,Grower_40,2020,Tolerant,2.0,E,E,0,174512-583078,0,0,4,1,1,0,1,0,0
HZ_20,Grower_228,Grower_1,2020,Tolerant,5.5,E,E,0,124954-539002,0,0,7,1,3,0,0,0,0
HZ_11,Grower_139,Grower_12,2022,Tolerant,1.0,SE,SE,0,161414-581650,0,0,0,0,0,0,0,0,0
HZ_39,Grower_206,Grower_36,2023,Tolerant,1.15,E,E,0,116076-568684,0,0,0,0,0,0,0,0,0
HZ_36,Grower_109,Grower_11,2023,Tolerant,0.69,SE,E,0,177104-589202,0,0,8,1,4,0,0,3,0
HZ_3,Grower_327,Grower_33,2019,Tolerant,0.89,SE,SE,0,188802-596569,0,0,7,2,4,0,0,0,0
HZ_19,Grower_238,Grower_24,2019,Verysusceptible,0.92,SE,E,1,057240-364173,0,0,8,8,5,0,0,0,0
HZ_8,Grower_191,Grower_28,2022,Tolerant,1.46,SE,SE,0,160654-582043,0,0,7,3,1,1,0,8,0
HZ_20,Grower_223,Grower_1,2022,Tolerant,0.51,SE,SE,0,120311-538233,0,0,3,1,1,0,1,4,0
HZ_20,Grower_189,Grower_82,2022,Tolerant,1.5,E,E,0,174928-519537,0,0,2,1,1,1,0,1,1
HZ_84,Grower_375,Grower_112,2019,Tolerant,0.9,SE,SE,0,224880-594843,0,0,5,2,2,0,0,0,0
HZ_37,Grower_402,Grower_44,2020,Tolerant,4.0,SE,SE,0,075318-403456,0,0,8,1,3,0,0,0,0
HZ_55,Grower_320,Grower_31,2021,Tolerant,2.35,PB4,A,0,209842-592566,0,0,8,3,4,0,0,3,0
HZ_5,Grower_108,Grower_33,2019,Susceptible,1.39,SE,A,0,181310-582359,0,0,3,1,1,0,0,0,0
HZ_4,Grower_132,Grower_61,2020,Verysusceptible,1.35,SE,B,1,159970-569746,0,0,5,0,2,1,0,0,0
HZ_20,Grower_40,Grower_2,2020,Tolerant,0.45,SE,E,0,247252-604738,0,0,8,2,3,1,1,0,0
HZ_43,Grower_91,Grower_18,2020,Tolerant,0.55,SE,SE,0,196717-599133,0,0,2,1,1,0,0,0,0
HZ_20,Grower_204,Grower_32,2020,Tolerant,3.2,E,E,0,120326-566267,0,0,8,8,5,0,4,0,0
HZ_51,Grower_248,Grower_12,2021,Susceptible,2.28,SE,SE,0,060312-372494,0,0,8,0,3,0,2,4,0
HZ_4,Grower_93,Grower_61,2020,Verysusceptible,0.63,SE,E,0,180168-592966,0,0,5,0,2,1,0,0,0
HZ_17,Grower_275,Grower_42,2023,Susceptible,1.09,SE,E,0,083314-401519,0,0,0,0,0,0,0,0,0
HZ_17,Grower_196,Grower_83,2022,Susceptible,0.63,SE,SE,0,120117-567738,0,0,8,4,8,4,0,6,0
HZ_29,Grower_105,Grower_112,2022,Tolerant,1.0,PB4,PB4,0,122126-567961,0,0,2,2,1,0,0,4,0
HZ_3,Grower_197,Grower_83,2023,Tolerant,0.9,PB4,SE,0,118981-564199,0,0,4,0,0,0,0,7,0
HZ_55,Grower_362,Grower_31,2021,Tolerant,1.81,SE,E,0,239521-601929,0,0,0,0,0,0,0,0,0
HZ_17,Grower_83,Grower_52,2022,Susceptible,2.0,SE,SE,0,196203-597543,0,0,4,0,2,0,0,0,0
HZ_55,Grower_376,Grower_114,2021,Tolerant,1.05,SE,SE,0,205600-594117,0,0,0,0,0,0,0,5,0
HZ_50,Grower_327,Grower_42,2021,Tolerant,0.42,PB4,PB4,0,188551-596911,0,0,0,0,0,0,0,0,0
HZ_5,Grower_4,Grower_47,2021,Susceptible,0.45,E,E,0,246928-601945,0,0,1,1,0,0,0,1,0
HZ_3,Grower_217,Grower_48,2023,Tolerant,0.85,SE,E,0,119370-541421,0,0,1,0,0,0,0,0,0
HZ_39,Grower_134,Grower_133,2019,Tolerant,1.5,SE,SE,0,170726-581260,0,0,1,0,0,0,3,0,0
HZ_13,Grower_251,Grower_22,2021,Tolerant,2.6,SE,SE,0,063170-365590,0,0,3,1,1,0,0,1,0
HZ_20,Grower_212,Grower_83,2020,Tolerant,0.7,PB3,-,0,133969-536585,0,0,8,1,3,0,0,0,0
HZ_3,Grower_130,Grower_75,2020,Tolerant,0.95,SE,-,0,166780-583560,0,0,1,0,0,0,0,0,0
HZ_4,Grower_259,Grower_1,2022,Verysusceptible,1.5,E,E,0,048711-366839,0,0,2,0,1,0,1,6,0
HZ_47,Grower_271,Grower_44,2022,Verysusceptible,2.0,SE,E,0,093460-399894,0,0,6,4,1,0,0,0,0
HZ_72,Grower_148,Grower_151,2019,Tolerant,0.6,SE,A,0,176305-529430,0,0,0,0,0,0,0,0,0
HZ_20,Grower_55,Grower_2,2019,Tolerant,1.25,SE,SE,0,228487-603928,0,0,7,3,5,0,1,0,0
HZ_22,Grower_255,Grower_33,2023,Tolerant,3.95,SE,E,1,039696-366888,0,0,8,4,3,1,0,4,0
HZ_7,Grower_320,Grower_116,2022,Tolerant,4.03,PB4,PB4,0,210550-591419,0,0,1,0,0,0,0,0,0
HZ_20,Grower_162,Grower_229,2019,Tolerant,1.16,E,A,0,164384-494370,0,0,0,0,0,0,0,0,0
HZ_35,Grower_147,Grower_40,2020,Tolerant,1.9,E,A,0,178522-534565,0,0,6,6,1,0,8,0,0
HZ_20,Grower_223,Grower_8,2019,Tolerant,1.83,E,A,0,128656-539216,0,0,6,4,3,0,0,0,0
HZ_4,Grower_454,Grower_7,2019,Verysusceptible,0.58,SE,A,0,091436-423076,0,0,4,1,1,0,0,0,0
HZ_20,Grower_446,Grower_82,2019,Tolerant,0.62,SE,SE,0,177934-532605,0,0,1,1,0,0,0,0,0
HZ_20,Grower_91,Grower_28,2023,Tolerant,0.72,PB4,-,0,198348-599440,0,0,2,1,1,0,0,2,0
HZ_14,Grower_44,Grower_43,2023,Susceptible,0.84,S,E,1,231259-602569,0,0,0,0,0,0,0,0,0
HZ_20,Grower_209,Grower_83,2019,Tolerant,1.69,E,E,0,132814-534700,0,0,8,3,4,1,0,0,0
HZ_8,Grower_404,Grower_82,2019,Tolerant,4.0,SE,SE,0,086069-398405,0,0,1,0,0,1,0,0,0
HZ_20,Grower_114,Grower_116,2022,Tolerant,0.75,SE,SE,0,175044-592201,0,0,6,3,3,1,1,5,1
HZ_51,Grower_58,Grower_12,2021,Susceptible,1.0,E,A,1,225595-600224,0,0,8,0,3,0,2,4,0
HZ_70,Grower_206,Grower_2,2022,Tolerant,0.5,PB3,PB3,0,115908-568415,0,0,3,4,0,0,0,1,1
HZ_70,Grower_105,Grower_2,2021,Tolerant,0.85,PB4,E,0,119620-568457,0,0,2,0,1,0,0,0,0
HZ_3,Grower_20,Grower_110,2020,Tolerant,1.05,SE,SE,0,233637-601976,0,0,5,0,2,0,0,0,0
HZ_16,Grower_26,Grower_8,2021,Susceptible,1.39,SE,SE,0,234895-603463,0,0,4,0,1,0,0,1,0
HZ_2,Grower_97,Grower_205,2019,Tolerant,0.65,PB3,SE,0,190009-597520,0,0,0,0,0,0,0,0,0
HZ_16,Grower_156,Grower_8,2020,Susceptible,0.43,SE,E,0,176248-538007,0,0,0,0,0,0,0,0,0
HZ_56,Grower_449,Grower_228,2019,Susceptible,0.6,SE,SE,0,181102-532217,0,0,0,0,0,0,0,0,0
HZ_3,Grower_87,Grower_163,2019,Tolerant,0.8,SE,SE,0,201696-600050,0,0,0,0,0,0,0,0,0
HZ_17,Grower_108,Grower_58,2023,Susceptible,0.87,SE,SE,0,180754-584350,0,0,0,0,0,0,0,0,0
HZ_19,Grower_285,Grower_24,2019,Verysusceptible,1.0,SE,SE,0,252463-597515,0,0,8,8,5,0,0,0,0
HZ_65,Grower_4,Grower_49,2019,Tolerant,0.42,SE,A,0,252440-600916,0,0,4,2,2,0,0,0,0
HZ_20,Grower_247,Grower_163,2020,Tolerant,1.7,S,E,0,037201-373687,0,0,6,0,2,0,0,0,0
HZ_12,Grower_188,Grower_95,2022,Susceptible,0.8,SE,E,0,170348-522526,0,0,7,5,6,4,2,7,0
HZ_5,Grower_41,Grower_47,2020,Susceptible,1.3,SE,SE,0,245504-597834,0,0,0,0,0,0,0,0,0
HZ_20,Grower_215,Grower_8,2019,Tolerant,1.64,E,E,0,120340-536023,0,0,6,4,3,0,0,0,0
HZ_20,Grower_310,Grower_58,2019,Tolerant,2.05,SE,E,1,230444-592747,0,0,8,5,2,0,2,0,0
HZ_17,Grower_8,Grower_12,2019,Susceptible,1.28,E,E,0,247201-596448,0,0,5,2,2,0,0,0,0
HZ_4,Grower_161,Grower_89,2022,Verysusceptible,1.23,SE,SE,0,175460-508172,0,0,1,0,0,0,0,4,0
HZ_8,Grower_193,Grower_58,2022,Tolerant,2.0,SE,SE,0,173661-522422,0,0,6,1,0,0,1,7,1
HZ_12,Grower_253,Grower_146,2021,Susceptible,0.75,E,E,0,058462-411009,0,0,0,0,0,0,0,0,0
HZ_3,Grower_234,Grower_3,2023,Tolerant,0.5,SE,E,0,119820-521783,0,0,0,0,0,0,0,0,0
HZ_4,Grower_255,Grower_61,2019,Verysusceptible,3.2,S,E,0,044819-369813,0,0,4,0,1,0,0,0,0
HZ_5,Grower_259,Grower_47,2020,Susceptible,0.4,E,A,0,049846-362075,0,0,0,0,0,0,0,0,0
HZ_3,Grower_261,Grower_36,2019,Tolerant,3.5,E,A,0,058763-413180,0,0,2,1,1,0,0,0,0
HZ_3,Grower_100,Grower_76,2021,Tolerant,1.0,SE,SE,0,178014-587483,0,0,2,1,1,0,0,0,1
HZ_43,Grower_195,Grower_76,2020,Tolerant,1.85,E,E,0,114402-564467,0,0,6,6,1,0,0,0,0
HZ_20,Grower_55,Grower_1,2022,Tolerant,0.37,SE,-,0,228352-603546,0,0,3,1,1,0,1,4,0
HZ_54,Grower_343,Grower_1,2021,Verysusceptible,0.5,SE,A,1,184203-526056,0,0,7,6,4,0,3,7,0
HZ_4,Grower_250,Grower_11,2022,Verysusceptible,1.4,SE,SE,0,015506-368844,0,0,6,4,4,2,3,8,0
HZ_3,Grower_173,Grower_74,2019,Tolerant,1.7,SE,A,0,183446-521222,0,0,0,0,0,0,0,0,0
HZ_37,Grower_203,Grower_59,2020,Tolerant,4.19,SE,SE,0,237056-434440,0,0,0,0,0,0,0,0,0
HZ_17,Grower_133,Grower_99,2022,Susceptible,3.9,SE,SE,0,169354-586471,0,0,5,2,4,0,0,4,0
HZ_5,Grower_41,Grower_20,2019,Susceptible,3.2,SE,SE,0,242312-600413,0,0,0,0,0,0,0,0,0
HZ_20,Grower_162,Grower_71,2020,Tolerant,2.2,SE,A,0,164714-494113,0,0,1,0,0,0,0,0,0
HZ_5,Grower_134,Grower_42,2020,Susceptible,1.11,SE,SE,0,171140-581252,0,0,3,0,1,0,0,0,0
HZ_39,Grower_308,Grower_36,2020,Tolerant,1.1,SE,SE,0,219850-598502,0,0,8,0,3,0,1,0,0
HZ_4,Grower_209,Grower_182,2020,Verysusceptible,2.7,E,E,0,131902-545721,0,0,1,0,0,0,0,0,0
HZ_90,Grower_196,Grower_4,2019,Susceptible,0.3,SE,SE,0,118428-569464,0,0,6,0,2,0,0,0,0
HZ_20,Grower_105,Grower_1,2022,Tolerant,1.5,PB4,PB4,0,119154-565757,0,0,0,0,0,0,0,0,0
HZ_17,Grower_236,Grower_46,2021,Susceptible,0.9,SE,SE,0,134358-523028,0,0,4,1,1,0,1,0,0
HZ_3,Grower_337,Grower_82,2022,Tolerant,0.38,E,-,0,177386-532937,0,0,1,0,1,0,0,0,0
HZ_61,Grower_382,Grower_44,2019,Susceptible,1.75,SE,E,1,048846-394233,0,0,8,8,5,0,0,0,0
HZ_70,Grower_105,Grower_32,2020,Tolerant,3.0,E,E,0,121667-571974,0,0,8,6,6,0,0,0,0
HZ_5,Grower_248,Grower_3,2021,Susceptible,2.03,SE,SE,0,059612-369635,0,0,1,0,0,0,0,0,0
HZ_51,Grower_139,Grower_61,2021,Susceptible,2.7,E,E,0,161825-583201,0,0,2,0,1,0,0,0,0
HZ_43,Grower_81,Grower_65,2023,Tolerant,0.7,SE,A,0,198130-597473,0,0,4,1,2,1,0,0,0
HZ_20,Grower_203,Grower_1,2023,Tolerant,2.76,SE,SE,0,224125-435490,0,0,0,0,0,0,0,0,0
HZ_43,Grower_65,Grower_18,2020,Tolerant,0.67,SE,SE,0,226374-602318,0,0,1,0,0,0,0,0,0
HZ_19,Grower_401,Grower_24,2020,Verysusceptible,2.5,SE,SE,0,059879-399855,0,0,4,1,1,0,0,0,0
HZ_20,Grower_232,Grower_99,2022,Tolerant,2.25,E,E,0,115705-525925,0,0,1,0,0,0,1,3,0
HZ_12,Grower_337,Grower_95,2020,Susceptible,1.1,SE,SE,0,177508-532859,0,0,0,0,0,0,0,0,0
HZ_15,Grower_203,Grower_19,2019,Verysusceptible,4.5,SE,AF,0,232945-433800,0,0,6,5,5,0,0,0,0
HZ_3,Grower_222,Grower_65,2023,Tolerant,1.0,SE,SE,0,124307-541506,0,0,1,0,0,0,0,0,0
HZ_17,Grower_200,Grower_12,2020,Susceptible,1.65,E,A,1,117581-571623,0,0,6,5,5,0,0,0,0
HZ_5,Grower_306,Grower_3,2019,Susceptible,0.8,SE,B,0,249461-595516,0,0,0,0,0,0,0,0,0
HZ_20,Grower_324,Grower_76,2019,Tolerant,0.8,E,E,0,190436-598920,0,0,8,2,3,0,0,0,0
HZ_42,Grower_77,Grower_66,2021,Verysusceptible,1.79,SE,SE,0,205538-599709,0,0,4,2,2,0,0,4,0
HZ_5,Grower_324,Grower_33,2021,Susceptible,2.1,PB4,PB4,0,190344-598580,0,0,1,0,0,0,0,1,0
HZ_2,Grower_93,Grower_2,2023,Tolerant,0.8,SE,SE,0,180196-592961,0,0,4,0,1,0,0,0,0
HZ_39,Grower_206,Grower_74,2023,Tolerant,1.5,E,A,0,115117-567262,0,0,0,0,1,0,0,1,0
HZ_7,Grower_320,Grower_66,2021,Tolerant,1.8,SE,SE,0,210483-591111,0,0,2,0,1,0,0,7,0
HZ_17,Grower_151,Grower_23,2021,Susceptible,3.0,SE,SE,0,170111-530312,0,0,8,1,3,0,0,1,1
HZ_12,Grower_188,Grower_14,2023,Susceptible,1.6,E,A,0,170382-522960,0,0,1,0,1,0,0,1,0
HZ_31,Grower_273,Grower_29,2023,Tolerant,2.85,SE,SE,0,088992-397498,0,0,5,1,5,0,0,1,0
HZ_3,Grower_123,Grower_52,2022,Tolerant,0.16,SE,SE,0,170998-588303,0,0,0,0,0,0,0,1,0
HZ_5,Grower_89,Grower_42,2023,Susceptible,2.4,SE,-,0,198280-600388,0,0,0,0,0,0,0,0,0
HZ_12,Grower_130,Grower_61,2020,Susceptible,2.1,E,E,0,167223-582430,0,0,1,0,0,0,0,0,0
HZ_16,Grower_206,Grower_1,2022,Susceptible,0.55,E,E,0,113412-564492,0,0,0,0,0,0,0,0,0
HZ_36,Grower_91,Grower_11,2023,Tolerant,0.28,SE,SE,0,196064-599363,0,0,8,1,4,0,0,3,0
HZ_20,Grower_311,Grower_1,2020,Tolerant,1.55,SE,SE,0,214431-590355,0,0,5,0,2,0,0,0,0
HZ_35,Grower_147,Grower_51,2021,Tolerant,0.77,SE,SE,0,178266-535033,0,0,8,7,4,0,4,8,0
HZ_22,Grower_201,Grower_183,2020,Tolerant,1.5,SE,SE,0,089853-402719,0,0,7,4,4,0,0,0,0
HZ_3,Grower_93,Grower_44,2020,Tolerant,0.68,SE,E,0,180168-592966,0,0,6,1,2,0,0,0,0
HZ_23,Grower_174,Grower_36,2023,Verysusceptible,2.83,SE,AF,0,050787-370159,0,0,8,0,8,3,0,8,0
HZ_64,Grower_342,Grower_75,2021,Tolerant,0.38,SE,SE,0,186845-517865,0,0,4,2,2,0,0,1,0
HZ_46,Grower_259,Grower_75,2022,Susceptible,0.55,E,AF,0,051503-361031,0,0,8,5,0,1,8,8,0
HZ_47,Grower_271,Grower_42,2019,Verysusceptible,1.4,SE,A,1,093377-395706,0,0,7,6,4,0,0,0,0
HZ_20,Grower_223,Grower_8,2020,Tolerant,0.34,E,E,0,128336-538289,0,0,8,4,6,0,0,0,0
HZ_17,Grower_106,Grower_46,2021,Susceptible,0.98,SE,SE,0,129914-532621,0,0,4,1,1,0,1,0,0
HZ_47,Grower_255,Grower_42,2021,Verysusceptible,5.0,SE,A,0,044690-370234,0,0,3,0,1,0,0,0,0
HZ_39,Grower_130,Grower_130,2022,Tolerant,0.65,SE,-,0,166617-581798,0,0,0,0,0,0,0,0,0
HZ_3,Grower_26,Grower_110,2022,Tolerant,1.83,SE,SE,0,239501-599501,0,0,1,0,0,0,0,1,1
HZ_24,Grower_305,Grower_40,2021,Tolerant,1.09,SE,-,0,246304-605403,0,0,7,4,4,0,0,1,1
HZ_3,Grower_322,Grower_76,2021,Tolerant,3.29,SE,SE,0,202432-601116,0,0,2,1,1,0,0,0,1
HZ_3,Grower_126,Grower_75,2023,Tolerant,1.0,SE,-,0,164396-579868,0,0,1,0,0,0,0,0,0
HZ_20,Grower_244,Grower_90,2020,Tolerant,1.5,SE,SE,0,049637-370151,0,0,5,0,2,0,0,0,0
HZ_17,Grower_148,Grower_46,2021,Susceptible,1.1,SE,SE,0,176600-528848,0,0,4,1,1,0,1,0,0
HZ_16,Grower_282,Grower_66,2022,Susceptible,2.69,SE,SE,0,232949-435161,0,0,5,0,2,0,0,0,0
HZ_3,Grower_205,Grower_65,2022,Tolerant,0.3,E,A,0,117615-563126,0,0,3,0,1,0,0,5,0
HZ_20,Grower_281,Grower_49,2020,Tolerant,3.7,SE,A,0,075593-397796,0,0,8,2,3,0,0,0,0
HZ_3,Grower_24,Grower_113,2022,Tolerant,2.8,E,E,0,242521-600184,0,0,1,0,0,1,0,1,0
HZ_12,Grower_236,Grower_125,2020,Susceptible,2.0,E,E,0,135853-521383,0,0,0,0,0,0,0,0,0
HZ_17,Grower_274,Grower_133,2020,Susceptible,2.5,SE,AF,0,075979-402322,0,0,8,3,4,0,0,0,0
HZ_3,Grower_141,Grower_41,2019,Tolerant,1.48,E,E,0,159243-580238,0,0,1,1,0,0,0,0,0
HZ_39,Grower_287,Grower_36,2021,Tolerant,1.98,SE,SE,0,248451-597736,0,0,4,0,1,0,1,3,0
HZ_80,Grower_175,Grower_58,2020,Verysusceptible,0.65,SE,A,1,185898-516949,0,0,0,0,0,0,0,0,0
HZ_22,Grower_36,Grower_155,2019,Tolerant,1.05,SE,SE,0,246360-609174,0,0,2,3,0,0,0,0,0
HZ_12,Grower_373,Grower_125,2020,Susceptible,5.3,SE,AF,1,105145-471733,0,0,0,0,0,0,0,0,0
HZ_48,Grower_90,Grower_61,2019,Verysusceptible,0.8,SE,A,0,196791-600598,0,0,0,0,0,0,0,0,0
HZ_20,Grower_206,Grower_83,2019,Tolerant,1.4,SE,A,0,117844-566458,0,0,8,4,6,1,0,0,0
HZ_54,Grower_154,Grower_1,2022,Verysusceptible,0.47,E,E,0,170638-532991,0,0,0,0,0,0,8,4,2
HZ_65,Grower_267,Grower_12,2023,Tolerant,2.15,SE,E,0,094189-423500,0,0,4,0,0,0,0,1,0
HZ_39,Grower_118,Grower_61,2023,Tolerant,0.68,SE,SE,0,170309-590802,0,0,8,0,2,0,0,8,0
HZ_10,Grower_268,Grower_52,2023,Tolerant,3.1,SE,-,0,067200-399924,0,0,1,0,0,1,0,0,0
HZ_17,Grower_212,Grower_47,2019,Susceptible,0.22,SE,SE,0,133917-535933,0,0,8,8,5,0,0,0,0
HZ_20,Grower_148,Grower_71,2020,Tolerant,0.4,SE,SE,0,175987-529226,0,0,1,0,0,0,0,0,0
HZ_17,Grower_202,Grower_32,2021,Susceptible,0.9,PB4,PB4,0,120705-571443,0,0,8,2,3,0,1,0,1
HZ_43,Grower_42,Grower_18,2020,Tolerant,1.22,SE,SE,0,247117-600643,0,0,2,1,1,0,0,0,0
HZ_22,Grower_43,Grower_38,2023,Tolerant,1.9,PB4,PB4,0,216833-595648,0,0,1,0,1,0,0,5,0
HZ_17,Grower_309,Grower_22,2021,Susceptible,0.62,PB4,A,1,214899-598438,0,0,8,7,4,3,3,7,0
HZ_13,Grower_239,Grower_22,2021,Tolerant,0.86,SE,E,0,039132-369534,0,0,3,1,1,0,0,1,0
HZ_48,Grower_259,Grower_99,2019,Verysusceptible,1.9,SE,AF,1,048872-360789,0,0,8,8,5,0,8,0,0
HZ_12,Grower_372,Grower_136,2020,Susceptible,1.93,E,A,1,132525-537540,0,0,8,7,4,0,8,0,0
HZ_58,Grower_117,Grower_52,2020,Susceptible,0.53,SE,SE,0,168839-588498,0,0,1,1,0,0,0,0,0
HZ_36,Grower_64,Grower_11,2021,Tolerant,0.6,SE,-,0,224942-598690,0,0,6,0,2,0,0,0,0
HZ_20,Grower_220,Grower_11,2020,Tolerant,1.79,SE,E,0,129585-543768,0,0,4,1,1,0,0,0,0
HZ_17,Grower_121,Grower_40,2019,Susceptible,1.38,E,E,0,177960-582357,0,0,8,8,5,0,4,0,0
HZ_33,Grower_46,Grower_40,2022,Tolerant,2.49,E,E,0,218232-590395,0,0,0,0,0,0,0,0,0
HZ_8,Grower_39,Grower_39,2019,Tolerant,1.2,SE,A,0,245711-604404,0,0,0,0,0,0,0,0,0
HZ_61,Grower_244,Grower_205,2019,Susceptible,1.5,E,E,0,048334-365934,0,0,8,5,2,0,0,0,0
HZ_55,Grower_177,Grower_74,2020,Tolerant,0.64,SE,E,0,182786-522676,0,0,0,0,0,0,0,0,0
HZ_54,Grower_154,Grower_1,2020,Verysusceptible,0.32,E,E,0,170910-531864,0,0,8,5,2,0,0,0,0
HZ_17,Grower_26,Grower_23,2022,Susceptible,0.56,SE,-,0,237016-599157,0,0,7,1,2,2,0,0,0
HZ_20,Grower_223,Grower_8,2020,Tolerant,2.07,E,A,0,140067-526210,0,0,8,4,6,0,0,0,0
HZ_47,Grower_455,Grower_99,2019,Verysusceptible,2.0,SE,A,0,094691-406575,0,0,5,5,1,0,0,0,0
HZ_5,Grower_239,Grower_29,2023,Susceptible,2.7,SE,E,0,038984-369093,0,0,1,1,0,0,0,0,0
HZ_20,Grower_206,Grower_68,2023,Tolerant,1.1,PB4,E,0,114033-566487,0,0,3,2,2,4,0,0,0
HZ_4,Grower_182,Grower_90,2022,Verysusceptible,0.1,E,E,0,189712-528955,0,0,8,7,3,2,0,1,0
HZ_20,Grower_276,Grower_76,2019,Tolerant,1.95,SE,SE,0,094911-402188,0,0,8,2,3,0,0,0,0
HZ_17,Grower_368,Grower_61,2020,Susceptible,0.5,SE,AF,0,160384-579415,0,0,8,5,2,0,1,0,0
HZ_12,Grower_264,Grower_15,2021,Susceptible,1.2,E,E,0,062409-371921,0,0,5,0,2,0,0,3,0
HZ_17,Grower_106,Grower_42,2023,Susceptible,0.68,SE,SE,0,129922-533041,0,0,0,0,0,0,0,0,0
HZ_27,Grower_83,Grower_2,2019,Tolerant,2.18,SE,A,0,198841-599136,0,0,0,0,0,0,1,0,0
HZ_1,Grower_34,Grower_112,2020,Tolerant,1.46,SE,SE,0,245268-606874,0,0,0,0,0,0,0,0,0
HZ_37,Grower_161,Grower_36,2023,Tolerant,0.84,SE,SE,0,175321-507945,0,0,0,0,0,0,0,0,0
HZ_4,Grower_129,Grower_11,2022,Verysusceptible,2.25,E,E,0,159151-579598,0,0,6,4,4,2,3,8,0
HZ_42,Grower_113,Grower_66,2021,Verysusceptible,2.1,E,E,0,175614-592510,0,0,4,1,1,0,0,4,0
HZ_3,Grower_444,Grower_33,2019,Tolerant,0.35,E,E,0,184729-595398,0,0,7,2,4,0,0,0,0
HZ_50,Grower_356,Grower_151,2021,Tolerant,1.49,SE,SE,0,101151-476404,0,0,3,0,1,0,0,0,1
HZ_12,Grower_253,Grower_6,2023,Susceptible,1.34,SE,E,0,058928-411896,0,0,8,0,7,2,0,8,0
HZ_5,Grower_154,Grower_86,2023,Susceptible,1.99,E,A,0,169323-530327,0,0,0,0,0,0,0,0,0
HZ_4,Grower_231,Grower_1,2020,Verysusceptible,0.49,SE,SE,0,122210-537449,0,0,6,2,2,0,3,0,0
HZ_15,Grower_259,Grower_21,2022,Verysusceptible,0.8,E,E,0,051640-361437,0,0,5,1,4,0,1,4,1
HZ_34,Grower_94,Grower_32,2023,Verysusceptible,0.7,SE,SE,0,185724-595203,0,0,8,1,4,7,0,0,0
HZ_3,Grower_54,Grower_123,2019,Tolerant,0.41,PB3,-,0,217733-594162,0,0,0,0,0,0,0,0,0
HZ_4,Grower_107,Grower_205,2019,Verysusceptible,0.1,SE,SE,0,179766-588411,0,0,0,0,0,0,0,0,0
HZ_12,Grower_23,Grower_95,2019,Susceptible,1.54,SE,AF,0,239395-605262,0,0,4,1,1,0,0,0,0
HZ_52,Grower_136,Grower_1,2023,Tolerant,1.25,E,E,0,164005-579524,0,0,1,0,0,0,0,0,0
HZ_43,Grower_17,Grower_18,2019,Tolerant,0.8,SE,SE,0,241958-605761,0,0,1,1,0,0,0,0,0
HZ_3,Grower_37,Grower_113,2020,Tolerant,1.15,SE,SE,0,246943-606310,0,0,2,0,1,0,0,0,0
HZ_12,Grower_218,Grower_15,2023,Susceptible,1.32,SE,SE,0,117558-538409,0,0,1,0,1,1,0,2,0
HZ_12,Grower_130,Grower_61,2020,Susceptible,2.6,E,E,0,167093-582360,0,0,1,0,0,0,0,0,0
HZ_15,Grower_203,Grower_21,2023,Verysusceptible,1.26,SE,E,1,233911-436502,0,0,5,0,4,0,0,0,0
HZ_17,Grower_202,Grower_12,2021,Susceptible,3.34,SE,E,1,120705-571443,0,0,6,3,4,0,0,2,0
HZ_8,Grower_364,Grower_28,2021,Tolerant,2.33,SE,SE,0,243575-604059,0,0,1,0,0,0,0,0,1
HZ_17,Grower_104,Grower_58,2022,Susceptible,1.1,SE,SE,0,187295-597337,0,0,4,2,2,0,2,3,0
HZ_32,Grower_46,Grower_44,2023,Susceptible,1.08,E,AF,0,217719-590602,0,0,6,2,3,1,0,0,0
HZ_5,Grower_203,Grower_47,2022,Susceptible,5.22,SE,SE,0,229577-430990,0,0,0,0,0,0,0,0,0
HZ_17,Grower_332,Grower_22,2021,Susceptible,1.0,PB4,A,1,180079-591051,0,0,8,7,4,3,3,7,0
HZ_35,Grower_249,Grower_51,2019,Tolerant,3.3,SE,A,0,053018-360443,0,0,8,8,5,0,5,0,0
HZ_20,Grower_19,Grower_12,2019,Tolerant,0.46,E,AF,0,244280-600909,0,0,8,1,3,0,0,0,0
HZ_24,Grower_143,Grower_94,2022,Tolerant,1.75,SE,SE,0,175084-517797,0,0,7,3,3,0,0,2,0
HZ_5,Grower_10,Grower_3,2020,Susceptible,3.48,E,A,0,261838-585284,0,0,1,0,0,0,0,0,0
HZ_3,Grower_367,Grower_112,2021,Tolerant,1.3,SE,SE,0,219442-601244,0,0,0,0,0,0,0,0,0
HZ_66,Grower_274,Grower_58,2022,Verysusceptible,2.0,SE,E,0,076494-401537,0,0,1,0,0,0,2,2,0
HZ_43,Grower_62,Grower_36,2021,Tolerant,0.32,SE,E,1,215462-581914,0,0,7,0,3,0,0,3,0
HZ_29,Grower_66,Grower_16,2023,Tolerant,1.76,SE,SE,0,229364-597888,0,0,0,0,0,0,0,0,0
HZ_1,Grower_275,Grower_71,2022,Tolerant,2.6,SE,SE,0,088718-398661,0,0,1,1,0,2,0,0,0
HZ_24,Grower_294,Grower_24,2021,Tolerant,1.43,SE,SE,0,238317-605706,0,0,1,0,0,0,0,1,0
HZ_3,Grower_298,Grower_113,2022,Tolerant,3.3,SE,SE,0,244997-604161,0,0,1,0,0,1,0,1,0
HZ_5,Grower_234,Grower_29,2021,Susceptible,2.7,SE,SE,0,123199-520758,0,0,3,0,1,0,0,1,0
HZ_42,Grower_279,Grower_66,2022,Verysusceptible,3.35,SE,SE,0,084041-397534,0,0,8,1,0,0,3,2,0
HZ_5,Grower_89,Grower_33,2020,Susceptible,0.4,SE,SE,0,193434-599996,0,0,0,0,0,0,0,0,0
HZ_22,Grower_36,Grower_115,2021,Tolerant,1.5,SE,SE,0,246520-609032,0,0,4,0,1,0,0,0,0
HZ_51,Grower_105,Grower_119,2020,Susceptible,2.5,SE,SE,0,119640-568199,0,0,6,3,4,0,1,0,0
HZ_3,Grower_94,Grower_76,2022,Tolerant,0.6,SE,SE,0,185226-596184,0,0,4,1,1,0,0,3,0
HZ_5,Grower_133,Grower_42,2019,Susceptible,1.26,SE,-,0,162265-579969,0,0,0,0,0,0,0,0,0
HZ_4,Grower_262,Grower_1,2020,Verysusceptible,1.05,SE,SE,0,021526-378001,0,0,6,2,2,0,3,0,0
HZ_12,Grower_263,Grower_36,2023,Susceptible,4.24,SE,SE,0,035392-375886,0,0,4,2,4,1,1,4,0
HZ_20,Grower_48,Grower_28,2023,Tolerant,2.47,SE,SE,0,228690-596689,0,0,2,1,1,0,0,2,0
HZ_4,Grower_10,Grower_117,2019,Verysusceptible,1.3,SE,E,0,262179-585225,0,0,7,4,4,0,0,0,0
HZ_12,Grower_154,Grower_146,2021,Susceptible,2.0,E,E,0,169779-530299,0,0,0,0,0,0,0,0,0
HZ_20,Grower_89,Grower_116,2021,Tolerant,2.8,SE,SE,0,194350-600598,0,0,3,1,1,0,0,0,0
HZ_22,Grower_280,Grower_88,2020,Tolerant,2.36,SE,SE,0,088293-401863,0,0,3,0,1,0,0,0,0
HZ_3,Grower_294,Grower_113,2019,Tolerant,0.44,SE,SE,0,237898-607362,0,0,0,0,0,0,0,0,0
HZ_19,Grower_238,Grower_50,2021,Verysusceptible,2.6,PB4,A,1,058406-362934,0,0,8,5,2,0,0,2,0
HZ_35,Grower_228,Grower_201,2019,Tolerant,5.0,E,A,0,125201-539041,0,0,8,8,5,0,4,0,0
HZ_19,Grower_11,Grower_24,2021,Verysusceptible,0.67,SE,SE,0,250760-601601,0,0,2,0,1,0,0,1,1
HZ_24,Grower_176,Grower_48,2020,Tolerant,1.09,SE,SE,0,182116-531233,0,0,2,0,1,0,0,0,0
HZ_7,Grower_141,Grower_59,2022,Tolerant,1.2,E,E,0,159228-580593,0,0,1,1,0,0,0,0,0
HZ_39,Grower_134,Grower_42,2023,Tolerant,4.78,E,A,0,174019-582655,0,0,6,0,0,0,0,2,0
HZ_11,Grower_127,Grower_12,2022,Tolerant,0.8,PB4,PB4,0,168356-583673,0,0,0,0,0,0,0,0,0
HZ_2,Grower_65,Grower_22,2019,Tolerant,0.54,SE,SE,0,227202-604429,0,0,8,4,6,0,0,0,0
HZ_20,Grower_55,Grower_50,2023,Tolerant,1.8,SE,SE,0,227958-602907,0,0,7,0,3,0,0,4,0
HZ_12,Grower_178,Grower_95,2023,Susceptible,0.4,SE,A,0,182670-529489,0,0,6,0,6,1,0,6,0
HZ_23,Grower_71,Grower_32,2022,Verysusceptible,1.57,SE,E,0,228475-603186,0,0,8,0,0,0,2,1,0
HZ_30,Grower_93,Grower_66,2022,Verysusceptible,2.0,E,E,0,173686-591774,0,0,1,0,1,0,0,0,0
HZ_4,Grower_259,Grower_1,2023,Verysusceptible,0.91,SE,AF,0,049304-361866,0,0,0,0,0,0,0,0,0
HZ_3,Grower_168,Grower_228,2019,Tolerant,3.0,SE,SE,0,185228-531764,0,0,0,0,0,0,0,0,0
HZ_6,Grower_8,Grower_113,2020,Tolerant,2.95,E,E,0,247388-595649,0,0,4,1,1,0,0,0,0
HZ_20,Grower_122,Grower_11,2019,Tolerant,0.35,SE,A,0,175689-589669,0,0,4,1,1,0,1,0,0
HZ_3,Grower_122,Grower_66,2019,Tolerant,0.84,SE,SE,0,175689-589669,0,0,3,1,1,0,0,0,0
HZ_20,Grower_247,Grower_29,2021,Tolerant,1.7,SE,SE,0,037812-373659,0,0,1,0,0,0,0,0,0
HZ_5,Grower_297,Grower_20,2019,Susceptible,0.79,SE,SE,0,234308-602911,0,0,0,0,0,0,0,0,0
HZ_5,Grower_306,Grower_47,2020,Susceptible,1.8,SE,SE,0,245366-595281,0,0,0,0,0,0,0,0,0
HZ_12,Grower_42,Grower_15,2020,Susceptible,1.08,SE,SE,0,247117-600643,0,0,0,0,0,0,0,0,0
HZ_20,Grower_228,Grower_90,2021,Tolerant,1.0,E,E,0,124432-537926,0,0,7,3,5,0,0,0,0
HZ_50,Grower_226,Grower_47,2021,Tolerant,1.8,SE,E,0,121354-541420,0,0,8,4,6,0,0,8,4
HZ_4,Grower_77,Grower_33,2021,Verysusceptible,1.2,E,A,1,205217-600347,0,0,6,0,2,0,1,1,0
HZ_4,Grower_406,Grower_11,2020,Verysusceptible,1.8,SE,AF,0,274305-583984,0,0,0,0,0,0,0,0,0
HZ_64,Grower_375,Grower_1,2020,Tolerant,0.9,SE,SE,0,225085-596305,0,0,3,0,1,0,0,0,0
HZ_14,Grower_8,Grower_29,2022,Susceptible,1.28,E,E,0,248698-595459,0,0,2,0,2,0,0,0,0
HZ_13,Grower_201,Grower_46,2020,Tolerant,3.1,SE,A,0,089213-402142,0,0,2,0,1,0,1,0,0
HZ_12,Grower_173,Grower_95,2020,Susceptible,2.2,SE,A,0,183893-520531,0,0,1,0,0,0,0,0,0
HZ_3,Grower_175,Grower_86,2022,Tolerant,0.45,SE,A,0,186773-523796,0,0,1,0,1,0,0,1,0
HZ_3,Grower_151,Grower_71,2019,Tolerant,3.0,SE,SE,0,177263-537174,0,0,1,1,0,0,0,0,0
HZ_4,Grower_253,Grower_1,2023,Verysusceptible,2.2,SE,SE,0,055875-408195,0,0,0,0,0,0,0,0,0
HZ_39,Grower_125,Grower_61,2021,Tolerant,1.36,SE,-,0,160525-578903,0,0,0,0,0,0,0,0,0
HZ_56,Grower_206,Grower_226,2019,Susceptible,1.0,E,A,0,116161-568537,0,0,6,1,2,0,0,0,0
HZ_51,Grower_130,Grower_12,2023,Susceptible,0.85,PB4,-,0,166987-582873,0,0,3,1,2,1,0,2,0
HZ_3,Grower_134,Grower_52,2021,Tolerant,1.25,SE,SE,0,170913-580751,0,0,0,0,0,0,0,0,0
HZ_20,Grower_202,Grower_147,2021,Tolerant,0.75,SE,SE,0,119568-570412,0,0,6,4,3,0,0,2,1
HZ_5,Grower_234,Grower_83,2019,Susceptible,3.9,E,A,0,118991-523831,0,0,0,0,0,0,0,0,0
HZ_61,Grower_374,Grower_168,2019,Susceptible,1.0,SE,E,1,098928-471540,0,0,0,0,0,0,0,0,0
HZ_20,Grower_215,Grower_90,2023,Tolerant,2.46,SE,SE,0,120545-536483,0,0,1,0,1,0,0,0,0
HZ_20,Grower_200,Grower_147,2021,Tolerant,2.25,SE,SE,0,117527-564706,0,0,6,4,3,0,0,2,1
HZ_64,Grower_261,Grower_1,2022,Tolerant,2.1,SE,A,0,057795-413203,0,0,1,1,1,0,1,3,0
HZ_50,Grower_356,Grower_58,2020,Tolerant,1.14,SE,A,1,100796-476408,0,0,8,1,3,0,0,0,0
HZ_2,Grower_275,Grower_165,2021,Tolerant,2.0,SE,SE,0,106172-408870,0,0,5,2,2,0,0,2,0
HZ_12,Grower_224,Grower_15,2021,Susceptible,1.0,E,A,1,126339-534231,0,0,5,0,2,0,0,3,0
HZ_17,Grower_8,Grower_23,2021,Susceptible,0.9,SE,SE,0,246908-596382,0,0,8,1,3,0,0,1,1
HZ_20,Grower_218,Grower_29,2023,Tolerant,0.31,PB3,SE,0,117874-532420,0,0,0,0,0,0,0,0,0
HZ_40,Grower_125,Grower_74,2019,Tolerant,1.05,SE,A,0,160596-579106,0,0,5,0,2,0,0,0,0
HZ_20,Grower_59,Grower_1,2022,Tolerant,0.75,SE,-,0,233891-599973,0,0,2,1,0,0,0,2,0
HZ_7,Grower_114,Grower_66,2023,Tolerant,0.6,SE,SE,0,169088-589867,0,0,0,0,0,3,0,0,0
HZ_33,Grower_311,Grower_40,2020,Tolerant,7.03,SE,E,0,214274-589584,0,0,0,0,0,0,0,0,0
HZ_66,Grower_312,Grower_2,2022,Verysusceptible,1.0,SE,SE,0,090967-403851,0,0,4,0,0,0,1,5,1
HZ_5,Grower_100,Grower_42,2021,Susceptible,1.1,SE,SE,0,181834-588600,0,0,3,0,1,0,0,1,0
HZ_39,Grower_89,Grower_36,2023,Tolerant,1.43,SE,SE,0,200157-601909,0,0,0,0,0,0,0,0,0
HZ_20,Grower_221,Grower_12,2021,Tolerant,2.07,SE,SE,0,126263-537425,0,0,7,2,4,0,1,6,1
HZ_61,Grower_32,Grower_107,2019,Susceptible,0.92,SE,SE,0,242874-601941,0,0,5,2,2,0,1,0,0
HZ_20,Grower_206,Grower_12,2022,Tolerant,0.85,SE,SE,0,115308-567799,0,0,4,1,2,0,1,4,0
HZ_39,Grower_75,Grower_90,2022,Tolerant,0.8,SE,A,0,204062-601147,0,0,1,0,1,1,0,2,0
HZ_39,Grower_182,Grower_74,2023,Tolerant,0.9,SE,A,0,185282-530893,0,0,0,0,1,0,0,1,0
HZ_9,Grower_130,Grower_72,2023,Verysusceptible,1.2,SE,SE,0,166224-583087,0,0,3,0,2,0,0,0,0
HZ_54,Grower_345,Grower_90,2022,Verysusceptible,1.0,SE,SE,0,185861-527373,0,0,0,0,0,0,1,0,0
HZ_16,Grower_277,Grower_32,2022,Susceptible,3.35,SE,E,0,076726-396479,0,0,5,3,1,0,0,3,0
HZ_37,Grower_13,Grower_55,2019,Tolerant,1.85,E,A,0,247357-593435,0,0,0,0,0,0,0,0,0
HZ_17,Grower_274,Grower_39,2019,Susceptible,1.0,SE,A,0,076677-401347,0,0,4,3,2,0,0,0,0
HZ_20,Grower_208,Grower_147,2021,Tolerant,0.61,SE,SE,0,128561-543146,0,0,6,4,3,0,0,2,1
HZ_43,Grower_102,Grower_76,2019,Tolerant,1.25,SE,A,0,184009-596303,0,0,8,6,6,0,0,0,0
HZ_39,Grower_124,Grower_62,2023,Tolerant,3.2,E,E,0,159329-568497,0,0,2,0,0,0,1,2,0
HZ_4,Grower_280,Grower_1,2021,Verysusceptible,0.84,SE,A,0,088216-401963,0,0,6,1,2,0,0,7,0
HZ_34,Grower_27,Grower_49,2022,Verysusceptible,1.01,SE,A,1,242757-606258,0,0,8,1,0,0,5,6,0
HZ_36,Grower_109,Grower_56,2023,Tolerant,1.13,SE,A,0,177104-589202,0,0,0,0,0,0,0,0,0
HZ_3,Grower_53,Grower_47,2020,Tolerant,2.16,E,E,0,218731-588285,0,0,0,0,0,0,0,0,0
HZ_13,Grower_275,Grower_115,2020,Tolerant,2.6,SE,SE,0,082270-400088,0,0,0,0,0,0,0,0,0
HZ_17,Grower_175,Grower_47,2022,Susceptible,0.9,SE,SE,0,172227-520397,0,0,4,1,2,1,1,4,0
HZ_20,Grower_204,Grower_1,2020,Tolerant,1.1,SE,SE,0,117253-564921,0,0,7,1,3,0,0,0,0
HZ_19,Grower_37,Grower_24,2019,Verysusceptible,0.82,SE,SE,0,246674-605626,0,0,8,8,5,0,0,0,0
HZ_22,Grower_104,Grower_110,2020,Tolerant,0.85,E,E,0,181069-593051,0,0,8,8,5,0,0,0,0
HZ_3,Grower_182,Grower_52,2021,Tolerant,1.8,SE,SE,0,190046-529838,0,0,0,0,0,0,0,0,0
HZ_24,Grower_283,Grower_81,2020,Tolerant,0.8,SE,E,0,174077-425291,0,0,0,0,0,0,0,0,0
HZ_17,Grower_26,Grower_12,2020,Susceptible,1.72,E,E,0,237488-599597,0,0,6,5,5,0,0,0,0
HZ_4,Grower_32,Grower_1,2020,Verysusceptible,0.51,SE,A,1,243101-602095,0,0,6,2,2,0,3,0,0
HZ_3,Grower_114,Grower_42,2021,Tolerant,0.6,SE,SE,0,175808-591058,0,0,2,1,1,0,0,0,0
HZ_17,Grower_104,Grower_32,2021,Susceptible,2.6,E,E,0,180925-593379,0,0,8,6,6,0,5,7,0
HZ_39,Grower_322,Grower_36,2021,Tolerant,0.82,SE,SE,0,202069-599552,0,0,6,2,2,0,1,5,0
HZ_20,Grower_41,Grower_11,2020,Tolerant,0.6,SE,E,0,245504-597834,0,0,4,1,1,0,0,0,0
HZ_43,Grower_197,Grower_18,2019,Tolerant,0.5,SE,SE,0,118424-563994,0,0,0,0,0,0,0,0,0
HZ_17,Grower_91,Grower_52,2023,Susceptible,1.14,SE,-,0,198879-599842,0,0,8,4,7,1,0,0,0
HZ_17,Grower_8,Grower_133,2021,Susceptible,1.05,SE,SE,0,248562-595068,0,0,6,4,3,0,0,3,0
HZ_20,Grower_227,Grower_73,2023,Tolerant,0.95,E,E,0,125876-539416,0,0,3,0,0,1,0,2,0
HZ_12,Grower_218,Grower_15,2023,Susceptible,2.7,SE,SE,0,117665-538506,0,0,1,0,1,1,0,2,0
HZ_17,Grower_213,Grower_133,2019,Susceptible,0.5,SE,AF,0,134241-542987,0,0,8,7,4,0,4,0,0
HZ_31,Grower_154,Grower_113,2020,Tolerant,0.74,SE,SE,0,171113-532684,0,0,0,0,0,0,0,0,0
HZ_12,Grower_188,Grower_95,2023,Susceptible,1.6,SE,SE,0,169346-522527,0,0,7,1,4,1,0,6,0
HZ_19,Grower_23,Grower_24,2022,Verysusceptible,1.45,SE,E,0,238383-607250,0,0,4,1,1,0,1,2,1
HZ_3,Grower_391,Grower_230,2019,Tolerant,4.0,E,A,0,185105-522276,0,0,0,0,0,0,0,0,0
HZ_14,Grower_283,Grower_29,2022,Susceptible,2.1,SE,SE,0,174117-425438,0,0,3,1,2,0,0,0,0
HZ_26,Grower_26,Grower_113,2020,Tolerant,0.85,E,E,0,239326-599180,0,0,1,0,0,0,0,0,0
HZ_3,Grower_316,Grower_2,2019,Tolerant,1.06,SE,A,0,225419-603020,0,0,1,1,0,0,0,0,0
HZ_43,Grower_197,Grower_18,2021,Tolerant,2.1,E,E,0,117798-564219,0,0,1,0,0,0,1,3,0
HZ_8,Grower_296,Grower_119,2019,Tolerant,0.83,SE,A,0,239645-600838,0,0,4,1,1,0,1,0,0
HZ_17,Grower_129,Grower_166,2019,Susceptible,0.85,E,A,1,160201-565723,0,0,8,8,5,0,6,0,0
HZ_27,Grower_322,Grower_205,2019,Tolerant,0.71,SE,SE,0,200613-600682,0,0,6,0,2,0,0,0,0
HZ_30,Grower_120,Grower_81,2023,Verysusceptible,2.2,SE,SE,0,175739-584728,0,0,7,2,4,0,0,4,0
HZ_12,Grower_50,Grower_15,2019,Susceptible,1.28,E,A,0,220775-592838,0,0,0,0,0,0,0,0,0
HZ_12,Grower_19,Grower_36,2022,Susceptible,4.14,E,E,0,242266-602624,0,0,4,5,2,0,4,4,1
HZ_9,Grower_112,Grower_72,2022,Verysusceptible,0.52,PB4,PB4,0,167576-588441,0,0,0,0,0,0,0,0,0
HZ_4,Grower_278,Grower_16,2023,Verysusceptible,4.0,SE,A,0,088008-399366,0,0,1,0,0,0,0,4,0
HZ_20,Grower_143,Grower_82,2023,Tolerant,1.12,SE,A,0,178113-522460,0,0,4,1,2,0,0,0,0
HZ_22,Grower_101,Grower_31,2021,Tolerant,0.4,SE,E,0,187243-598187,0,0,8,2,3,0,0,7,1
HZ_20,Grower_232,Grower_2,2021,Tolerant,3.07,E,E,0,115647-526154,0,0,5,0,2,0,0,2,0
HZ_17,Grower_119,Grower_40,2019,Susceptible,0.9,SE,SE,0,176800-582736,0,0,8,8,5,0,4,0,0
HZ_3,Grower_420,Grower_222,2019,Tolerant,2.0,SE,A,0,181428-508646,0,0,0,0,0,0,0,0,0
HZ_20,Grower_105,Grower_36,2019,Tolerant,1.1,E,A,0,119589-569988,0,0,0,0,0,0,0,0,0
HZ_22,Grower_104,Grower_110,2020,Tolerant,1.65,E,E,0,183595-592025,0,0,8,8,5,0,0,0,0
HZ_20,Grower_143,Grower_2,2022,Tolerant,2.55,SE,SE,0,179972-526991,0,0,6,4,1,0,0,4,1
HZ_20,Grower_150,Grower_40,2019,Tolerant,1.7,SE,SE,0,176714-532344,0,0,8,8,5,0,1,0,0
HZ_4,Grower_280,Grower_64,2019,Verysusceptible,2.38,SE,E,0,088915-400641,0,0,7,4,4,1,1,0,0
HZ_13,Grower_251,Grower_22,2021,Tolerant,1.2,SE,SE,0,060559-368041,0,0,3,1,1,0,0,1,0
HZ_12,Grower_5,Grower_16,2023,Susceptible,1.66,E,E,0,250099-601160,0,0,1,1,0,0,0,0,0
HZ_12,Grower_15,Grower_117,2022,Susceptible,1.27,SE,SE,0,239357-604569,0,0,5,2,0,0,2,7,0
HZ_4,Grower_250,Grower_90,2022,Verysusceptible,3.9,SE,A,0,015506-368844,0,0,8,7,3,2,0,1,0
HZ_4,Grower_169,Grower_56,2023,Verysusceptible,3.9,SE,SE,0,188335-529999,0,0,2,0,1,0,0,4,0
HZ_20,Grower_279,Grower_8,2023,Tolerant,1.0,SE,E,0,083086-399306,0,0,3,0,3,0,0,1,0
HZ_19,Grower_6,Grower_24,2021,Verysusceptible,1.46,SE,SE,0,266453-590983,0,0,2,0,1,0,0,1,1
HZ_65,Grower_112,Grower_153,2019,Tolerant,0.56,SE,SE,0,167309-588570,0,0,1,0,0,0,0,0,0
HZ_17,Grower_78,Grower_53,2021,Susceptible,1.49,PB4,SE,0,201352-600188,0,0,0,0,0,0,0,0,0
HZ_39,Grower_141,Grower_61,2019,Tolerant,1.87,SE,-,0,158713-580360,0,0,0,0,0,0,0,0,0
HZ_5,Grower_8,Grower_38,2020,Susceptible,3.13,E,E,0,247388-595649,0,0,0,0,0,0,0,0,0
HZ_24,Grower_249,Grower_24,2023,Tolerant,1.7,SE,SE,0,054628-366579,0,0,0,0,0,0,0,0,0
HZ_17,Grower_330,Grower_42,2020,Susceptible,3.8,E,E,0,174835-589103,0,0,0,0,0,0,0,0,0
HZ_20,Grower_288,Grower_82,2020,Tolerant,0.8,E,E,0,253541-600448,0,0,1,0,0,1,0,0,0
HZ_24,Grower_38,Grower_24,2023,Tolerant,1.95,SE,SE,0,249156-607140,0,0,0,0,0,0,0,0,0
HZ_29,Grower_143,Grower_86,2019,Tolerant,0.85,E,A,0,174225-531963,0,0,0,0,0,0,0,0,0
HZ_4,Grower_356,Grower_2,2022,Verysusceptible,2.89,SE,SE,0,101059-476229,0,0,6,1,2,4,4,8,0
HZ_3,Grower_234,Grower_52,2020,Tolerant,0.8,SE,SE,0,119919-521744,0,0,0,0,0,0,0,0,0
HZ_3,Grower_384,Grower_170,2021,Tolerant,1.14,PB4,SE,0,164134-582883,0,0,0,0,0,0,0,0,0
HZ_26,Grower_296,Grower_33,2021,Tolerant,0.75,PB4,-,0,240089-601822,0,0,1,0,0,0,0,0,0
HZ_21,Grower_10,Grower_11,2020,Verysusceptible,0.78,SE,SE,0,261838-585284,0,0,5,4,3,0,1,0,0
HZ_17,Grower_95,Grower_58,2021,Susceptible,1.05,SE,E,0,183613-594220,0,0,8,6,6,0,0,3,0
HZ_20,Grower_222,Grower_2,2020,Tolerant,1.08,SE,SE,0,123202-539081,0,0,8,2,3,1,1,0,0
HZ_8,Grower_216,Grower_58,2020,Tolerant,1.25,SE,SE,0,117014-539813,0,0,2,1,1,0,0,0,0
HZ_12,Grower_138,Grower_205,2019,Susceptible,1.8,SE,SE,0,169670-581542,0,0,8,6,6,2,0,0,0
HZ_16,Grower_18,Grower_66,2020,Susceptible,1.57,E,E,0,232236-602795,0,0,6,3,4,0,0,0,0
HZ_17,Grower_351,Grower_83,2020,Susceptible,0.75,SE,A,0,131747-540052,2,0,8,7,4,0,0,0,0
HZ_24,Grower_203,Grower_48,2020,Tolerant,3.5,SE,E,0,228600-438026,0,0,2,0,1,0,0,0,0
HZ_14,Grower_259,Grower_29,2022,Susceptible,4.8,E,E,0,048498-362516,0,0,2,0,2,0,0,0,0
HZ_5,Grower_128,Grower_47,2021,Susceptible,0.95,E,E,0,169705-581947,0,0,1,1,0,0,0,1,0
HZ_20,Grower_28,Grower_1,2021,Tolerant,1.88,SE,SE,0,249424-598473,0,0,6,1,2,1,2,4,1
HZ_17,Grower_102,Grower_40,2019,Susceptible,3.0,E,E,0,176633-582127,0,0,8,8,5,0,4,0,0
HZ_15,Grower_203,Grower_68,2019,Verysusceptible,3.42,SE,SE,0,233198-440277,0,0,5,1,2,0,0,0,0
HZ_51,Grower_314,Grower_132,2021,Susceptible,1.3,E,E,0,253591-600087,0,0,7,5,6,1,3,6,1
HZ_16,Grower_282,Grower_8,2021,Susceptible,2.45,SE,E,0,234855-439631,0,0,4,0,1,0,0,1,0
HZ_3,Grower_133,Grower_42,2023,Tolerant,1.64,E,A,0,169637-586916,0,0,1,0,1,0,0,0,0
HZ_12,Grower_186,Grower_95,2021,Susceptible,1.2,SE,SE,0,175578-517063,0,0,5,4,3,2,0,6,0
HZ_3,Grower_134,Grower_42,2023,Tolerant,3.34,E,E,0,174295-582643,0,0,1,0,1,0,0,0,0
HZ_3,Grower_314,Grower_113,2021,Tolerant,1.52,E,E,0,253591-600087,0,0,3,0,1,0,0,1,2
HZ_39,Grower_287,Grower_92,2022,Tolerant,1.8,E,E,0,246442-599889,0,0,8,6,2,0,0,7,1
HZ_4,Grower_54,Grower_4,2019,Verysusceptible,2.97,E,E,0,221442-592809,0,0,6,2,2,0,0,0,0
HZ_13,Grower_232,Grower_22,2021,Tolerant,3.0,E,E,0,115499-526793,0,0,4,1,1,0,0,1,0
HZ_49,Grower_219,Grower_133,2019,Susceptible,0.97,SE,SE,0,122603-536831,0,0,1,0,0,0,0,0,0
HZ_46,Grower_195,Grower_3,2019,Susceptible,1.9,E,A,0,117842-561811,0,0,3,0,1,0,0,0,0
HZ_19,Grower_6,Grower_24,2019,Verysusceptible,0.95,SE,A,0,266050-591471,0,0,8,8,5,0,0,0,0
HZ_34,Grower_95,Grower_32,2022,Verysusceptible,0.5,SE,E,1,184243-592849,0,0,7,1,0,1,0,1,0
HZ_50,Grower_130,Grower_42,2021,Tolerant,1.1,SE,-,0,166557-583360,0,0,0,0,0,0,0,0,0
HZ_91,Grower_236,Grower_236,2019,Tolerant,2.6,E,A,0,135507-523235,0,0,4,0,1,0,1,0,0
HZ_16,Grower_174,Grower_1,2021,Susceptible,2.12,SE,E,1,050943-370111,0,0,8,6,6,0,0,3,1
HZ_12,Grower_188,Grower_146,2020,Susceptible,2.0,SE,SE,0,169436-522515,0,0,2,1,1,0,0,0,0
HZ_64,Grower_22,Grower_118,2022,Tolerant,1.25,PB4,PB4,0,237486-605063,0,0,0,0,0,0,0,0,0
HZ_24,Grower_25,Grower_24,2021,Tolerant,0.49,SE,SE,0,239695-608070,0,0,1,0,0,0,0,1,0
HZ_20,Grower_203,Grower_2,2019,Tolerant,1.93,SE,A,0,228965-437189,0,0,8,3,4,0,1,0,0
HZ_20,Grower_66,Grower_2,2019,Tolerant,0.97,SE,A,0,232575-600059,0,0,7,3,5,0,1,0,0
HZ_7,Grower_121,Grower_66,2021,Tolerant,0.75,SE,SE,0,172657-580086,0,0,0,0,0,0,0,0,0
HZ_20,Grower_227,Grower_1,2021,Tolerant,0.96,S,S,0,126462-539268,0,0,8,0,3,0,1,4,0
HZ_56,Grower_449,Grower_228,2019,Susceptible,0.75,PB3,PB3,0,180667-531916,0,0,0,0,0,0,0,0,0
HZ_17,Grower_121,Grower_42,2021,Susceptible,0.8,SE,SE,0,177941-582685,0,0,8,4,6,0,1,0,0
HZ_11,Grower_22,Grower_102,2019,Tolerant,1.12,SE,SE,0,230149-600392,0,0,5,3,3,0,0,0,0
HZ_17,Grower_79,Grower_65,2020,Susceptible,1.1,SE,A,1,202514-593469,0,0,8,6,6,0,1,0,0
HZ_3,Grower_103,Grower_58,2022,Tolerant,1.44,E,E,0,183983-596336,0,0,0,0,0,0,0,0,0
HZ_5,Grower_274,Grower_90,2019,Susceptible,0.4,SE,A,0,075557-402916,0,0,0,0,0,0,0,0,0
HZ_17,Grower_204,Grower_47,2021,Susceptible,1.0,E,E,0,118642-563612,0,0,5,0,2,0,1,4,0
HZ_58,Grower_84,Grower_17,2020,Susceptible,1.5,SE,E,0,192754-597932,0,0,8,5,2,0,0,0,0
HZ_20,Grower_217,Grower_8,2020,Tolerant,1.83,E,E,0,118981-541720,0,0,8,4,6,0,0,0,0
HZ_12,Grower_67,Grower_146,2020,Susceptible,0.49,SE,SE,0,233674-599570,0,0,2,1,1,0,0,0,0
HZ_20,Grower_403,Grower_32,2020,Tolerant,5.0,SE,E,0,098104-403298,0,0,4,1,1,0,0,0,0
HZ_17,Grower_211,Grower_42,2019,Susceptible,1.0,SE,SE,0,131283-537632,0,0,8,1,3,0,0,0,0
HZ_24,Grower_26,Grower_24,2019,Tolerant,1.06,SE,-,0,238980-599566,0,0,1,0,0,0,0,0,0
HZ_6,Grower_3,Grower_113,2021,Tolerant,1.41,SE,SE,0,246658-596276,0,0,1,1,0,0,0,3,0
HZ_12,Grower_253,Grower_16,2023,Susceptible,1.9,SE,A,0,055875-408195,0,0,1,1,0,0,0,0,0
HZ_20,Grower_236,Grower_1,2020,Tolerant,2.4,SE,A,0,144743-525195,0,0,7,1,3,0,0,0,0
HZ_40,Grower_123,Grower_44,2020,Tolerant,0.92,SE,SE,0,170689-587613,0,0,7,0,3,0,0,0,0
HZ_20,Grower_236,Grower_12,2021,Tolerant,3.0,SE,SE,0,141930-522126,0,0,7,2,4,0,1,6,1
HZ_17,Grower_212,Grower_47,2019,Susceptible,0.49,SE,SE,0,133591-535186,0,0,8,8,5,0,0,0,0
HZ_5,Grower_15,Grower_47,2022,Susceptible,2.26,SE,SE,0,239357-604569,0,0,1,1,1,0,0,0,0
HZ_24,Grower_68,Grower_40,2021,Tolerant,1.76,SE,SE,0,118965-575700,0,0,7,4,4,0,0,1,1
HZ_49,Grower_162,Grower_8,2019,Susceptible,0.45,SE,A,0,161122-493911,0,0,0,0,0,0,0,0,0
HZ_20,Grower_196,Grower_98,2023,Tolerant,0.8,SE,A,0,117730-571379,0,0,8,3,8,0,1,8,0
HZ_12,Grower_240,Grower_194,2020,Susceptible,4.0,SE,A,0,025525-378827,0,0,0,0,0,0,0,0,0
HZ_7,Grower_114,Grower_66,2020,Tolerant,0.85,SE,SE,0,176061-590948,0,0,0,0,0,0,0,0,0
HZ_13,Grower_114,Grower_101,2020,Tolerant,0.9,SE,SE,0,169129-589875,0,0,3,1,1,0,0,0,0
HZ_5,Grower_185,Grower_20,2021,Susceptible,2.01,SE,SE,0,176601-520745,0,0,8,0,3,0,0,2,0
HZ_37,Grower_203,Grower_44,2022,Tolerant,0.37,SE,SE,0,233080-446654,0,0,1,0,0,1,0,1,0
HZ_13,Grower_9,Grower_22,2023,Tolerant,0.85,SE,SE,0,263770-582577,0,0,6,2,5,1,0,2,0
HZ_17,Grower_87,Grower_53,2023,Susceptible,2.68,SE,SE,0,203437-592238,0,0,2,1,1,0,0,0,0
HZ_22,Grower_358,Grower_88,2019,Tolerant,3.7,SE,SE,0,094007-401567,0,0,2,1,1,0,0,0,0
HZ_19,Grower_248,Grower_82,2021,Verysusceptible,0.07,SE,AF,0,057523-372352,0,0,0,0,0,0,0,0,0
HZ_3,Grower_75,Grower_58,2022,Tolerant,0.33,SE,SE,0,204056-600216,0,0,0,0,0,0,0,0,0
HZ_20,Grower_40,Grower_12,2020,Tolerant,0.45,SE,E,0,247252-604738,0,0,6,0,2,0,0,0,0
HZ_13,Grower_251,Grower_46,2019,Tolerant,2.6,SE,SE,0,058263-372664,0,0,0,0,0,0,0,0,0
HZ_13,Grower_10,Grower_22,2021,Tolerant,1.37,E,E,0,262062-584654,0,0,4,1,1,0,0,1,0
HZ_16,Grower_282,Grower_66,2022,Susceptible,0.74,SE,SE,0,234912-437011,0,0,5,0,2,0,0,0,0
HZ_39,Grower_289,Grower_42,2020,Tolerant,0.41,SE,E,0,275282-582556,0,0,5,2,2,0,0,0,0
HZ_4,Grower_25,Grower_117,2019,Verysusceptible,1.17,SE,A,1,239437-607649,0,0,7,4,4,0,0,0,0
HZ_36,Grower_138,Grower_53,2023,Tolerant,2.12,E,A,0,170407-582559,0,0,6,2,1,0,1,3,0
HZ_20,Grower_296,Grower_82,2020,Tolerant,2.27,E,E,0,241754-600829,0,0,1,0,0,1,0,0,0
HZ_5,Grower_158,Grower_86,2022,Susceptible,0.6,SE,E,0,180244-499767,0,0,0,0,0,0,0,0,0
HZ_20,Grower_204,Grower_90,2019,Tolerant,1.0,SE,A,0,118891-562936,0,0,8,8,5,0,2,0,0
HZ_20,Grower_105,Grower_76,2020,Tolerant,0.35,E,E,0,117557-566203,0,0,7,4,4,0,0,0,0
HZ_3,Grower_295,Grower_110,2021,Tolerant,1.88,SE,SE,0,235242-605735,0,0,5,0,2,0,0,0,0
HZ_20,Grower_443,Grower_102,2019,Tolerant,0.35,E,E,0,225853-598562,0,0,8,4,6,0,1,0,0
HZ_43,Grower_104,Grower_65,2020,Tolerant,0.75,SE,E,1,181732-592175,0,0,6,4,3,0,2,0,0
HZ_61,Grower_247,Grower_58,2022,Susceptible,0.9,E,E,0,038298-373096,0,0,4,0,1,0,0,0,0
HZ_38,Grower_122,Grower_55,2023,Tolerant,1.35,SE,-,0,174650-590620,0,0,6,2,1,1,0,1,0
HZ_20,Grower_223,Grower_112,2022,Tolerant,1.33,E,E,0,120311-538233,0,0,8,4,8,1,1,4,0
HZ_12,Grower_107,Grower_61,2022,Susceptible,0.25,SE,SE,0,179886-588385,0,0,8,0,0,2,8,8,1
HZ_22,Grower_17,Grower_31,2023,Tolerant,1.3,SE,SE,0,243344-603388,0,0,8,0,4,0,0,5,0
HZ_50,Grower_226,Grower_144,2022,Tolerant,2.0,SE,SE,0,121090-541125,0,0,2,1,2,0,0,3,0
HZ_24,Grower_25,Grower_24,2020,Tolerant,0.65,SE,SE,0,239514-606787,0,0,1,1,0,0,0,0,0
HZ_3,Grower_104,Grower_127,2020,Tolerant,1.75,SE,SE,0,181543-594433,0,0,8,3,4,0,2,0,0
HZ_20,Grower_294,Grower_49,2019,Tolerant,0.81,SE,A,0,238138-606388,0,0,7,5,6,0,0,0,0
HZ_2,Grower_282,Grower_2,2023,Tolerant,1.28,SE,SE,0,231453-450080,0,0,4,0,1,0,0,0,0
HZ_55,Grower_268,Grower_74,2023,Tolerant,2.23,SE,A,0,067200-399924,0,0,0,0,0,0,0,0,0
HZ_22,Grower_296,Grower_153,2019,Tolerant,1.52,E,E,0,241293-600247,0,0,3,2,1,0,0,0,0
HZ_4,Grower_248,Grower_89,2021,Verysusceptible,2.26,SE,A,0,061103-368545,0,0,1,0,0,0,0,0,0
HZ_17,Grower_98,Grower_58,2020,Susceptible,1.56,E,E,0,182242-594310,0,0,8,0,3,0,0,0,0
HZ_20,Grower_452,Grower_98,2019,Tolerant,1.4,E,A,0,130101-540868,0,0,8,8,5,0,4,0,0
HZ_20,Grower_122,Grower_116,2019,Tolerant,0.7,SE,SE,0,175689-589669,0,0,5,4,3,0,0,0,0
HZ_3,Grower_36,Grower_112,2021,Tolerant,1.15,SE,SE,0,246162-608792,0,0,1,0,0,0,0,1,0
HZ_20,Grower_236,Grower_90,2023,Tolerant,3.1,E,E,0,145344-524656,0,0,1,0,1,0,0,0,0
HZ_24,Grower_64,Grower_24,2021,Tolerant,0.8,SE,A,0,227146-599732,0,0,1,0,0,0,0,1,0
HZ_3,Grower_28,Grower_113,2019,Tolerant,0.64,SE,SE,0,246698-597878,0,0,0,0,0,0,0,0,0
HZ_22,Grower_341,Grower_88,2019,Tolerant,2.48,E,E,0,169414-508490,0,0,4,3,2,0,2,0,0
HZ_5,Grower_8,Grower_20,2023,Susceptible,2.13,E,A,0,246868-595342,0,0,2,0,2,0,0,0,0
HZ_20,Grower_161,Grower_82,2020,Tolerant,1.55,SE,SE,0,170095-503207,0,0,0,0,0,0,0,0,0
HZ_3,Grower_23,Grower_20,2020,Tolerant,0.83,SE,E,1,239180-606781,0,0,2,0,1,0,0,0,0
HZ_26,Grower_26,Grower_113,2020,Tolerant,1.72,E,E,0,239290-599452,0,0,1,0,0,0,0,0,0
HZ_3,Grower_77,Grower_127,2019,Tolerant,1.58,SE,A,0,202253-597428,0,0,1,0,0,0,0,0,0
HZ_20,Grower_148,Grower_86,2023,Tolerant,1.3,SE,A,0,175986-529138,0,0,0,0,0,0,1,1,0
HZ_2,Grower_216,Grower_82,2019,Tolerant,1.0,SE,-,0,120123-537491,0,0,0,0,0,0,0,0,0
HZ_52,Grower_63,Grower_1,2022,Tolerant,2.82,E,E,0,230677-600316,0,0,2,1,0,0,0,2,1
HZ_39,Grower_89,Grower_133,2020,Tolerant,1.5,SE,SE,0,200246-602208,0,0,1,0,0,0,0,0,0
HZ_17,Grower_77,Grower_99,2020,Susceptible,0.25,SE,SE,0,205988-600275,0,0,0,0,0,0,0,0,0
HZ_20,Grower_281,Grower_99,2022,Tolerant,1.5,SE,A,0,076921-395371,0,0,1,0,0,0,1,3,0
HZ_12,Grower_174,Grower_146,2019,Susceptible,1.56,SE,A,0,049169-364559,0,0,1,1,0,0,0,0,0
HZ_46,Grower_259,Grower_3,2021,Susceptible,3.94,E,E,0,041330-366393,0,0,2,2,0,0,0,1,0
HZ_17,Grower_322,Grower_53,2021,Susceptible,0.79,SE,SE,0,202692-600480,0,0,0,0,0,0,0,0,0
HZ_4,Grower_271,Grower_90,2021,Verysusceptible,2.8,SE,E,0,090048-399543,0,0,0,0,0,0,0,0,0
HZ_3,Grower_148,Grower_86,2019,Tolerant,0.9,SE,SE,0,176305-529430,0,0,0,0,0,0,0,0,0
HZ_20,Grower_276,Grower_11,2022,Tolerant,2.24,SE,SE,0,094929-402217,0,0,6,3,4,0,0,3,0
HZ_9,Grower_255,Grower_2,2022,Verysusceptible,0.3,SE,SE,0,044627-368196,0,0,4,1,0,0,8,6,0
HZ_61,Grower_243,Grower_107,2019,Susceptible,7.67,SE,A,1,043197-385437,0,0,5,2,2,0,1,0,0
HZ_16,Grower_161,Grower_49,2023,Susceptible,1.85,SE,SE,0,175646-507784,0,0,0,0,0,0,0,0,0
HZ_4,Grower_430,Grower_1,2020,Verysusceptible,4.0,SE,AF,0,098197-452525,0,0,6,2,2,0,3,0,0
HZ_20,Grower_148,Grower_82,2020,Tolerant,0.65,SE,SE,0,175987-529226,0,0,0,0,0,0,0,0,0
HZ_4,Grower_129,Grower_52,2023,Verysusceptible,0.75,PB4,SE,0,159487-578779,0,0,0,0,0,0,0,0,0
HZ_5,Grower_89,Grower_33,2019,Susceptible,2.6,SE,SE,0,195702-600285,0,0,2,0,1,0,0,0,0
HZ_2,Grower_114,Grower_6,2022,Tolerant,1.0,SE,SE,0,175044-592201,0,0,1,0,1,0,0,0,0
HZ_17,Grower_83,Grower_99,2022,Susceptible,1.37,SE,A,1,196515-596444,0,0,5,2,4,0,0,4,0
HZ_20,Grower_222,Grower_12,2022,Tolerant,1.1,SE,SE,0,124172-540461,0,0,4,1,2,0,1,4,0
HZ_3,Grower_111,Grower_52,2020,Tolerant,0.89,SE,SE,0,173641-590924,0,0,0,0,0,0,0,0,0
HZ_8,Grower_192,Grower_58,2022,Tolerant,0.02,SE,A,0,224232-602239,0,0,6,1,0,0,1,7,1
HZ_80,Grower_175,Grower_58,2020,Verysusceptible,0.7,SE,A,1,185898-516949,0,0,0,0,0,0,0,0,0
HZ_17,Grower_197,Grower_42,2022,Susceptible,0.4,PB4,PB4,0,118005-564737,0,0,0,0,0,0,0,0,0
HZ_3,Grower_129,Grower_42,2022,Tolerant,0.5,PB4,-,0,158867-579445,0,0,1,0,0,0,1,1,0
HZ_3,Grower_182,Grower_94,2020,Tolerant,2.0,SE,A,0,188048-530134,0,0,0,0,0,0,0,0,0
HZ_12,Grower_253,Grower_125,2021,Susceptible,1.28,SE,E,0,058668-411529,0,0,7,5,6,0,3,2,0
HZ_6,Grower_8,Grower_113,2019,Tolerant,1.34,SE,SE,0,246920-595457,0,0,1,1,0,0,0,0,0
HZ_39,Grower_295,Grower_36,2022,Tolerant,1.91,E,E,0,234868-605544,0,0,0,0,0,0,4,4,0
HZ_21,Grower_279,Grower_29,2022,Verysusceptible,2.5,SE,SE,0,084578-402335,0,0,3,0,0,0,0,1,1
HZ_56,Grower_181,Grower_93,2023,Susceptible,0.9,SE,A,0,179561-529864,0,0,4,0,4,0,0,0,0
HZ_4,Grower_406,Grower_56,2020,Verysusceptible,2.48,SE,AF,0,274305-583984,0,0,0,0,0,0,0,0,0
HZ_3,Grower_13,Grower_110,2020,Tolerant,0.43,SE,SE,0,246942-593380,0,0,0,0,0,0,0,0,0
HZ_12,Grower_195,Grower_126,2022,Susceptible,1.6,E,E,0,115254-567657,0,0,0,0,0,0,0,0,0
HZ_20,Grower_213,Grower_90,2023,Tolerant,0.8,PB4,AF,0,134242-542978,0,0,0,0,0,0,0,0,0
HZ_43,Grower_206,Grower_61,2021,Tolerant,1.8,E,A,1,115325-568582,0,0,2,0,1,0,0,0,0
HZ_24,Grower_176,Grower_94,2022,Tolerant,1.86,SE,SE,0,182028-531100,0,0,7,3,3,0,0,2,0
HZ_15,Grower_275,Grower_19,2022,Verysusceptible,1.6,SE,A,0,087828-394824,0,0,0,0,0,0,0,0,0
HZ_65,Grower_44,Grower_49,2020,Tolerant,2.05,E,E,0,230792-602093,0,0,0,0,0,0,0,0,0
HZ_17,Grower_87,Grower_52,2022,Susceptible,0.6,SE,SE,0,203619-592362,0,0,6,0,3,0,0,0,0
HZ_30,Grower_220,Grower_12,2022,Verysusceptible,0.55,SE,SE,0,129316-543679,0,0,0,0,0,0,0,2,0
HZ_3,Grower_341,Grower_86,2019,Tolerant,1.0,E,E,0,169414-508490,0,0,0,0,0,0,0,0,0
HZ_38,Grower_351,Grower_4,2019,Tolerant,1.06,SE,A,0,131732-539868,0,0,1,0,0,0,0,0,0
HZ_4,Grower_4,Grower_132,2019,Verysusceptible,1.6,SE,A,1,254078-602493,0,0,8,6,6,1,0,0,0
HZ_35,Grower_336,Grower_51,2021,Tolerant,0.42,SE,SE,0,176587-528608,0,0,8,7,4,0,8,7,0
HZ_1,Grower_162,Grower_82,2023,Tolerant,0.67,SE,E,0,164299-494473,0,0,1,0,0,0,0,0,0
HZ_9,Grower_132,Grower_72,2023,Verysusceptible,0.95,SE,-,0,160311-569919,0,0,3,0,2,0,0,0,0
HZ_20,Grower_61,Grower_11,2020,Tolerant,1.33,E,E,0,220648-602050,0,0,4,1,1,0,0,0,0
HZ_11,Grower_26,Grower_12,2023,Tolerant,0.9,PB4,PB4,0,236407-606090,0,0,3,0,0,0,0,3,0
HZ_3,Grower_6,Grower_1,2022,Tolerant,1.19,SE,SE,0,267044-591335,0,0,0,0,0,0,0,0,0
HZ_4,Grower_67,Grower_80,2020,Verysusceptible,2.7,SE,A,1,233531-599529,0,0,8,4,6,0,0,0,0
HZ_4,Grower_283,Grower_1,2020,Verysusceptible,3.15,SE,SE,0,174281-425408,0,0,8,3,4,0,7,0,0
HZ_9,Grower_162,Grower_67,2023,Verysusceptible,0.87,SE,SE,0,160273-494794,0,0,0,0,1,0,0,0,0
HZ_6,Grower_8,Grower_113,2021,Tolerant,1.87,SE,SE,0,248562-595068,0,0,1,1,0,0,0,3,0
HZ_20,Grower_236,Grower_98,2023,Tolerant,3.6,E,AF,0,143423-525209,0,0,6,0,7,0,1,5,0
HZ_20,Grower_83,Grower_116,2020,Tolerant,2.02,SE,SE,0,194419-600167,0,0,1,1,0,0,0,0,0
HZ_51,Grower_205,Grower_12,2021,Susceptible,0.9,PB4,PB4,0,119206-565068,0,0,0,0,0,0,0,0,0
HZ_3,Grower_102,Grower_76,2019,Tolerant,4.37,SE,SE,0,182190-593169,0,0,4,4,2,0,0,0,0
HZ_3,Grower_289,Grower_112,2020,Tolerant,3.31,E,E,0,275988-581562,0,0,0,0,0,0,0,0,0
HZ_17,Grower_84,Grower_163,2019,Susceptible,1.7,SE,E,1,196223-601630,0,0,8,8,5,0,0,0,0
HZ_16,Grower_310,Grower_8,2019,Susceptible,2.0,E,E,0,224003-593765,0,0,8,8,5,0,0,0,0
HZ_4,Grower_87,Grower_163,2020,Verysusceptible,3.6,PB3,SE,0,203996-591361,0,0,0,0,0,0,0,0,0
HZ_12,Grower_107,Grower_61,2022,Susceptible,0.8,E,E,0,179886-588385,0,0,8,0,0,2,8,8,1
HZ_12,Grower_236,Grower_36,2022,Susceptible,1.1,E,E,0,136072-520172,0,0,4,5,2,0,4,4,1
HZ_5,Grower_175,Grower_20,2019,Susceptible,2.0,SE,SE,0,180290-521476,0,0,0,0,0,0,0,0,0
HZ_61,Grower_262,Grower_102,2023,Susceptible,1.54,SE,SE,0,022410-379116,0,0,1,0,0,2,0,1,0
HZ_21,Grower_279,Grower_90,2020,Verysusceptible,3.35,SE,SE,0,085213-398936,0,0,0,0,0,0,0,0,0
HZ_5,Grower_74,Grower_6,2023,Susceptible,1.55,SE,SE,0,228111-595112,0,0,1,0,1,0,0,0,0
HZ_20,Grower_216,Grower_8,2019,Tolerant,1.05,SE,-,0,116613-539609,0,0,6,5,5,0,0,0,0
HZ_12,Grower_305,Grower_126,2021,Susceptible,0.88,SE,SE,0,247840-603224,0,0,7,8,5,3,5,7,2
HZ_3,Grower_86,Grower_163,2019,Tolerant,2.5,SE,A,0,198086-600004,0,0,0,0,0,0,0,0,0
HZ_20,Grower_150,Grower_82,2022,Tolerant,1.5,SE,SE,0,176729-532401,0,0,2,1,1,1,0,1,1
HZ_36,Grower_101,Grower_53,2021,Tolerant,0.6,SE,SE,0,186898-595765,0,0,0,0,0,0,0,1,0
HZ_20,Grower_204,Grower_90,2023,Tolerant,1.5,E,E,0,116314-562938,0,0,0,0,0,0,0,0,0
HZ_46,Grower_187,Grower_99,2022,Susceptible,3.15,SE,E,1,062717-372925,0,0,4,1,1,1,0,2,0
HZ_55,Grower_236,Grower_48,2020,Tolerant,0.65,E,E,0,137308-525122,0,0,0,0,0,0,0,0,0
HZ_8,Grower_11,Grower_114,2020,Tolerant,0.61,E,AF,0,251282-601860,0,0,0,0,0,0,0,0,0
HZ_3,Grower_108,Grower_68,2023,Tolerant,0.97,SE,E,0,180811-584784,0,0,4,0,4,0,0,0,0
HZ_4,Grower_54,Grower_1,2020,Verysusceptible,1.1,SE,SE,0,218006-593949,0,0,6,2,2,0,3,0,0
HZ_20,Grower_110,Grower_40,2022,Tolerant,0.7,SE,SE,0,168817-587220,0,0,5,1,2,0,1,0,0
HZ_3,Grower_208,Grower_83,2023,Tolerant,1.0,SE,E,0,132085-541274,0,0,4,0,0,0,0,7,0
HZ_5,Grower_203,Grower_8,2022,Susceptible,4.55,SE,E,0,228529-431595,0,0,0,0,0,0,0,1,0
HZ_5,Grower_185,Grower_38,2021,Susceptible,1.5,SE,SE,0,176601-520745,0,0,6,0,2,0,0,0,0
HZ_21,Grower_168,Grower_25,2023,Verysusceptible,3.0,SE,SE,0,191364-528622,0,0,3,0,2,0,0,0,0
HZ_2,Grower_332,Grower_2,2020,Tolerant,3.1,E,E,0,178366-591971,0,0,0,0,0,0,0,0,0
HZ_3,Grower_8,Grower_2,2019,Tolerant,1.73,SE,A,0,248728-595491,0,0,1,1,0,0,0,0,0
HZ_17,Grower_130,Grower_61,2019,Susceptible,1.15,SE,-,0,166121-582753,0,0,6,4,3,0,0,0,0
HZ_21,Grower_279,Grower_89,2021,Verysusceptible,2.7,SE,SE,0,085805-400587,0,0,4,0,1,0,0,0,0
HZ_7,Grower_3,Grower_6,2023,Tolerant,1.14,SE,SE,0,244638-592723,0,0,0,0,0,0,0,0,0
HZ_61,Grower_268,Grower_107,2019,Susceptible,1.5,SE,A,0,068169-401424,0,0,5,2,2,0,1,0,0
HZ_3,Grower_197,Grower_50,2021,Tolerant,1.0,PB4,PB4,0,118851-564008,0,0,6,3,4,0,0,1,0
HZ_49,Grower_154,Grower_133,2019,Susceptible,1.66,E,E,0,171010-532020,0,0,1,0,0,0,0,0,0
HZ_17,Grower_351,Grower_83,2020,Susceptible,0.29,PB3,SE,0,131747-540052,2,0,8,7,4,0,0,0,0
HZ_3,Grower_318,Grower_53,2022,Tolerant,1.9,SE,SE,0,204321-593613,0,0,6,2,0,0,0,7,0
HZ_24,Grower_397,Grower_48,2020,Tolerant,0.65,E,E,0,115331-560933,0,0,2,0,1,0,0,0,0
HZ_65,Grower_44,Grower_11,2021,Tolerant,0.77,SE,SE,0,230838-602285,0,0,7,7,5,0,2,7,0
HZ_51,Grower_151,Grower_66,2022,Susceptible,1.3,SE,SE,0,177140-537079,0,0,0,0,0,0,0,0,0
HZ_5,Grower_89,Grower_33,2020,Susceptible,1.3,SE,SE,0,194112-596812,0,0,0,0,0,0,0,0,0
HZ_20,Grower_114,Grower_40,2022,Tolerant,0.76,SE,SE,0,175044-592201,0,0,5,1,2,0,1,0,0
HZ_20,Grower_215,Grower_12,2021,Tolerant,3.1,E,E,0,119076-537309,0,0,7,2,4,0,1,6,1
HZ_21,Grower_228,Grower_28,2019,Verysusceptible,0.75,SE,A,1,133102-540397,0,0,0,0,0,0,0,0,0
HZ_20,Grower_206,Grower_73,2023,Tolerant,1.6,E,E,0,114033-566487,0,0,3,0,0,1,0,2,0
HZ_12,Grower_224,Grower_136,2020,Susceptible,2.76,E,A,1,128409-534981,0,0,8,7,4,0,8,0,0
HZ_50,Grower_226,Grower_47,2021,Tolerant,2.3,SE,SE,0,126991-540384,0,0,8,4,6,0,0,8,4
HZ_5,Grower_8,Grower_20,2020,Susceptible,2.48,SE,SE,0,247388-595649,0,0,2,0,1,0,0,0,0
HZ_5,Grower_218,Grower_83,2021,Susceptible,2.17,E,E,0,118015-532452,0,0,2,1,1,0,0,1,0
HZ_5,Grower_106,Grower_3,2023,Susceptible,1.04,SE,-,0,129922-533041,0,0,0,0,0,0,0,0,0
HZ_39,Grower_289,Grower_36,2019,Tolerant,0.7,SE,SE,0,275041-582657,0,0,6,1,2,0,2,0,0
HZ_4,Grower_264,Grower_1,2023,Verysusceptible,3.2,SE,A,0,060752-375411,0,0,0,0,0,0,0,0,0
HZ_4,Grower_272,Grower_2,2022,Verysusceptible,2.0,SE,SE,0,090583-398425,0,0,6,1,2,4,4,8,0
HZ_16,Grower_174,Grower_8,2023,Susceptible,3.29,SE,E,0,054723-370931,0,0,1,0,0,0,0,1,0
HZ_42,Grower_155,Grower_66,2022,Verysusceptible,1.0,E,E,0,173135-524381,0,0,8,1,0,0,3,2,0
HZ_29,Grower_196,Grower_86,2022,Tolerant,0.5,SE,SE,0,118526-570227,0,0,0,0,0,0,0,0,0
HZ_24,Grower_46,Grower_40,2021,Tolerant,1.95,E,E,0,218429-590336,0,0,7,4,4,0,0,1,1
HZ_8,Grower_11,Grower_114,2020,Tolerant,0.93,SE,SE,0,250764-601105,0,0,0,0,0,0,0,0,0
HZ_51,Grower_321,Grower_55,2021,Susceptible,2.63,SE,SE,0,241602-601788,0,0,8,4,6,0,1,5,0
HZ_5,Grower_99,Grower_33,2020,Susceptible,5.9,SE,SE,0,174764-587685,0,0,0,0,0,0,0,0,0
HZ_16,Grower_277,Grower_66,2022,Susceptible,1.6,SE,SE,0,076543-397043,0,0,5,0,2,0,0,0,0
HZ_3,Grower_134,Grower_75,2020,Tolerant,2.38,SE,SE,0,171532-580910,0,0,1,0,0,0,0,0,0
HZ_13,Grower_360,Grower_22,2021,Tolerant,1.36,SE,E,0,267734-573514,0,0,4,1,1,0,0,1,0
HZ_20,Grower_31,Grower_2,2020,Tolerant,1.02,SE,A,0,251422-606630,0,0,2,1,1,0,0,0,0
HZ_20,Grower_236,Grower_68,2020,Tolerant,4.7,E,AF,0,142498-521935,0,0,4,0,1,0,0,0,0
HZ_12,Grower_154,Grower_15,2023,Susceptible,0.59,SE,A,0,171111-532702,0,0,1,0,1,1,0,2,0
HZ_21,Grower_279,Grower_11,2020,Verysusceptible,3.3,SE,SE,0,080923-401000,0,0,5,4,3,0,1,0,0
HZ_24,Grower_344,Grower_81,2020,Tolerant,3.9,SE,SE,0,183445-523681,0,0,0,0,0,0,0,0,0
HZ_43,Grower_124,Grower_18,2022,Tolerant,1.8,E,E,0,158746-568061,0,0,4,1,1,1,1,2,1
HZ_49,Grower_180,Grower_63,2023,Susceptible,1.5,SE,A,0,180596-537884,0,0,5,0,1,2,0,5,0
HZ_3,Grower_15,Grower_112,2020,Tolerant,0.87,SE,SE,0,241140-606780,0,0,0,0,0,0,0,0,0
HZ_5,Grower_10,Grower_20,2021,Susceptible,1.21,E,E,0,264126-585584,0,0,8,0,3,0,0,2,0
HZ_54,Grower_157,Grower_1,2021,Verysusceptible,1.55,SE,SE,0,170737-528428,0,0,7,6,4,0,3,7,0
HZ_5,Grower_311,Grower_112,2020,Susceptible,1.54,SE,SE,0,214078-589242,0,0,2,1,1,0,0,0,0
HZ_43,Grower_195,Grower_76,2020,Tolerant,0.35,E,E,0,117460-567383,0,0,6,6,1,0,0,0,0
HZ_3,Grower_394,Grower_146,2021,Tolerant,2.4,SE,A,0,178985-517502,0,0,0,0,0,0,0,0,0
HZ_3,Grower_84,Grower_163,2019,Tolerant,1.0,SE,A,0,196574-598795,0,0,0,0,0,0,0,0,0
HZ_9,Grower_255,Grower_2,2022,Verysusceptible,1.7,SE,SE,0,044634-367963,0,0,4,1,0,0,8,6,0
HZ_3,Grower_121,Grower_42,2022,Tolerant,1.0,SE,SE,0,177637-582299,0,0,1,0,0,0,1,2,0
HZ_17,Grower_77,Grower_58,2020,Susceptible,0.53,SE,SE,0,205988-600275,0,0,8,0,3,0,0,0,0
HZ_17,Grower_136,Grower_61,2020,Susceptible,1.2,SE,SE,0,167285-582087,0,0,8,5,2,0,1,0,0
HZ_20,Grower_200,Grower_90,2021,Tolerant,0.56,SE,SE,0,117527-564706,0,0,4,2,2,0,0,0,0
HZ_8,Grower_209,Grower_48,2020,Tolerant,2.1,E,E,0,135883-540393,0,0,1,1,0,0,0,0,0
HZ_52,Grower_136,Grower_113,2022,Tolerant,1.2,SE,E,0,167469-582205,0,0,5,3,2,4,0,3,1
HZ_3,Grower_377,Grower_163,2019,Tolerant,1.04,PB4,SE,0,200241-599714,0,0,0,0,0,0,0,0,0
HZ_3,Grower_197,Grower_83,2020,Tolerant,0.4,SE,SE,0,118181-564763,0,0,2,0,1,0,1,0,0
HZ_4,Grower_293,Grower_117,2019,Verysusceptible,4.0,E,A,0,235163-602942,0,0,6,2,2,0,0,0,0
HZ_3,Grower_175,Grower_104,2020,Tolerant,0.6,SE,SE,0,172286-522184,0,0,0,0,0,0,0,0,0
HZ_3,Grower_154,Grower_66,2020,Tolerant,0.92,E,E,0,171704-533175,0,0,1,0,0,0,0,0,0
HZ_20,Grower_228,Grower_82,2020,Tolerant,3.8,E,E,0,124974-536424,0,0,1,0,0,1,0,0,0
HZ_39,Grower_352,Grower_29,2022,Tolerant,2.96,S,S,0,117833-540218,0,0,0,0,0,0,0,0,0
HZ_19,Grower_14,Grower_22,2020,Verysusceptible,3.4,E,E,0,258123-576414,0,0,5,4,3,1,0,0,0
HZ_7,Grower_114,Grower_59,2019,Tolerant,1.9,E,E,0,175520-591092,0,0,0,0,0,0,0,0,0
HZ_7,Grower_15,Grower_59,2021,Tolerant,1.19,SE,-,0,239535-604570,0,0,0,0,0,0,0,0,0
HZ_3,Grower_130,Grower_113,2019,Tolerant,3.0,E,A,0,165578-582625,0,0,0,0,0,0,0,0,0
HZ_3,Grower_133,Grower_61,2019,Tolerant,1.24,SE,SE,0,162755-582482,0,0,5,0,2,0,0,0,0
HZ_17,Grower_132,Grower_52,2019,Susceptible,4.0,E,A,0,161023-568991,0,0,8,0,3,1,0,0,0
HZ_12,Grower_263,Grower_146,2020,Susceptible,0.85,SE,E,0,036578-369829,0,0,2,1,1,0,0,0,0
HZ_39,Grower_130,Grower_42,2020,Tolerant,0.27,E,E,0,166947-582622,0,0,5,2,2,0,0,0,0
HZ_32,Grower_123,Grower_44,2023,Susceptible,0.62,SE,SE,0,170740-587781,0,0,6,2,3,1,0,0,0
HZ_4,Grower_201,Grower_2,2023,Verysusceptible,1.1,SE,A,0,089240-402167,0,0,2,0,2,0,0,3,0
HZ_3,Grower_62,Grower_68,2020,Tolerant,0.18,SE,-,0,226361-598600,0,0,4,0,1,0,0,0,0
HZ_3,Grower_158,Grower_95,2020,Tolerant,0.6,SE,-,0,180715-499849,0,0,1,0,0,0,0,0,0
HZ_18,Grower_145,Grower_135,2022,Tolerant,1.11,E,E,0,175425-533763,0,0,0,0,0,0,0,0,0
HZ_49,Grower_162,Grower_8,2019,Susceptible,0.91,SE,SE,0,165704-491088,0,0,0,0,0,0,0,0,0
HZ_12,Grower_253,Grower_36,2019,Susceptible,0.5,SE,A,0,056841-407607,0,0,8,7,4,0,4,0,0
HZ_20,Grower_215,Grower_90,2023,Tolerant,2.7,E,E,0,120545-536483,0,0,1,0,1,0,0,0,0
HZ_16,Grower_26,Grower_8,2019,Susceptible,0.95,SE,A,0,236529-605662,0,0,8,8,5,0,0,0,0
HZ_20,Grower_351,Grower_11,2019,Tolerant,1.33,E,E,0,132669-538839,0,0,4,1,1,0,1,0,0
HZ_20,Grower_28,Grower_112,2021,Tolerant,2.11,SE,A,1,247003-597727,0,0,8,2,3,0,0,3,0
HZ_53,Grower_24,Grower_1,2019,Tolerant,2.58,SE,A,0,242509-600216,0,0,8,3,4,0,1,0,0
HZ_43,Grower_89,Grower_32,2021,Tolerant,0.5,SE,SE,0,201576-599972,0,0,6,3,4,1,1,6,1
HZ_16,Grower_282,Grower_8,2023,Susceptible,1.69,SE,SE,0,237085-434604,0,0,1,0,0,0,0,1,0
HZ_20,Grower_27,Grower_1,2020,Tolerant,3.52,E,E,0,243057-607646,0,0,7,1,3,0,0,0,0
HZ_17,Grower_213,Grower_22,2020,Susceptible,2.95,E,E,0,134574-543140,0,0,4,2,2,1,0,0,0
HZ_36,Grower_87,Grower_53,2022,Tolerant,2.9,SE,E,0,206385-593949,0,0,0,0,0,0,0,0,0
HZ_20,Grower_213,Grower_1,2020,Tolerant,1.0,SE,SE,0,134445-542787,0,0,4,1,1,0,0,0,0
HZ_12,Grower_389,Grower_95,2019,Susceptible,0.4,SE,A,0,175418-533701,0,0,3,0,1,0,0,0,0
HZ_29,Grower_196,Grower_83,2019,Tolerant,0.45,PB3,PB3,0,118697-569836,0,0,1,1,0,0,0,0,0
HZ_3,Grower_93,Grower_33,2019,Tolerant,2.33,SE,SE,0,188005-595690,0,0,7,2,4,0,0,0,0
HZ_51,Grower_238,Grower_12,2021,Susceptible,2.8,PB4,A,1,058735-373080,0,0,0,0,0,0,0,0,0
HZ_4,Grower_93,Grower_52,2020,Verysusceptible,2.2,E,E,0,183113-593707,0,0,0,0,0,0,0,0,0
HZ_3,Grower_295,Grower_110,2020,Tolerant,2.25,E,E,0,234359-604140,0,0,5,0,2,0,0,0,0
HZ_20,Grower_276,Grower_13,2023,Tolerant,3.4,SE,A,0,095198-404338,0,0,1,0,1,0,0,0,0
HZ_9,Grower_132,Grower_67,2023,Verysusceptible,0.85,SE,SE,0,159937-569635,0,0,3,0,3,0,0,0,0
HZ_20,Grower_351,Grower_11,2019,Tolerant,0.55,E,E,0,132669-538839,0,0,4,1,1,0,1,0,0
HZ_47,Grower_255,Grower_42,2022,Verysusceptible,1.65,SE,A,0,046182-369214,0,0,3,1,2,0,4,2,0
HZ_17,Grower_125,Grower_42,2020,Susceptible,1.0,SE,SE,0,162137-579301,0,0,8,0,3,0,0,0,0
HZ_52,Grower_143,Grower_113,2022,Tolerant,4.74,SE,E,1,175084-517797,0,0,2,1,1,2,0,3,1
HZ_3,Grower_217,Grower_83,2022,Tolerant,1.2,SE,SE,0,120879-542775,0,0,1,0,1,0,0,3,0
HZ_7,Grower_3,Grower_66,2020,Tolerant,2.96,E,E,0,249139-595007,0,0,0,0,0,0,0,0,0
HZ_39,Grower_114,Grower_27,2022,Tolerant,0.9,SE,SE,0,175491-591054,0,0,8,0,3,0,1,8,0
HZ_52,Grower_322,Grower_61,2019,Tolerant,2.09,SE,SE,0,202571-601316,0,0,5,0,2,0,0,0,0
HZ_3,Grower_102,Grower_76,2022,Tolerant,1.97,SE,SE,0,184600-595039,0,0,4,1,1,0,0,3,0
HZ_22,Grower_168,Grower_228,2019,Tolerant,2.63,PB3,PB3,0,179296-529656,0,0,0,0,0,0,0,0,0
HZ_13,Grower_360,Grower_176,2020,Tolerant,0.6,SE,AF,1,270116-573663,0,0,0,0,0,0,0,0,0
HZ_49,Grower_136,Grower_131,2022,Susceptible,2.0,E,E,0,167469-582205,0,0,0,0,0,0,0,0,0
HZ_20,Grower_41,Grower_9,2020,Tolerant,0.2,SE,E,0,245504-597834,0,0,6,1,2,0,3,0,0
HZ_3,Grower_397,Grower_74,2019,Tolerant,1.7,E,B,0,115030-561452,0,0,0,0,0,0,0,0,0
HZ_20,Grower_223,Grower_1,2023,Tolerant,0.41,SE,SE,0,128668-539276,0,0,2,0,0,0,0,0,0
HZ_12,Grower_442,Grower_45,2019,Susceptible,0.23,SE,SE,0,225422-602328,0,0,3,0,1,0,0,0,0
HZ_38,Grower_236,Grower_115,2022,Tolerant,1.0,SE,SE,0,144829-524634,0,0,4,0,0,0,1,2,0
HZ_5,Grower_203,Grower_3,2021,Susceptible,2.55,SE,E,0,228492-434881,0,0,4,1,1,0,0,4,0
HZ_20,Grower_34,Grower_1,2023,Tolerant,1.9,SE,E,0,245480-607729,0,0,0,0,0,0,0,0,0
HZ_3,Grower_211,Grower_36,2021,Tolerant,0.15,SE,SE,0,129268-542976,0,0,0,0,0,0,0,0,0
HZ_20,Grower_286,Grower_36,2020,Tolerant,1.63,SE,-,0,253922-600198,0,0,8,1,3,0,1,0,0
HZ_38,Grower_195,Grower_12,2020,Tolerant,0.3,E,E,0,118327-571201,0,0,1,0,0,0,0,0,0
HZ_11,Grower_202,Grower_102,2019,Tolerant,1.1,E,E,0,119253-566742,0,0,5,3,3,0,0,0,0
HZ_12,Grower_68,Grower_95,2021,Susceptible,1.05,SE,E,0,119222-575872,0,0,5,4,3,2,0,6,0
HZ_8,Grower_354,Grower_58,2020,Tolerant,0.75,SE,A,0,132353-538322,0,0,1,0,0,0,1,0,0
HZ_12,Grower_186,Grower_95,2020,Susceptible,0.85,SE,SE,0,173476-515592,0,0,0,0,0,0,0,0,0
HZ_8,Grower_348,Grower_146,2021,Tolerant,0.5,SE,SE,0,205127-593185,0,0,2,1,1,0,0,0,0
HZ_42,Grower_279,Grower_63,2022,Verysusceptible,1.75,SE,E,0,084041-397534,0,0,6,1,5,2,3,6,2
HZ_35,Grower_209,Grower_51,2023,Tolerant,0.55,SE,AF,0,132486-534789,0,0,7,1,3,0,3,7,0
HZ_14,Grower_23,Grower_19,2022,Susceptible,0.76,E,A,1,238597-606759,0,0,8,5,3,5,0,8,0
HZ_6,Grower_8,Grower_113,2022,Tolerant,2.31,SE,SE,0,246628-595386,0,0,3,1,0,1,0,6,0
HZ_4,Grower_231,Grower_11,2019,Verysusceptible,1.81,E,E,0,121412-538724,0,0,5,3,3,0,4,0,0
HZ_48,Grower_384,Grower_61,2020,Verysusceptible,2.02,SE,SE,0,164503-583639,0,0,6,1,2,0,0,0,0
HZ_2,Grower_282,Grower_81,2019,Tolerant,1.0,SE,SE,0,228224-432806,0,0,0,0,0,0,0,0,0
HZ_36,Grower_101,Grower_126,2019,Tolerant,0.6,SE,AF,0,187194-596931,0,0,0,0,0,0,0,0,0
HZ_19,Grower_361,Grower_24,2020,Verysusceptible,0.7,E,E,0,237658-607067,0,0,3,1,1,0,0,0,0
HZ_24,Grower_203,Grower_48,2019,Tolerant,3.5,SE,SE,0,231317-440915,0,0,5,4,3,0,0,0,0
HZ_21,Grower_449,Grower_228,2019,Verysusceptible,1.17,SE,SE,0,180667-531916,0,0,0,0,0,0,0,0,0
HZ_5,Grower_99,Grower_33,2021,Susceptible,1.5,SE,SE,0,174717-587901,0,0,3,0,1,0,0,1,0
HZ_22,Grower_275,Grower_88,2020,Tolerant,1.5,SE,SE,0,082990-401005,0,0,3,0,1,0,0,0,0
HZ_49,Grower_136,Grower_63,2022,Susceptible,0.7,SE,SE,0,167469-582205,0,0,4,1,0,0,0,7,1
HZ_20,Grower_228,Grower_90,2020,Tolerant,2.0,SE,SE,0,124974-536424,0,0,5,0,2,0,0,0,0
HZ_2,Grower_255,Grower_2,2019,Tolerant,3.4,SE,SE,0,043596-368862,0,0,0,0,0,0,0,0,0
HZ_13,Grower_455,Grower_46,2019,Tolerant,4.0,SE,E,0,095165-408821,0,0,4,3,2,0,0,0,0
HZ_3,Grower_131,Grower_41,2019,Tolerant,1.2,SE,A,0,172974-591456,0,0,1,1,0,0,0,0,0
HZ_22,Grower_353,Grower_88,2019,Tolerant,1.7,SE,SE,0,187474-522193,0,0,2,1,1,0,0,0,0
HZ_12,Grower_224,Grower_136,2020,Susceptible,1.12,E,A,0,125092-533519,0,0,8,7,4,0,8,0,0
HZ_24,Grower_283,Grower_40,2021,Tolerant,4.35,SE,SE,0,172903-426579,0,0,7,4,4,0,0,1,1
HZ_17,Grower_275,Grower_147,2021,Susceptible,0.49,SE,E,0,087203-399155,0,0,1,0,0,0,0,1,0
HZ_24,Grower_24,Grower_24,2021,Tolerant,1.1,SE,SE,0,242823-599959,0,0,1,0,0,0,0,1,0
HZ_61,Grower_154,Grower_58,2019,Susceptible,2.4,E,E,0,169554-530339,0,0,8,8,5,0,4,0,0
HZ_3,Grower_286,Grower_18,2019,Tolerant,0.44,SE,SE,0,254866-599208,0,0,1,1,0,0,0,0,0
HZ_43,Grower_310,Grower_18,2019,Tolerant,3.3,SE,SE,0,213018-590281,0,0,1,1,0,0,0,0,0
HZ_3,Grower_209,Grower_163,2020,Tolerant,1.7,SE,A,0,131455-532095,0,0,6,0,2,0,0,0,0
HZ_4,Grower_248,Grower_1,2022,Verysusceptible,1.89,SE,A,0,059146-373686,0,0,2,2,0,0,1,6,0
HZ_13,Grower_64,Grower_22,2021,Tolerant,0.4,SE,-,0,224942-598690,0,0,3,1,1,0,0,1,0
HZ_12,Grower_337,Grower_95,2020,Susceptible,0.85,SE,SE,0,177508-532859,0,0,0,0,0,0,0,0,0
HZ_27,Grower_259,Grower_2,2019,Tolerant,1.7,SE,SE,0,048871-362844,0,0,0,0,0,0,1,0,0
HZ_12,Grower_19,Grower_15,2020,Susceptible,0.87,SE,SE,0,242632-603017,0,0,0,0,0,0,0,0,0
HZ_12,Grower_244,Grower_146,2021,Susceptible,0.05,E,E,0,048842-367601,0,0,0,0,0,0,0,0,0
HZ_39,Grower_130,Grower_42,2020,Tolerant,4.1,E,E,0,167060-582650,0,0,5,2,2,0,0,0,0
HZ_24,Grower_260,Grower_24,2023,Tolerant,2.1,SE,SE,0,058607-379112,0,0,0,0,0,0,0,0,0
HZ_43,Grower_114,Grower_128,2020,Tolerant,1.0,SE,E,1,176061-590948,0,0,0,0,0,0,0,0,0
HZ_38,Grower_303,Grower_4,2020,Tolerant,0.95,E,E,0,247747-600217,0,0,0,0,0,0,0,0,0
HZ_5,Grower_259,Grower_112,2021,Susceptible,1.5,E,E,0,049431-365887,0,0,5,1,2,0,0,0,0
HZ_15,Grower_259,Grower_19,2023,Verysusceptible,2.1,SE,AF,0,051553-360857,0,0,8,6,5,6,0,4,0
HZ_27,Grower_27,Grower_2,2021,Tolerant,2.68,SE,SE,0,242449-605891,0,0,0,0,0,0,0,0,0
HZ_39,Grower_334,Grower_42,2020,Tolerant,0.92,SE,E,0,180077-591365,0,0,0,0,0,0,0,0,0
HZ_20,Grower_55,Grower_1,2021,Tolerant,0.7,SE,-,0,228472-604414,0,0,5,0,2,0,0,1,0
HZ_4,Grower_250,Grower_117,2019,Verysusceptible,3.45,SE,A,0,021077-371600,0,0,7,4,4,0,0,0,0
HZ_20,Grower_66,Grower_2,2019,Tolerant,1.12,SE,SE,0,228906-596382,0,0,7,3,5,0,1,0,0
HZ_24,Grower_203,Grower_48,2019,Tolerant,1.36,SE,AF,0,234777-435983,0,0,5,4,3,0,0,0,0
HZ_24,Grower_275,Grower_40,2020,Tolerant,4.5,SE,SE,0,085115-399476,0,0,4,1,1,0,0,0,0
HZ_17,Grower_3,Grower_47,2021,Susceptible,1.54,SE,SE,0,249667-594968,0,0,5,0,2,0,1,4,0
HZ_5,Grower_259,Grower_83,2019,Susceptible,1.8,SE,A,0,051835-360908,0,0,0,0,0,0,0,0,0
HZ_20,Grower_186,Grower_2,2022,Tolerant,1.4,E,E,0,175641-517364,0,0,3,2,1,0,0,2,0
HZ_65,Grower_117,Grower_198,2019,Tolerant,0.3,E,E,0,171392-591389,0,0,6,4,3,0,0,0,0
HZ_5,Grower_158,Grower_86,2019,Susceptible,1.06,SE,E,0,180022-499757,0,0,0,0,0,0,0,0,0
HZ_12,Grower_19,Grower_125,2020,Susceptible,2.43,E,E,0,242632-603017,0,0,0,0,0,0,0,0,0
HZ_21,Grower_12,Grower_28,2022,Verysusceptible,0.89,SE,SE,0,253584-597451,0,0,6,4,4,0,0,8,0
HZ_17,Grower_332,Grower_40,2019,Susceptible,0.75,SE,-,0,178127-592914,0,0,8,8,5,0,4,0,0
HZ_7,Grower_97,Grower_205,2019,Tolerant,1.02,PB3,-,0,189318-597245,0,0,0,0,0,0,0,0,0
HZ_3,Grower_162,Grower_82,2022,Tolerant,0.7,SE,A,0,164174-494586,0,0,1,0,1,0,0,0,0
HZ_43,Grower_202,Grower_18,2020,Tolerant,0.86,E,E,0,121138-571319,0,0,2,1,1,0,0,0,0
HZ_8,Grower_209,Grower_58,2020,Tolerant,2.0,SE,SE,0,135883-540393,0,0,2,1,1,0,0,0,0
HZ_19,Grower_58,Grower_12,2019,Verysusceptible,1.3,PB3,PB3,0,225987-600497,0,0,0,0,0,0,0,0,0
HZ_54,Grower_345,Grower_68,2021,Verysusceptible,0.86,PB4,E,0,186270-527840,0,0,0,0,0,0,0,0,0
HZ_5,Grower_259,Grower_20,2022,Susceptible,1.0,SE,SE,0,049846-363015,0,0,2,0,1,0,0,0,0
HZ_16,Grower_282,Grower_66,2020,Susceptible,3.67,SE,E,1,231191-439696,0,0,6,3,4,0,0,0,0
HZ_17,Grower_231,Grower_19,2019,Susceptible,0.38,SE,A,1,120987-538998,0,0,8,8,5,1,0,0,0
HZ_20,Grower_286,Grower_12,2019,Tolerant,1.75,E,E,0,251265-597140,0,0,8,1,3,0,0,0,0
HZ_53,Grower_311,Grower_12,2020,Tolerant,5.01,SE,A,0,214431-590355,0,0,8,4,6,0,1,0,0
HZ_24,Grower_198,Grower_81,2020,Tolerant,1.23,SE,SE,0,119396-570814,0,0,0,0,0,0,0,0,0
HZ_48,Grower_255,Grower_61,2020,Verysusceptible,3.0,SE,A,0,046021-369399,0,0,7,1,3,0,0,0,0
HZ_22,Grower_284,Grower_88,2020,Tolerant,2.7,SE,SE,0,085354-401271,0,0,3,0,1,0,0,0,0
HZ_13,Grower_406,Grower_64,2019,Tolerant,3.15,E,A,0,276107-583562,0,0,3,0,1,0,0,0,0
HZ_17,Grower_199,Grower_147,2021,Susceptible,0.91,SE,SE,0,117505-563839,0,0,1,0,0,0,0,1,0
HZ_20,Grower_228,Grower_12,2021,Tolerant,3.23,SE,SE,0,124942-544439,0,0,7,2,4,0,1,6,1
HZ_46,Grower_175,Grower_33,2021,Susceptible,0.5,SE,A,0,183329-527920,0,0,2,0,1,0,0,6,0
HZ_5,Grower_252,Grower_83,2021,Susceptible,2.25,PB3,PB3,0,056565-373528,0,0,1,1,0,0,0,1,0
HZ_1,Grower_233,Grower_71,2022,Tolerant,1.75,E,E,0,122895-531961,0,0,1,1,0,2,0,0,0
HZ_20,Grower_209,Grower_83,2020,Tolerant,1.8,SE,A,0,132435-534926,0,0,3,1,1,0,0,0,0
HZ_22,Grower_284,Grower_31,2021,Tolerant,3.0,SE,SE,0,087153-400358,0,0,8,2,3,0,0,7,1
HZ_4,Grower_267,Grower_89,2020,Verysusceptible,1.2,SE,E,0,095001-424636,0,0,0,0,0,0,0,0,0
HZ_4,Grower_99,Grower_205,2019,Verysusceptible,1.11,SE,SE,0,199103-596874,0,0,8,1,3,0,0,0,0
HZ_20,Grower_220,Grower_2,2021,Tolerant,2.4,E,E,0,130021-542223,0,0,5,0,2,0,0,2,0
HZ_48,Grower_384,Grower_61,2019,Verysusceptible,0.41,SE,A,0,164501-582752,0,0,2,1,1,0,0,0,0
HZ_3,Grower_165,Grower_89,2022,Tolerant,1.43,PB4,E,0,180954-531954,0,0,1,0,0,0,0,0,0
HZ_20,Grower_202,Grower_98,2019,Tolerant,0.73,E,A,0,121186-572054,0,0,8,7,4,0,4,0,0
HZ_61,Grower_261,Grower_63,2021,Susceptible,1.0,SE,SE,0,057608-412893,0,0,6,2,2,0,0,2,0
HZ_16,Grower_205,Grower_1,2019,Susceptible,0.3,E,A,0,121675-565541,0,0,4,3,2,0,2,0,0
HZ_20,Grower_232,Grower_1,2022,Tolerant,3.05,E,E,0,116085-527187,0,0,0,0,0,0,0,0,0
HZ_17,Grower_230,Grower_133,2020,Susceptible,1.8,SE,SE,0,123174-535345,0,0,8,3,4,0,0,0,0
HZ_21,Grower_168,Grower_88,2019,Verysusceptible,1.0,SE,A,0,191132-528909,0,0,0,0,0,0,0,0,0
HZ_3,Grower_36,Grower_38,2023,Tolerant,1.4,E,A,0,245981-608551,0,0,1,0,0,0,0,0,0
HZ_12,Grower_188,Grower_95,2022,Susceptible,2.1,E,E,0,169217-523429,0,0,7,5,6,4,2,7,0
HZ_9,Grower_224,Grower_67,2022,Verysusceptible,1.63,E,E,0,126460-535528,0,0,6,7,1,0,0,4,0
HZ_3,Grower_98,Grower_76,2020,Tolerant,1.64,SE,SE,0,182242-594310,0,0,5,3,3,0,0,0,0
HZ_20,Grower_228,Grower_32,2020,Tolerant,1.85,E,E,0,124436-538169,0,0,8,8,5,0,4,0,0
HZ_49,Grower_161,Grower_133,2021,Susceptible,2.91,SE,E,0,161787-490914,0,0,5,0,2,0,0,7,0
HZ_17,Grower_351,Grower_133,2019,Susceptible,0.9,SE,-,0,131732-539868,0,0,8,7,4,0,4,0,0
HZ_8,Grower_348,Grower_28,2019,Tolerant,2.4,E,E,0,204932-593488,0,0,2,1,1,0,0,0,0
HZ_17,Grower_167,Grower_93,2021,Susceptible,0.5,SE,SE,0,186029-511819,0,0,0,0,0,0,0,0,0
HZ_12,Grower_31,Grower_67,2022,Susceptible,2.0,SE,E,0,250711-606145,0,0,0,0,0,0,0,1,0
HZ_3,Grower_64,Grower_136,2020,Tolerant,1.5,E,E,0,225766-598846,0,0,0,0,0,0,0,0,0
HZ_17,Grower_95,Grower_12,2021,Susceptible,1.75,SE,SE,0,184059-592781,0,0,6,3,4,0,0,2,0
HZ_37,Grower_122,Grower_59,2021,Tolerant,1.0,SE,A,0,174916-589672,0,0,0,0,0,0,0,0,0
HZ_2,Grower_314,Grower_2,2020,Tolerant,1.35,SE,SE,0,252640-599532,0,0,1,0,0,0,0,0,0
HZ_20,Grower_275,Grower_90,2019,Tolerant,0.9,SE,A,1,102049-411308,0,0,6,6,1,0,8,0,0
HZ_35,Grower_147,Grower_51,2022,Tolerant,0.85,SE,SE,0,178213-534417,0,0,8,1,3,2,8,8,0
HZ_4,Grower_254,Grower_9,2021,Verysusceptible,0.99,E,A,1,053377-361508,0,0,5,1,2,0,0,4,0
HZ_89,Grower_201,Grower_74,2019,Verysusceptible,2.2,SE,SE,0,091495-402312,0,0,4,3,2,0,0,0,0
HZ_4,Grower_280,Grower_1,2022,Verysusceptible,2.15,SE,SE,0,087759-401329,0,0,2,2,0,0,1,6,0
HZ_65,Grower_267,Grower_104,2020,Tolerant,2.43,SE,E,0,095001-424636,0,0,0,0,0,0,0,0,0
HZ_17,Grower_99,Grower_44,2022,Susceptible,1.2,SE,-,0,192749-598729,0,0,4,3,3,1,0,1,0
HZ_20,Grower_247,Grower_90,2019,Tolerant,1.3,SE,SE,0,038067-373588,0,0,0,0,0,0,0,0,0
HZ_15,Grower_8,Grower_21,2020,Verysusceptible,1.35,E,E,0,248277-595244,0,0,0,0,0,0,0,0,0
HZ_24,Grower_344,Grower_48,2022,Tolerant,0.6,SE,SE,0,185090-523123,0,0,5,6,3,1,0,7,4
HZ_20,Grower_196,Grower_82,2020,Tolerant,3.13,E,E,0,117736-570725,0,0,1,0,0,1,0,0,0
HZ_17,Grower_105,Grower_52,2023,Susceptible,0.95,PB4,AF,1,122006-569501,0,0,8,4,7,1,0,0,0
HZ_51,Grower_97,Grower_55,2019,Susceptible,0.97,SE,SE,0,201816-600630,0,0,1,0,0,0,0,0,0
HZ_4,Grower_259,Grower_90,2021,Verysusceptible,3.9,E,E,0,048849-365843,0,0,3,2,1,0,0,2,0
HZ_17,Grower_121,Grower_61,2021,Susceptible,1.1,SE,SE,0,177941-582685,0,0,7,2,4,0,0,1,0
HZ_29,Grower_66,Grower_18,2019,Tolerant,0.65,SE,SE,0,228967-596577,0,0,1,0,0,0,0,0,0
HZ_4,Grower_412,Grower_64,2020,Verysusceptible,2.75,SE,E,0,204398-599721,0,0,0,0,0,0,0,0,0
HZ_20,Grower_162,Grower_82,2021,Tolerant,1.9,SE,SE,0,164262-494039,0,0,1,0,0,0,0,0,0
HZ_34,Grower_104,Grower_49,2023,Verysusceptible,0.95,SE,SE,0,182030-592512,0,0,3,1,1,0,1,3,0
HZ_20,Grower_351,Grower_147,2021,Tolerant,1.16,SE,SE,0,132687-539247,0,0,8,4,6,0,0,2,0
HZ_8,Grower_39,Grower_28,2021,Tolerant,0.8,PB4,SE,0,246435-605892,0,0,1,0,0,0,0,0,1
HZ_47,Grower_275,Grower_42,2022,Verysusceptible,2.55,SE,SE,0,085717-399132,0,0,1,0,1,0,1,3,0
HZ_20,Grower_117,Grower_58,2020,Tolerant,1.0,SE,SE,0,171821-590435,0,0,6,3,4,0,0,0,0
HZ_51,Grower_50,Grower_132,2021,Susceptible,2.66,E,A,1,213407-592994,0,0,6,6,1,1,2,5,0
HZ_12,Grower_173,Grower_95,2022,Susceptible,1.25,SE,SE,0,185421-522783,0,0,4,2,4,2,1,5,1
HZ_26,Grower_146,Grower_113,2022,Tolerant,1.32,SE,A,0,175701-525666,0,0,3,2,0,0,0,4,1
HZ_8,Grower_175,Grower_5,2019,Tolerant,1.4,SE,SE,0,184274-528119,0,0,1,0,0,0,0,0,0
HZ_15,Grower_203,Grower_68,2020,Verysusceptible,4.7,SE,E,1,233511-440109,0,0,5,2,2,0,1,0,0
HZ_44,Grower_60,Grower_74,2023,Susceptible,0.42,SE,SE,0,173524-516636,0,0,0,0,0,0,0,0,0
HZ_11,Grower_202,Grower_60,2023,Tolerant,2.15,SE,SE,0,121167-571157,0,0,0,0,0,0,0,0,0
HZ_11,Grower_244,Grower_12,2023,Tolerant,2.15,SE,SE,0,054006-370485,0,0,2,0,0,0,0,1,0
HZ_39,Grower_44,Grower_133,2019,Tolerant,0.16,E,E,0,231035-600649,0,0,4,0,1,0,4,0,0
HZ_11,Grower_263,Grower_19,2019,Tolerant,0.54,SE,SE,0,035371-375888,0,0,2,0,1,0,0,0,0
HZ_19,Grower_6,Grower_22,2020,Verysusceptible,0.65,E,A,0,266393-591329,0,0,7,4,4,1,0,0,0
HZ_17,Grower_202,Grower_42,2019,Susceptible,1.7,SE,SE,0,121186-572054,0,0,8,1,3,0,0,0,0
HZ_46,Grower_456,Grower_3,2019,Susceptible,1.35,E,E,0,087020-399094,0,0,3,0,1,0,0,0,0
HZ_5,Grower_248,Grower_83,2021,Susceptible,2.66,SE,SE,0,059612-369635,0,0,2,1,1,0,0,1,0
HZ_23,Grower_174,Grower_30,2023,Verysusceptible,2.87,SE,AF,0,050787-370159,0,0,6,1,6,0,0,4,0
HZ_20,Grower_68,Grower_83,2019,Tolerant,4.15,E,E,0,119872-575959,0,0,8,4,6,1,0,0,0
HZ_5,Grower_331,Grower_47,2022,Susceptible,0.69,E,E,0,178069-586038,0,0,1,1,1,0,0,0,0
HZ_17,Grower_79,Grower_163,2019,Susceptible,0.7,SE,A,0,201542-595369,0,0,8,8,5,0,0,0,0
HZ_5,Grower_53,Grower_47,2021,Susceptible,2.0,E,E,0,219966-588328,0,0,1,1,0,0,0,1,0
HZ_1,Grower_286,Grower_1,2019,Tolerant,2.27,E,E,0,254866-599208,0,0,1,0,0,0,0,0,0
HZ_24,Grower_77,Grower_48,2020,Tolerant,0.3,SE,SE,0,205577-600378,0,0,2,0,1,0,0,0,0
HZ_20,Grower_232,Grower_8,2020,Tolerant,0.6,E,A,0,115768-526914,0,0,8,4,6,0,0,0,0
HZ_3,Grower_11,Grower_2,2020,Tolerant,1.05,SE,E,0,251497-600470,0,0,2,0,1,0,0,0,0
HZ_20,Grower_196,Grower_147,2021,Tolerant,1.51,SE,SE,0,118567-570376,0,0,6,4,3,0,0,2,1
HZ_20,Grower_364,Grower_2,2019,Tolerant,3.13,SE,A,0,245789-603816,0,0,7,0,3,0,0,0,0
HZ_20,Grower_362,Grower_24,2020,Tolerant,1.55,SE,AF,0,235921-600452,0,0,1,0,0,0,0,0,0
HZ_3,Grower_216,Grower_61,2019,Tolerant,1.0,SE,SE,0,118075-537166,0,0,5,0,2,0,0,0,0
HZ_36,Grower_64,Grower_11,2019,Tolerant,1.37,SE,-,0,225139-600351,0,0,0,0,0,0,0,0,0
HZ_39,Grower_206,Grower_29,2023,Tolerant,0.55,PB4,SE,0,116076-568684,0,0,0,0,0,0,0,0,0
HZ_5,Grower_211,Grower_3,2019,Susceptible,2.98,E,A,0,125418-543102,0,0,0,0,0,0,0,0,0
HZ_17,Grower_127,Grower_42,2021,Susceptible,0.9,SE,SE,0,168252-581532,0,0,8,3,4,0,1,0,0
HZ_5,Grower_53,Grower_6,2023,Susceptible,1.0,SE,SE,0,219421-587763,0,0,1,0,1,0,0,0,0
HZ_34,Grower_141,Grower_75,2021,Verysusceptible,1.4,SE,E,0,158916-579808,0,0,8,0,3,0,0,1,0
HZ_18,Grower_158,Grower_87,2023,Tolerant,1.5,E,E,0,179521-498988,0,0,0,0,0,0,0,0,0
HZ_29,Grower_163,Grower_2,2020,Tolerant,2.2,E,-,0,153806-490734,0,0,1,0,0,0,0,0,0
HZ_3,Grower_135,Grower_41,2019,Tolerant,1.9,E,E,0,158433-570566,0,0,1,1,0,0,0,0,0
HZ_20,Grower_195,Grower_83,2020,Tolerant,2.4,E,E,0,116622-567847,0,0,4,0,1,0,0,0,0
HZ_4,Grower_32,Grower_1,2022,Verysusceptible,0.53,SE,SE,0,242881-601929,0,0,2,2,0,0,1,6,0
HZ_46,Grower_161,Grower_42,2021,Susceptible,1.76,SE,A,1,175980-508244,0,0,8,7,4,2,0,2,1
HZ_3,Grower_341,Grower_82,2022,Tolerant,0.88,SE,SE,0,168844-508157,0,0,1,0,1,0,0,0,0
HZ_24,Grower_32,Grower_24,2022,Tolerant,0.65,SE,SE,0,242910-601706,0,0,6,6,1,0,0,2,0
HZ_20,Grower_227,Grower_90,2019,Tolerant,0.3,SE,A,1,126016-539096,0,0,7,7,5,0,5,0,0
HZ_3,Grower_444,Grower_33,2019,Tolerant,0.4,E,E,0,184729-595398,0,0,7,2,4,0,0,0,0
HZ_3,Grower_56,Grower_16,2023,Tolerant,1.84,E,E,0,226067-592369,0,0,0,0,0,0,0,0,0
HZ_39,Grower_130,Grower_205,2019,Tolerant,1.46,SE,A,0,166748-583180,0,0,8,7,4,0,0,0,0
HZ_24,Grower_347,Grower_48,2021,Tolerant,1.7,SE,SE,0,186699-522313,0,0,3,0,1,0,0,1,0
HZ_11,Grower_5,Grower_9,2021,Tolerant,1.49,E,E,0,249710-601796,0,0,7,4,4,0,0,7,0
HZ_3,Grower_365,Grower_150,2021,Tolerant,1.9,SE,SE,0,245583-602567,0,0,3,1,1,0,0,6,1
HZ_3,Grower_286,Grower_49,2022,Tolerant,0.87,E,E,0,255140-599101,0,0,3,1,1,0,1,5,0
HZ_3,Grower_204,Grower_208,2019,Tolerant,0.5,PB3,SE,0,119903-566679,0,0,0,0,0,0,0,0,0
HZ_3,Grower_19,Grower_47,2020,Tolerant,1.04,SE,SE,0,244105-602085,0,0,0,0,0,0,0,0,0
HZ_46,Grower_182,Grower_33,2020,Susceptible,1.0,SE,SE,0,184783-530691,0,0,0,0,0,0,0,0,0
HZ_17,Grower_148,Grower_93,2022,Susceptible,0.4,SE,SE,0,176294-529158,0,0,8,2,0,0,0,0,0
HZ_65,Grower_250,Grower_12,2019,Tolerant,2.15,SE,E,0,019235-369879,0,0,6,2,2,0,0,0,0
HZ_37,Grower_281,Grower_44,2023,Tolerant,3.8,SE,SE,0,074902-399539,0,0,5,0,1,1,0,0,0
HZ_17,Grower_175,Grower_12,2021,Susceptible,2.96,SE,SE,0,172114-520566,0,0,6,3,4,0,0,2,0
HZ_4,Grower_250,Grower_89,2020,Verysusceptible,4.2,SE,E,0,021078-371479,0,0,0,0,0,0,0,0,0
HZ_20,Grower_282,Grower_68,2020,Tolerant,2.16,SE,E,0,233400-434701,0,0,7,5,6,2,0,0,0
HZ_13,Grower_10,Grower_22,2022,Tolerant,1.0,SE,SE,0,262141-586627,0,0,3,2,0,0,0,2,0
HZ_49,Grower_219,Grower_41,2023,Susceptible,2.0,PB4,PB4,0,122122-536585,0,0,0,0,0,0,0,0,0
HZ_20,Grower_281,Grower_82,2020,Tolerant,3.0,SE,AF,0,083069-397386,0,0,1,0,0,1,0,0,0
HZ_43,Grower_20,Grower_18,2020,Tolerant,1.05,SE,SE,0,235106-602215,0,0,1,0,0,0,0,0,0
HZ_4,Grower_63,Grower_80,2020,Verysusceptible,0.95,SE,A,1,228534-598636,0,0,8,4,6,0,0,0,0
HZ_30,Grower_130,Grower_66,2023,Verysusceptible,2.55,SE,SE,0,166092-581916,0,0,4,0,0,0,0,0,0
HZ_3,Grower_30,Grower_21,2023,Tolerant,0.81,E,B,0,246096-603239,0,0,0,0,0,0,0,0,0
HZ_47,Grower_255,Grower_42,2020,Verysusceptible,3.5,SE,E,0,045796-371166,0,0,4,0,1,0,0,0,0
HZ_3,Grower_136,Grower_75,2020,Tolerant,1.35,SE,SE,0,167285-582087,0,0,1,0,0,0,0,0,0
HZ_3,Grower_168,Grower_68,2021,Tolerant,1.46,SE,SE,0,179285-530176,0,0,6,1,2,0,0,2,0
HZ_13,Grower_9,Grower_176,2019,Tolerant,4.16,E,E,0,263586-581529,0,0,0,0,0,0,0,0,0
HZ_4,Grower_163,Grower_1,2021,Verysusceptible,1.51,SE,A,0,159187-490917,0,0,5,1,2,0,0,7,0
HZ_15,Grower_203,Grower_19,2022,Verysusceptible,0.99,SE,SE,0,233427-435574,0,0,0,0,0,0,0,0,0
HZ_16,Grower_21,Grower_8,2022,Susceptible,1.2,SE,SE,0,239179-604516,0,0,3,1,1,1,0,8,1
HZ_12,Grower_224,Grower_52,2021,Susceptible,1.75,E,A,1,126339-534231,0,0,8,3,4,3,0,6,0
HZ_17,Grower_445,Grower_42,2019,Susceptible,1.31,SE,SE,0,166730-584278,0,0,8,1,3,0,0,0,0
HZ_3,Grower_64,Grower_136,2020,Tolerant,0.75,SE,-,0,225766-598846,0,0,0,0,0,0,0,0,0
HZ_17,Grower_35,Grower_12,2020,Susceptible,0.2,SE,SE,0,245484-606379,0,0,5,1,2,0,0,0,0
HZ_3,Grower_161,Grower_66,2020,Tolerant,1.2,E,E,0,175156-507695,0,0,0,0,0,0,0,0,0
HZ_12,Grower_224,Grower_36,2023,Susceptible,2.58,E,E,0,127922-535223,0,0,8,3,0,2,0,7,0
HZ_49,Grower_161,Grower_79,2021,Susceptible,0.3,SE,E,0,161787-490914,0,0,7,2,4,0,1,1,0
HZ_20,Grower_236,Grower_112,2021,Tolerant,3.4,E,E,0,135846-521916,0,0,8,5,2,3,0,2,1
HZ_20,Grower_208,Grower_90,2023,Tolerant,1.5,PB4,PB4,0,128105-541399,0,0,0,0,0,0,0,0,0
HZ_20,Grower_28,Grower_1,2021,Tolerant,2.14,SE,SE,0,249424-598473,0,0,6,1,2,1,2,4,1
HZ_5,Grower_106,Grower_33,2022,Susceptible,1.06,SE,A,0,129651-533305,0,0,0,0,0,0,0,0,0
HZ_65,Grower_27,Grower_153,2019,Tolerant,2.48,SE,A,0,242654-605608,0,0,1,0,0,0,0,0,0
HZ_8,Grower_342,Grower_119,2019,Tolerant,2.28,SE,A,0,187626-517305,0,0,4,1,1,0,1,0,0
HZ_51,Grower_96,Grower_12,2021,Susceptible,0.9,PB4,PB4,0,182349-591829,0,0,0,0,0,0,0,0,0
HZ_20,Grower_65,Grower_1,2021,Tolerant,0.89,E,E,0,226681-603076,0,0,8,0,3,0,1,4,0
HZ_19,Grower_6,Grower_149,2021,Verysusceptible,2.1,E,E,0,266453-590983,0,0,0,0,0,0,0,0,0
HZ_4,Grower_209,Grower_90,2022,Verysusceptible,3.5,E,A,0,130616-532983,0,0,8,7,3,2,0,1,0
HZ_19,Grower_270,Grower_29,2023,Verysusceptible,2.45,SE,E,0,084575-400601,0,0,0,0,0,0,0,0,0
HZ_4,Grower_161,Grower_82,2021,Verysusceptible,3.37,SE,SE,0,175980-508244,0,0,4,2,2,0,0,0,0
HZ_56,Grower_265,Grower_49,2022,Susceptible,1.96,SE,SE,0,183783-531727,0,0,2,1,0,0,0,3,0
HZ_51,Grower_86,Grower_61,2021,Susceptible,1.8,SE,SE,0,195392-598106,0,0,2,0,1,0,0,0,0
HZ_4,Grower_276,Grower_2,2022,Verysusceptible,3.6,SE,SE,0,095179-401813,0,0,6,1,2,4,4,8,0
HZ_20,Grower_91,Grower_116,2021,Tolerant,0.7,SE,SE,0,197110-599973,0,0,5,2,2,0,1,2,0
HZ_17,Grower_350,Grower_42,2022,Susceptible,1.3,SE,SE,0,134896-540970,0,0,2,1,1,1,1,2,0
HZ_3,Grower_12,Grower_132,2020,Tolerant,0.79,SE,SE,0,252784-598124,0,0,0,0,0,0,0,0,0
HZ_17,Grower_100,Grower_58,2019,Susceptible,1.21,SE,SE,0,177020-587234,0,0,8,8,5,0,0,0,0
HZ_20,Grower_197,Grower_1,2020,Tolerant,1.0,SE,SE,0,118181-564763,0,0,7,1,3,0,0,0,0
HZ_4,Grower_161,Grower_1,2022,Verysusceptible,1.75,SE,E,0,175705-508033,0,0,1,0,0,0,1,4,0
HZ_34,Grower_226,Grower_32,2023,Verysusceptible,0.25,SE,E,0,124248-539794,0,0,8,1,4,7,0,0,0
HZ_20,Grower_303,Grower_1,2020,Tolerant,2.17,SE,SE,0,247093-600840,0,0,6,1,2,0,0,0,0
HZ_1,Grower_233,Grower_82,2023,Tolerant,1.0,SE,SE,0,122848-532051,0,0,1,0,0,0,0,0,0
HZ_5,Grower_99,Grower_33,2022,Susceptible,0.9,SE,SE,0,201870-599742,0,0,0,0,0,0,0,0,0
HZ_20,Grower_395,Grower_90,2021,Tolerant,2.35,E,E,0,118190-561474,0,0,7,3,5,0,0,0,0
HZ_12,Grower_15,Grower_95,2019,Susceptible,1.4,SE,E,0,240406-608061,0,0,4,1,1,0,0,0,0
HZ_5,Grower_134,Grower_42,2022,Susceptible,0.48,PB4,PB4,0,170808-580520,0,0,2,0,0,0,0,1,0
HZ_23,Grower_22,Grower_30,2022,Verysusceptible,2.0,SE,SE,0,230151-600392,0,0,7,2,6,0,0,3,0
HZ_17,Grower_9,Grower_23,2022,Susceptible,2.68,SE,SE,0,263586-581369,0,0,7,1,2,2,0,0,0
HZ_3,Grower_160,Grower_82,2023,Tolerant,0.3,SE,A,0,180527-500834,0,0,3,0,2,0,0,1,0
HZ_22,Grower_275,Grower_115,2022,Tolerant,0.6,SE,SE,0,078925-402927,0,0,8,1,4,0,1,8,0
HZ_20,Grower_332,Grower_116,2022,Tolerant,1.8,PB4,PB4,0,179205-591434,0,0,4,1,0,2,0,1,0
HZ_17,Grower_108,Grower_12,2021,Susceptible,2.75,E,E,0,181457-582555,0,0,6,3,4,0,0,2,0
HZ_3,Grower_129,Grower_42,2023,Tolerant,0.65,PB4,AF,0,159487-578779,0,0,0,0,0,0,0,0,0
HZ_3,Grower_151,Grower_1,2020,Tolerant,0.8,SE,E,0,165548-539502,0,0,1,0,0,0,0,0,0
HZ_20,Grower_218,Grower_29,2023,Tolerant,0.73,PB4,E,0,118971-538700,0,0,0,0,0,0,0,0,0
HZ_4,Grower_87,Grower_63,2020,Verysusceptible,2.23,SE,SE,0,200410-597772,0,0,4,0,1,0,1,0,0
HZ_17,Grower_129,Grower_42,2021,Susceptible,0.6,SE,-,0,159199-579467,0,0,6,2,2,0,1,1,0
HZ_3,Grower_114,Grower_40,2023,Tolerant,1.1,E,E,0,168449-589488,0,0,4,0,1,0,0,1,0
HZ_20,Grower_287,Grower_8,2019,Tolerant,1.44,SE,SE,0,248158-598842,0,0,6,5,5,0,0,0,0
HZ_39,Grower_114,Grower_61,2019,Tolerant,1.0,SE,SE,0,175520-591092,0,0,0,0,0,0,0,0,0
HZ_7,Grower_130,Grower_205,2019,Tolerant,0.44,SE,A,0,166799-582512,0,0,0,0,0,0,0,0,0
HZ_5,Grower_3,Grower_38,2021,Susceptible,0.61,PB4,PB4,0,249667-594968,0,0,6,0,2,0,0,0,0
HZ_29,Grower_87,Grower_206,2019,Tolerant,0.9,SE,A,0,204234-591552,0,0,8,3,4,0,0,0,0
HZ_24,Grower_187,Grower_81,2019,Tolerant,0.5,SE,SE,0,060380-371781,0,0,0,0,0,0,0,0,0
HZ_4,Grower_209,Grower_2,2022,Verysusceptible,0.6,E,E,0,130616-532983,0,0,5,1,1,2,3,7,2
HZ_20,Grower_206,Grower_83,2020,Tolerant,1.27,SE,SE,0,113754-565892,0,0,4,1,1,0,0,0,0
HZ_20,Grower_303,Grower_1,2020,Tolerant,0.95,E,E,0,247093-600840,0,0,6,1,2,0,0,0,0
HZ_8,Grower_5,Grower_114,2022,Tolerant,0.9,SE,SE,0,250591-601068,0,0,1,0,0,0,0,6,0
HZ_3,Grower_28,Grower_112,2021,Tolerant,1.02,SE,SE,0,246844-597509,0,0,1,0,0,0,0,1,0
HZ_17,Grower_102,Grower_53,2021,Susceptible,4.0,E,E,0,176100-581954,0,0,7,4,4,0,0,2,0
HZ_51,Grower_97,Grower_55,2021,Susceptible,1.71,SE,-,0,193208-600332,0,0,8,4,6,0,1,5,0
HZ_15,Grower_8,Grower_19,2023,Verysusceptible,0.95,SE,E,0,248244-595234,0,0,8,6,5,6,0,4,0
HZ_29,Grower_346,Grower_41,2019,Tolerant,1.03,SE,SE,0,179207-552073,0,0,1,0,0,0,0,0,0
HZ_7,Grower_378,Grower_66,2020,Tolerant,0.96,SE,SE,0,214854-590311,0,0,0,0,0,0,0,0,0
HZ_30,Grower_331,Grower_66,2022,Verysusceptible,0.48,SE,SE,0,179550-589631,0,0,1,0,1,0,0,0,0
HZ_5,Grower_108,Grower_3,2019,Susceptible,1.3,SE,A,0,181310-582359,0,0,0,0,0,0,0,0,0
HZ_3,Grower_420,Grower_222,2019,Tolerant,4.0,E,A,0,181739-508680,0,0,0,0,0,0,0,0,0
HZ_20,Grower_198,Grower_29,2022,Tolerant,0.75,PB4,PB4,0,116629-565264,0,0,1,0,0,0,0,0,0
HZ_3,Grower_316,Grower_1,2022,Tolerant,1.65,SE,SE,0,227015-602426,0,0,0,0,0,0,0,0,0
HZ_2,Grower_56,Grower_178,2019,Tolerant,0.12,E,E,0,225887-593761,0,0,8,5,2,0,0,0,0
HZ_5,Grower_108,Grower_33,2020,Susceptible,0.1,SE,SE,0,181901-582262,0,0,0,0,0,0,0,0,0
HZ_61,Grower_97,Grower_205,2019,Susceptible,0.9,PB3,-,0,190239-597486,0,0,0,0,0,0,0,0,0
HZ_35,Grower_27,Grower_51,2021,Tolerant,3.4,SE,SE,0,243497-609228,0,0,8,7,4,0,4,8,0
HZ_77,Grower_320,Grower_33,2021,Tolerant,0.95,SE,SE,0,210364-590179,0,0,3,1,1,0,0,1,0
HZ_4,Grower_187,Grower_122,2019,Verysusceptible,0.8,E,A,0,061260-372919,0,0,8,6,6,0,6,0,0
HZ_5,Grower_225,Grower_83,2020,Susceptible,0.5,SE,-,0,132020-537565,0,0,2,0,1,0,0,0,0
HZ_51,Grower_173,Grower_12,2021,Susceptible,0.25,SE,A,1,182783-521801,0,0,0,0,0,0,0,0,0
HZ_22,Grower_186,Grower_88,2019,Tolerant,1.05,SE,SE,0,175571-517334,0,0,2,1,1,0,0,0,0
HZ_4,Grower_275,Grower_9,2021,Verysusceptible,4.3,SE,E,1,083040-400817,0,0,5,1,2,0,0,4,0
HZ_58,Grower_88,Grower_17,2019,Susceptible,0.93,SE,SE,0,211105-589870,0,0,8,5,2,0,7,0,0
HZ_12,Grower_173,Grower_61,2022,Susceptible,2.5,E,E,0,185421-522783,0,0,8,0,0,2,8,8,1
HZ_12,Grower_126,Grower_36,2019,Susceptible,0.5,SE,A,0,164709-579680,0,0,8,7,4,0,4,0,0
HZ_2,Grower_275,Grower_107,2019,Tolerant,3.5,SE,SE,0,102049-411308,0,0,0,0,0,0,0,0,0
HZ_26,Grower_187,Grower_113,2019,Tolerant,2.53,SE,A,0,057151-374318,0,0,1,1,0,0,0,0,0
HZ_24,Grower_187,Grower_40,2021,Tolerant,5.0,SE,SE,0,060410-371647,0,0,7,4,4,0,0,1,1
HZ_11,Grower_231,Grower_12,2021,Tolerant,1.06,PB4,PB4,0,121618-538544,0,0,0,0,0,0,0,0,0
HZ_24,Grower_203,Grower_40,2021,Tolerant,2.84,SE,SE,0,225898-438356,0,0,7,4,4,0,0,1,1
HZ_4,Grower_344,Grower_95,2019,Verysusceptible,0.8,SE,SE,0,185170-523587,0,0,4,3,2,0,0,0,0
HZ_17,Grower_3,Grower_12,2020,Susceptible,1.48,SE,A,0,248259-595691,0,0,8,3,4,0,0,0,0
HZ_29,Grower_105,Grower_18,2020,Tolerant,0.9,SE,SE,0,122166-569691,0,0,0,0,0,1,0,0,0
HZ_37,Grower_281,Grower_44,2020,Tolerant,1.3,SE,A,0,075313-399311,0,0,8,1,3,0,0,0,0
HZ_8,Grower_74,Grower_28,2020,Tolerant,1.02,SE,SE,0,228132-595089,0,0,0,0,0,0,0,0,0
HZ_20,Grower_221,Grower_98,2019,Tolerant,0.49,E,E,0,125898-537020,0,0,8,8,5,0,5,0,0
HZ_35,Grower_228,Grower_40,2023,Tolerant,1.0,SE,A,0,125410-536581,0,0,5,4,4,0,0,1,0
HZ_61,Grower_247,Grower_102,2023,Susceptible,1.14,SE,SE,0,Vande keere molenkot,0,0,1,0,0,2,0,1,0
HZ_5,Grower_8,Grower_111,2022,Susceptible,2.25,SE,SE,0,246990-595382,0,0,1,0,1,0,0,2,0
HZ_20,Grower_41,Grower_82,2019,Tolerant,1.55,SE,SE,0,242312-600413,0,0,1,1,0,0,0,0,0
HZ_46,Grower_203,Grower_75,2019,Susceptible,3.3,E,A,0,232340-440527,0,0,3,1,1,0,0,0,0
HZ_3,Grower_4,Grower_47,2021,Tolerant,2.64,E,E,0,251506-604127,0,0,2,1,1,0,0,0,0
HZ_3,Grower_127,Grower_61,2019,Tolerant,0.84,SE,SE,0,168215-581764,0,0,5,0,2,0,0,0,0
HZ_5,Grower_158,Grower_86,2023,Susceptible,3.1,E,AF,0,179521-498988,0,0,0,0,0,0,0,0,0
HZ_12,Grower_15,Grower_126,2021,Susceptible,0.89,SE,SE,0,238977-603647,0,0,7,8,5,3,5,7,2
HZ_17,Grower_45,Grower_133,2019,Susceptible,1.98,SE,A,0,213662-591371,0,0,8,7,4,0,4,0,0
HZ_17,Grower_231,Grower_42,2022,Susceptible,0.99,PB4,PB4,0,119728-537847,0,0,0,0,0,0,0,0,0
HZ_4,Grower_175,Grower_66,2023,Verysusceptible,1.78,SE,AF,0,189187-516126,0,0,5,0,0,2,1,3,0
HZ_3,Grower_161,Grower_86,2020,Tolerant,2.15,SE,SE,0,175553-507464,0,0,0,0,0,0,0,0,0
HZ_16,Grower_282,Grower_32,2021,Susceptible,2.78,PB4,SE,0,237283-435143,0,0,5,4,3,0,0,2,0
HZ_22,Grower_72,Grower_17,2023,Tolerant,2.4,SE,SE,0,223474-598048,0,0,3,0,0,0,0,1,0
HZ_3,Grower_132,Grower_75,2020,Tolerant,2.25,SE,SE,0,159783-570597,0,0,1,0,0,0,0,0,0
HZ_3,Grower_36,Grower_3,2023,Tolerant,0.9,SE,A,0,245981-608551,0,0,0,0,0,0,0,0,0
HZ_20,Grower_203,Grower_12,2023,Tolerant,4.88,SE,SE,0,228566-433296,0,0,4,1,2,0,0,2,0
HZ_3,Grower_8,Grower_1,2020,Tolerant,1.85,E,E,0,248277-595244,0,0,1,0,0,0,0,0,0
HZ_48,Grower_255,Grower_61,2019,Verysusceptible,2.9,SE,A,0,045397-370133,0,0,4,2,2,0,0,0,0
HZ_20,Grower_275,Grower_1,2020,Tolerant,2.7,SE,E,0,095974-405615,0,0,7,1,3,0,0,0,0
HZ_11,Grower_8,Grower_102,2021,Tolerant,1.72,SE,SE,0,246229-595177,0,0,0,0,0,0,0,0,0
HZ_17,Grower_87,Grower_58,2023,Susceptible,1.2,SE,SE,0,202066-592678,0,0,0,0,0,0,0,0,0
HZ_3,Grower_388,Grower_82,2021,Tolerant,0.36,SE,E,0,171672-528923,0,0,0,0,0,0,0,0,0
HZ_1,Grower_342,Grower_1,2022,Tolerant,0.3,E,E,0,187414-520720,0,0,1,1,0,0,0,0,0
HZ_39,Grower_87,Grower_27,2022,Tolerant,1.06,SE,SE,0,203190-601708,0,0,8,0,3,0,1,8,0
HZ_17,Grower_9,Grower_46,2020,Susceptible,2.44,E,E,0,261943-580129,0,0,8,6,6,0,0,0,0
HZ_84,Grower_375,Grower_112,2019,Tolerant,0.95,E,E,0,224880-594843,0,0,5,2,2,0,0,0,0
HZ_12,Grower_188,Grower_14,2023,Susceptible,0.9,SE,A,0,170382-522960,0,0,1,0,1,0,0,1,0
HZ_7,Grower_141,Grower_59,2020,Tolerant,1.3,SE,-,0,160257-581250,0,0,3,2,1,0,0,0,0
HZ_3,Grower_177,Grower_137,2022,Tolerant,2.17,SE,A,0,182528-509284,0,0,3,3,0,0,0,6,0
HZ_4,Grower_275,Grower_64,2019,Verysusceptible,5.5,SE,A,1,083317-401728,0,0,8,7,4,0,0,0,0
HZ_5,Grower_248,Grower_8,2022,Susceptible,2.17,SE,SE,0,057713-363742,0,0,0,0,0,0,0,1,0
HZ_12,Grower_124,Grower_15,2020,Susceptible,0.85,SE,SE,0,159310-568973,0,0,0,0,0,0,0,0,0
HZ_22,Grower_275,Grower_155,2019,Tolerant,0.5,SE,SE,0,078347-403129,0,0,2,3,0,0,0,0,0
HZ_4,Grower_249,Grower_64,2019,Verysusceptible,0.7,SE,A,0,061086-370810,0,0,7,4,4,1,1,0,0
HZ_20,Grower_275,Grower_1,2022,Tolerant,2.5,SE,SE,0,095730-405935,0,0,2,0,1,0,1,7,1
HZ_29,Grower_183,Grower_132,2020,Tolerant,2.25,E,E,0,189809-529546,0,0,4,1,1,0,1,0,0
HZ_15,Grower_259,Grower_68,2021,Verysusceptible,2.97,E,AF,1,050595-360137,0,0,8,7,4,0,5,3,0
HZ_5,Grower_133,Grower_42,2021,Susceptible,1.54,SE,SE,0,162661-579689,0,0,3,0,1,0,0,1,0
HZ_17,Grower_202,Grower_22,2020,Susceptible,1.64,SE,SE,0,119734-570372,0,0,6,5,5,1,0,0,0
HZ_3,Grower_168,Grower_32,2021,Tolerant,2.54,SE,SE,0,187909-531519,0,0,3,0,1,0,0,1,0
HZ_29,Grower_151,Grower_86,2019,Tolerant,1.1,SE,SE,0,177707-535969,0,0,0,0,0,0,0,0,0
HZ_2,Grower_282,Grower_2,2020,Tolerant,2.03,SE,SE,0,231467-450066,0,0,1,0,0,0,0,0,0
HZ_20,Grower_247,Grower_122,2019,Tolerant,2.0,SE,E,0,037994-373197,0,0,8,3,4,0,1,0,0
HZ_3,Grower_134,Grower_42,2021,Tolerant,1.25,SE,SE,0,170913-580751,0,0,2,1,1,0,0,0,0
HZ_8,Grower_114,Grower_58,2023,Tolerant,0.6,SE,E,0,168449-589488,0,0,0,0,0,0,0,1,0
HZ_61,Grower_79,Grower_107,2019,Susceptible,2.2,SE,SE,0,202597-594913,0,0,5,2,2,0,1,0,0
HZ_22,Grower_275,Grower_88,2021,Tolerant,2.02,SE,SE,0,079123-402992,0,0,3,1,1,0,0,0,0
HZ_5,Grower_252,Grower_83,2022,Susceptible,1.1,SE,A,0,052904-374477,0,0,7,4,5,0,1,1,0
HZ_17,Grower_77,Grower_42,2020,Susceptible,0.66,SE,SE,0,205988-600275,0,0,0,0,0,0,0,0,0
HZ_17,Grower_77,Grower_99,2020,Susceptible,0.47,SE,SE,0,205847-600385,0,0,0,0,0,0,0,0,0
HZ_13,Grower_143,Grower_22,2021,Tolerant,2.26,SE,SE,0,177785-527721,0,0,3,1,1,0,0,1,0
HZ_5,Grower_203,Grower_33,2020,Susceptible,4.39,SE,E,0,233687-437787,0,0,0,0,0,0,0,0,0
HZ_4,Grower_284,Grower_66,2021,Verysusceptible,2.97,SE,SE,0,085738-401201,0,0,7,0,3,0,1,7,0
HZ_4,Grower_401,Grower_64,2019,Verysusceptible,2.6,SE,A,1,070262-436051,0,0,7,4,4,1,1,0,0
HZ_20,Grower_94,Grower_76,2019,Tolerant,0.6,SE,SE,0,185345-596045,0,0,8,0,3,0,0,0,0
HZ_20,Grower_200,Grower_90,2023,Tolerant,0.8,SE,SE,0,119020-571591,0,0,1,0,1,0,0,0,0
HZ_5,Grower_252,Grower_29,2023,Susceptible,2.2,SE,A,0,053354-373534,0,0,1,1,0,0,0,0,0
HZ_3,Grower_157,Grower_82,2021,Tolerant,0.65,SE,SE,0,170737-528428,0,0,0,0,0,0,0,0,0
HZ_43,Grower_292,Grower_18,2020,Tolerant,2.73,E,E,0,240133-599147,0,0,1,0,0,0,0,0,0
HZ_39,Grower_141,Grower_133,2019,Tolerant,3.9,SE,A,0,159510-579958,0,0,1,0,0,0,3,0,0
HZ_61,Grower_268,Grower_107,2019,Susceptible,2.25,SE,A,0,067193-399969,0,0,5,2,2,0,1,0,0
HZ_14,Grower_209,Grower_19,2023,Susceptible,1.2,SE,SE,0,132486-534789,0,0,0,0,0,0,0,0,0
HZ_17,Grower_51,Grower_47,2021,Susceptible,0.96,SE,A,0,214299-586386,0,0,5,0,2,0,1,4,0
HZ_40,Grower_63,Grower_11,2022,Tolerant,0.5,SE,E,1,228180-598345,0,0,8,2,5,0,1,5,1
HZ_46,Grower_182,Grower_75,2022,Susceptible,3.2,E,E,0,185144-530711,0,0,8,5,0,1,8,8,0
HZ_3,Grower_3,Grower_47,2021,Tolerant,2.22,SE,SE,0,248540-595901,0,0,2,1,1,0,0,0,0
HZ_39,Grower_130,Grower_92,2022,Tolerant,1.45,SE,-,0,166617-581798,0,0,8,6,2,0,0,7,1
HZ_19,Grower_203,Grower_24,2022,Verysusceptible,2.02,SE,SE,0,229535-434969,0,0,4,1,1,0,1,2,1
HZ_20,Grower_361,Grower_112,2021,Tolerant,2.14,SE,SE,0,238417-604008,0,0,8,2,3,0,0,3,0
HZ_19,Grower_203,Grower_82,2021,Verysusceptible,2.67,SE,E,1,232752-438973,0,0,0,0,0,0,0,0,0
HZ_31,Grower_203,Grower_5,2022,Tolerant,1.5,SE,SE,0,235710-436387,0,0,2,1,2,0,1,1,1
HZ_35,Grower_102,Grower_51,2022,Tolerant,3.53,E,E,0,182835-592538,0,0,7,2,3,1,7,7,0
HZ_17,Grower_206,Grower_83,2022,Susceptible,1.1,SE,SE,0,115289-567914,0,0,8,4,8,4,0,6,0
HZ_12,Grower_428,Grower_146,2020,Susceptible,2.8,SE,SE,0,137512-525262,0,0,2,1,1,0,0,0,0
HZ_20,Grower_227,Grower_1,2020,Tolerant,0.33,SE,SE,0,125300-538803,0,0,7,1,3,0,0,0,0
HZ_3,Grower_141,Grower_61,2020,Tolerant,0.78,SE,-,0,159519-580492,0,0,1,0,0,0,0,0,0
HZ_2,Grower_91,Grower_2,2023,Tolerant,0.14,SE,E,0,199153-599719,0,0,4,0,1,0,0,0,0
HZ_3,Grower_114,Grower_112,2021,Tolerant,3.05,SE,SE,0,175808-591058,0,0,1,0,0,0,0,1,0
HZ_36,Grower_141,Grower_11,2021,Tolerant,1.67,E,E,0,157532-572621,0,0,6,0,2,0,0,0,0
HZ_20,Grower_91,Grower_116,2021,Tolerant,2.7,SE,SE,0,197119-600340,0,0,5,2,2,0,1,2,0
HZ_11,Grower_244,Grower_19,2019,Tolerant,1.0,SE,SE,0,054016-370352,0,0,2,0,1,0,0,0,0
HZ_12,Grower_188,Grower_95,2021,Susceptible,3.0,SE,A,0,169521-523427,0,0,5,4,3,2,0,6,0
HZ_12,Grower_27,Grower_15,2021,Susceptible,0.6,E,A,1,242600-607375,0,0,5,0,2,0,0,3,0
HZ_23,Grower_171,Grower_36,2023,Verysusceptible,0.8,SE,A,0,187743-532774,0,0,8,0,8,3,0,8,0
HZ_66,Grower_282,Grower_2,2019,Verysusceptible,1.12,SE,A,0,230488-435681,0,0,6,2,2,0,5,0,0
HZ_20,Grower_212,Grower_12,2023,Tolerant,0.84,PB4,-,0,133927-535965,0,0,7,0,5,4,0,0,0
HZ_20,Grower_372,Grower_147,2021,Tolerant,2.09,SE,SE,0,135763-539483,0,0,7,4,4,0,0,2,1
HZ_15,Grower_275,Grower_19,2022,Verysusceptible,0.7,SE,A,0,087708-395673,0,0,0,0,0,0,0,0,0
HZ_53,Grower_143,Grower_1,2019,Tolerant,2.17,SE,SE,0,178099-528552,0,0,8,3,4,0,1,0,0
HZ_8,Grower_161,Grower_82,2022,Tolerant,1.1,SE,SE,0,175460-508172,0,0,3,0,2,0,0,0,0
HZ_43,Grower_124,Grower_61,2019,Tolerant,1.0,SE,SE,0,159329-568479,0,0,5,0,2,0,0,0,0
HZ_20,Grower_413,Grower_49,2020,Tolerant,0.2,SE,SE,0,176479-590670,0,0,8,2,3,0,0,0,0
HZ_39,Grower_289,Grower_133,2019,Tolerant,1.18,E,A,0,275041-582657,0,0,1,0,0,0,3,0,0
HZ_20,Grower_267,Grower_82,2022,Tolerant,1.4,SE,SE,0,094553-423231,0,0,2,1,1,1,0,1,1
HZ_36,Grower_141,Grower_11,2021,Tolerant,1.15,SE,SE,0,158916-579808,0,0,6,0,2,0,0,0,0
HZ_29,Grower_105,Grower_2,2023,Tolerant,1.0,PB4,PB4,0,122006-569501,0,0,1,0,1,0,0,0,0
HZ_17,Grower_3,Grower_12,2021,Susceptible,2.66,E,E,0,247584-595624,0,0,6,3,4,0,0,2,0
HZ_51,Grower_38,Grower_55,2021,Susceptible,3.0,SE,SE,0,247723-605434,0,0,8,4,6,0,1,5,0
HZ_20,Grower_154,Grower_82,2021,Tolerant,1.47,E,E,0,171119-532207,0,0,1,0,0,1,0,0,0
HZ_5,Grower_99,Grower_33,2019,Susceptible,1.2,SE,SE,0,199100-597051,0,0,0,0,0,0,0,0,0
HZ_14,Grower_312,Grower_124,2022,Susceptible,3.1,PB4,PB4,0,090231-402513,0,0,0,0,0,0,0,0,0
HZ_43,Grower_17,Grower_110,2021,Tolerant,1.4,SE,SE,0,241932-605027,0,0,7,1,3,0,0,1,1
HZ_24,Grower_203,Grower_40,2021,Tolerant,2.73,SE,SE,0,226026-438483,0,0,7,4,4,0,0,1,1
HZ_1,Grower_122,Grower_112,2022,Tolerant,0.64,SE,-,0,175704-589858,0,0,2,0,1,0,0,2,0
HZ_37,Grower_44,Grower_59,2021,Tolerant,0.57,SE,SE,0,232337-600692,0,0,0,0,0,0,0,0,0
HZ_14,Grower_312,Grower_152,2021,Susceptible,1.0,SE,E,0,093361-403740,0,0,7,2,4,2,1,4,1
HZ_24,Grower_25,Grower_24,2022,Tolerant,0.78,SE,SE,0,239824-607196,0,0,6,6,1,0,0,2,0
HZ_17,Grower_138,Grower_42,2021,Susceptible,1.05,SE,SE,0,169322-581105,0,0,0,0,0,0,0,0,0
HZ_4,Grower_259,Grower_2,2022,Verysusceptible,2.5,E,A,0,048711-366839,0,0,5,1,1,2,3,7,2
HZ_12,Grower_188,Grower_95,2019,Susceptible,1.1,E,E,0,169619-522209,0,0,6,1,2,0,0,0,0
HZ_39,Grower_311,Grower_36,2020,Tolerant,3.51,SE,E,1,218092-591614,0,0,3,0,1,0,2,0,0
HZ_5,Grower_141,Grower_61,2020,Susceptible,0.56,SE,SE,0,159519-580492,0,0,1,0,0,1,0,0,0
HZ_4,Grower_264,Grower_117,2019,Verysusceptible,2.7,SE,A,0,056643-375557,0,0,7,4,4,0,0,0,0
HZ_9,Grower_83,Grower_67,2023,Verysusceptible,1.0,SE,SE,0,199789-599966,0,0,0,0,1,0,0,0,0
HZ_3,Grower_39,Grower_113,2021,Tolerant,0.5,SE,SE,0,246435-605892,0,0,3,0,1,0,0,1,2
HZ_5,Grower_252,Grower_83,2021,Susceptible,1.65,SE,SE,0,052554-374045,0,0,1,1,0,0,0,1,0
HZ_20,Grower_110,Grower_40,2019,Tolerant,0.66,SE,A,0,168831-587235,0,0,8,8,5,0,1,0,0
HZ_20,Grower_363,Grower_24,2021,Tolerant,1.35,PB3,SE,0,244402-600767,0,0,7,0,3,0,0,3,0
HZ_20,Grower_230,Grower_1,2021,Tolerant,0.5,SE,-,0,123527-535197,0,0,0,0,0,0,0,0,0
HZ_27,Grower_206,Grower_2,2022,Tolerant,0.8,SE,E,0,115908-568415,0,0,4,1,2,0,0,1,1
HZ_5,Grower_33,Grower_3,2021,Susceptible,1.5,SE,SE,0,246655-607750,0,0,1,0,0,0,0,0,0
HZ_47,Grower_255,Grower_42,2022,Verysusceptible,1.85,SE,E,0,046182-369214,0,0,3,1,2,0,4,2,0
HZ_65,Grower_267,Grower_104,2019,Tolerant,1.35,SE,A,0,094465-424027,0,0,1,0,0,0,0,0,0
HZ_8,Grower_192,Grower_58,2023,Tolerant,1.76,SE,E,0,223870-603237,0,0,1,0,0,0,0,0,0
HZ_11,Grower_189,Grower_19,2022,Tolerant,0.67,SE,SE,0,174928-519537,0,0,0,0,0,0,0,0,0
HZ_46,Grower_275,Grower_33,2023,Susceptible,3.2,SE,E,0,086904-399056,0,0,1,0,0,0,0,4,0
HZ_38,Grower_236,Grower_4,2020,Tolerant,3.6,E,E,0,144743-525195,0,0,0,0,0,0,0,0,0
HZ_3,Grower_111,Grower_66,2019,Tolerant,2.59,E,E,0,173821-591107,0,0,3,1,1,0,0,0,0
HZ_24,Grower_301,Grower_40,2021,Tolerant,2.64,SE,SE,0,249727-606995,0,0,7,4,4,0,0,1,1
HZ_5,Grower_141,Grower_42,2021,Susceptible,1.75,SE,SE,0,158916-579808,0,0,3,0,1,0,0,1,0
HZ_20,Grower_332,Grower_122,2019,Tolerant,1.65,SE,-,0,178542-592381,0,0,8,3,4,0,1,0,0
HZ_39,Grower_130,Grower_61,2023,Tolerant,1.2,SE,-,0,166987-582873,0,0,8,0,2,0,0,8,0
HZ_5,Grower_15,Grower_20,2023,Susceptible,1.61,SE,E,0,240980-605028,0,0,2,0,2,0,0,0,0
HZ_5,Grower_274,Grower_42,2020,Susceptible,3.1,SE,E,0,076498-402959,0,0,3,0,1,0,0,0,0
HZ_4,Grower_308,Grower_11,2022,Verysusceptible,0.15,SE,SE,0,220082-598061,0,0,6,4,4,2,3,8,0
HZ_36,Grower_130,Grower_11,2023,Tolerant,0.9,SE,-,0,166987-582873,0,0,8,1,4,0,0,3,0
HZ_55,Grower_226,Grower_114,2021,Tolerant,0.3,SE,SE,0,121354-541420,0,0,0,0,0,0,0,5,0
HZ_3,Grower_368,Grower_112,2020,Tolerant,0.7,E,E,0,160384-579415,0,0,0,0,0,0,0,0,0
HZ_17,Grower_199,Grower_22,2020,Susceptible,1.6,E,A,1,116998-562213,0,0,4,2,2,1,0,0,0
HZ_4,Grower_275,Grower_82,2022,Verysusceptible,0.55,SE,SE,0,085717-399132,0,0,1,0,0,0,0,1,0
HZ_20,Grower_220,Grower_11,2019,Tolerant,1.1,SE,SE,0,129336-543658,0,0,4,1,1,0,1,0,0
HZ_1,Grower_342,Grower_38,2021,Tolerant,1.74,SE,SE,0,187337-517433,0,0,7,4,4,0,0,2,0
HZ_13,Grower_330,Grower_115,2022,Tolerant,1.06,SE,SE,0,174571-589209,0,0,6,0,2,0,0,3,0
HZ_13,Grower_6,Grower_176,2020,Tolerant,2.0,E,A,1,264662-589297,6,0,7,1,3,0,1,0,0
HZ_19,Grower_231,Grower_29,2023,Verysusceptible,1.74,E,E,0,120199-537760,0,0,0,0,0,0,0,0,0
HZ_3,Grower_149,Grower_82,2021,Tolerant,1.27,E,E,0,177808-526454,0,0,0,0,0,0,0,0,0
HZ_20,Grower_15,Grower_36,2019,Tolerant,3.15,E,A,0,240406-608061,0,0,7,1,3,0,1,0,0
HZ_23,Grower_376,Grower_12,2020,Verysusceptible,1.35,E,A,1,204263-593333,0,0,8,5,2,0,7,0,0
HZ_3,Grower_154,Grower_144,2020,Tolerant,0.86,SE,A,0,171445-532727,0,0,0,0,0,0,0,0,0
HZ_9,Grower_207,Grower_10,2023,Verysusceptible,0.24,PB4,-,0,132049-542413,0,0,7,1,6,2,0,3,0
HZ_5,Grower_274,Grower_20,2019,Susceptible,3.1,SE,A,0,076366-402859,0,0,0,0,0,0,0,0,0
HZ_13,Grower_7,Grower_176,2020,Tolerant,1.04,SE,A,1,264287-591278,7,0,8,1,3,0,1,0,0
HZ_43,Grower_89,Grower_65,2021,Tolerant,1.9,SE,AF,0,200249-601217,0,0,6,1,2,0,1,2,0
HZ_16,Grower_206,Grower_17,2019,Susceptible,1.7,E,E,0,113493-565268,0,0,8,7,4,0,0,0,0
HZ_88,Grower_342,Grower_223,2019,Susceptible,3.08,SE,B,0,187152-518053,0,0,8,2,3,0,1,0,0
HZ_4,Grower_259,Grower_49,2023,Verysusceptible,1.9,SE,AF,1,049304-361866,0,0,0,0,0,0,0,0,0
HZ_4,Grower_261,Grower_17,2019,Verysusceptible,4.6,SE,A,1,050032-416329,0,0,8,6,6,0,0,0,0
HZ_91,Grower_236,Grower_236,2019,Tolerant,0.6,E,A,0,135642-523037,0,0,4,0,1,0,1,0,0
HZ_22,Grower_174,Grower_33,2023,Tolerant,1.93,SE,A,1,041011-371648,0,0,8,4,3,1,0,4,0
HZ_30,Grower_197,Grower_1,2023,Verysusceptible,0.7,PB4,PB4,0,118816-564472,0,0,0,0,0,0,0,0,0
HZ_36,Grower_141,Grower_11,2023,Tolerant,1.0,SE,SE,0,159650-580003,0,0,8,1,4,0,0,3,0
HZ_17,Grower_414,Grower_52,2020,Susceptible,0.82,E,E,0,162892-583427,0,0,5,3,3,0,0,0,0
HZ_3,Grower_91,Grower_65,2021,Tolerant,1.28,SE,SE,0,197110-599973,0,0,0,0,0,0,0,0,0
HZ_2,Grower_275,Grower_2,2021,Tolerant,2.51,SE,SE,0,106172-408870,0,0,2,0,1,0,0,1,0
HZ_3,Grower_114,Grower_40,2023,Tolerant,2.8,SE,E,0,171101-589388,0,0,4,0,1,0,0,1,0
HZ_46,Grower_201,Grower_75,2023,Susceptible,1.9,SE,A,0,088973-402581,0,0,0,0,0,0,0,0,0
HZ_3,Grower_134,Grower_61,2019,Tolerant,1.17,SE,SE,0,170797-581349,0,0,5,0,2,0,0,0,0
HZ_36,Grower_55,Grower_163,2019,Tolerant,1.05,SE,A,0,227802-602636,0,0,6,1,2,0,0,0,0
HZ_11,Grower_247,Grower_9,2020,Tolerant,1.9,SE,SE,0,039439-368606,0,0,6,2,2,0,1,0,0
HZ_8,Grower_27,Grower_119,2022,Tolerant,1.03,SE,SE,0,241586-606268,0,0,4,3,2,0,1,6,0
HZ_23,Grower_18,Grower_30,2023,Verysusceptible,0.6,SE,E,0,233581-600984,0,0,6,1,6,0,0,4,0
HZ_3,Grower_69,Grower_2,2020,Tolerant,0.85,SE,SE,0,226302-603693,0,0,2,0,1,0,0,0,0
HZ_3,Grower_217,Grower_49,2022,Tolerant,1.2,E,E,0,120879-542775,0,0,3,1,1,0,1,5,0
HZ_3,Grower_16,Grower_113,2019,Tolerant,0.31,SE,SE,0,245038-600798,0,0,0,0,0,0,0,0,0
HZ_12,Grower_68,Grower_15,2023,Susceptible,2.35,SE,E,1,120324-575368,0,0,1,0,1,1,0,2,0
HZ_3,Grower_151,Grower_127,2019,Tolerant,3.5,SE,SE,0,163769-542154,0,0,0,0,0,0,0,0,0
HZ_55,Grower_293,Grower_64,2020,Tolerant,2.35,E,E,0,234577-604200,0,0,0,0,0,0,0,0,0
HZ_3,Grower_155,Grower_66,2021,Tolerant,1.5,SE,SE,0,172906-524389,0,0,1,0,0,0,0,0,1
HZ_5,Grower_234,Grower_92,2023,Susceptible,1.0,SE,A,0,121359-517996,0,0,2,0,1,1,0,1,0
HZ_17,Grower_226,Grower_61,2023,Susceptible,2.2,SE,SE,0,123983-538779,0,0,1,0,0,0,0,1,0
HZ_17,Grower_89,Grower_93,2020,Susceptible,1.3,SE,SE,0,174849-587506,0,0,1,1,0,0,0,0,0
HZ_4,Grower_254,Grower_122,2019,Verysusceptible,0.35,E,E,0,058480-366438,0,0,8,6,6,0,6,0,0
HZ_3,Grower_294,Grower_49,2021,Tolerant,1.24,SE,E,0,238504-605316,0,0,4,2,2,0,0,4,0
HZ_20,Grower_220,Grower_90,2021,Tolerant,1.64,E,E,0,129831-543725,0,0,2,0,1,0,0,1,0
HZ_3,Grower_81,Grower_65,2021,Tolerant,1.91,SE,SE,0,197472-599207,0,0,0,0,0,0,0,0,0
HZ_17,Grower_134,Grower_52,2023,Susceptible,0.51,PB4,SE,0,171350-580142,0,0,8,4,7,1,0,0,0
HZ_4,Grower_432,Grower_1,2019,Verysusceptible,2.75,SE,A,0,098810-451962,0,0,6,2,2,1,4,0,0
HZ_17,Grower_114,Grower_46,2020,Susceptible,2.0,E,E,0,170515-586579,0,0,8,6,6,0,0,0,0
HZ_5,Grower_15,Grower_8,2021,Susceptible,3.1,E,A,1,239855-605880,0,0,0,0,0,0,0,2,0
HZ_5,Grower_4,Grower_47,2021,Susceptible,3.58,E,E,0,247205-602005,0,0,1,1,0,0,0,1,0
HZ_3,Grower_204,Grower_83,2023,Tolerant,0.6,SE,SE,0,118270-561878,0,0,0,0,0,0,0,0,0
HZ_51,Grower_290,Grower_5,2022,Susceptible,1.2,SE,SE,0,243819-599531,0,0,8,2,7,4,0,2,1
HZ_20,Grower_244,Grower_36,2020,Tolerant,1.3,SE,SE,0,049637-370151,0,0,8,1,3,0,1,0,0
HZ_20,Grower_54,Grower_1,2023,Tolerant,2.32,SE,SE,0,221440-592797,0,0,2,0,0,0,0,0,0
HZ_30,Grower_115,Grower_1,2023,Verysusceptible,0.35,SE,SE,0,177348-589384,0,0,0,0,0,0,0,0,0
HZ_46,Grower_161,Grower_42,2021,Susceptible,0.28,SE,A,1,180107-501885,0,0,8,7,4,2,0,2,1
HZ_20,Grower_19,Grower_122,2020,Tolerant,1.13,E,E,0,243083-602784,0,0,8,4,6,0,4,0,0
HZ_17,Grower_108,Grower_52,2020,Susceptible,0.78,SE,E,0,181014-582642,0,0,7,4,4,0,0,0,0
HZ_20,Grower_223,Grower_1,2021,Tolerant,0.99,SE,E,1,128597-538725,0,0,0,0,0,0,0,0,0
HZ_2,Grower_310,Grower_2,2019,Tolerant,3.2,SE,SE,0,218400-594173,0,0,2,1,1,0,1,0,0
HZ_10,Grower_5,Grower_44,2022,Tolerant,0.41,SE,SE,0,250591-601068,0,0,1,1,0,0,0,1,0
HZ_46,Grower_259,Grower_75,2022,Susceptible,1.4,E,A,0,049352-362924,0,0,8,5,0,1,8,8,0
HZ_5,Grower_353,Grower_86,2019,Susceptible,0.65,SE,SE,0,187474-522193,0,0,0,0,0,0,0,0,0
HZ_3,Grower_113,Grower_40,2023,Tolerant,0.9,SE,SE,0,175408-592521,0,0,4,0,1,0,0,1,0
HZ_12,Grower_23,Grower_95,2019,Susceptible,3.63,E,AF,0,239395-605262,0,0,4,1,1,0,0,0,0
HZ_61,Grower_89,Grower_107,2019,Susceptible,1.1,SE,SE,0,200317-601346,0,0,5,2,2,0,1,0,0
HZ_20,Grower_294,Grower_38,2022,Tolerant,1.78,SE,SE,0,238156-606333,0,0,6,2,1,0,0,7,0
HZ_3,Grower_332,Grower_18,2019,Tolerant,0.75,SE,-,0,178542-592381,0,0,1,1,0,0,0,0,0
HZ_4,Grower_37,Grower_205,2019,Verysusceptible,0.61,PB3,E,0,246674-605626,0,0,0,0,0,0,0,0,0
HZ_20,Grower_244,Grower_86,2022,Tolerant,2.0,SE,SE,0,045677-362103,0,0,1,0,1,1,0,2,0
HZ_4,Grower_250,Grower_1,2022,Verysusceptible,2.4,SE,SE,0,015506-368844,0,0,1,0,0,0,1,4,0
HZ_4,Grower_10,Grower_17,2021,Verysusceptible,1.56,SE,SE,0,262062-584654,0,0,4,0,1,0,0,0,0
HZ_37,Grower_274,Grower_44,2022,Tolerant,1.9,SE,SE,0,075088-404815,0,0,1,0,0,1,0,1,0
HZ_5,Grower_207,Grower_33,2019,Susceptible,3.3,E,E,0,136302-539364,0,0,1,1,0,0,0,0,0
HZ_39,Grower_20,Grower_42,2020,Tolerant,2.3,E,A,0,233637-601976,0,0,5,2,2,0,0,0,0
HZ_4,Grower_32,Grower_49,2020,Verysusceptible,0.54,SE,A,1,243101-602095,0,0,7,1,3,0,6,0,0
HZ_12,Grower_218,Grower_52,2021,Susceptible,1.67,E,E,0,117679-538966,0,0,8,3,4,3,0,6,0
HZ_12,Grower_154,Grower_95,2022,Susceptible,2.04,E,A,0,169552-530324,0,0,8,7,7,5,3,8,0
HZ_13,Grower_9,Grower_176,2020,Tolerant,4.46,SE,A,1,263289-584132,7,0,7,1,3,0,1,0,0
HZ_3,Grower_8,Grower_2,2023,Tolerant,1.4,E,E,0,248244-595234,0,0,0,0,0,0,0,0,0
HZ_19,Grower_248,Grower_82,2021,Verysusceptible,3.39,SE,E,0,058412-374023,0,0,0,0,0,0,0,0,0
HZ_3,Grower_231,Grower_83,2022,Tolerant,2.59,SE,A,0,120971-538949,0,0,1,0,1,0,0,3,0
HZ_8,Grower_50,Grower_9,2020,Tolerant,0.3,SE,-,0,213755-593247,0,0,0,0,0,0,0,0,0
HZ_17,Grower_86,Grower_61,2020,Susceptible,0.92,SE,SE,0,195177-597944,0,0,8,5,2,0,1,0,0
HZ_17,Grower_136,Grower_52,2020,Susceptible,2.7,E,E,0,166559-582268,0,0,5,3,3,0,0,0,0
HZ_20,Grower_64,Grower_102,2019,Tolerant,2.05,E,A,0,226996-599701,0,0,8,4,6,0,1,0,0
HZ_20,Grower_209,Grower_90,2023,Tolerant,2.75,E,E,0,135780-540390,0,0,4,0,4,0,0,0,0
HZ_17,Grower_130,Grower_166,2019,Susceptible,1.15,SE,E,1,160554-581144,0,0,8,8,5,0,0,0,0
HZ_26,Grower_26,Grower_113,2019,Tolerant,2.4,E,AF,0,237493-599445,0,0,1,1,0,0,0,0,0
HZ_16,Grower_18,Grower_66,2020,Susceptible,2.25,E,E,0,233640-601202,0,0,6,3,4,0,0,0,0
HZ_20,Grower_204,Grower_1,2021,Tolerant,1.3,E,E,0,119941-567212,0,0,8,0,3,0,1,4,0
HZ_3,Grower_134,Grower_42,2023,Tolerant,0.18,PB4,-,0,171193-580587,0,0,1,0,1,0,0,0,0
HZ_20,Grower_443,Grower_102,2019,Tolerant,1.62,E,E,0,225060-598014,0,0,8,4,6,0,1,0,0
HZ_17,Grower_60,Grower_93,2019,Susceptible,0.65,SE,SE,0,173860-517154,0,0,0,0,0,0,0,0,0
HZ_50,Grower_270,Grower_84,2023,Tolerant,2.05,SE,AF,0,080127-399266,0,0,0,0,0,0,0,0,0
HZ_29,Grower_105,Grower_126,2020,Tolerant,2.25,E,A,0,122166-569691,0,0,1,1,0,0,0,0,0
HZ_3,Grower_421,Grower_94,2020,Tolerant,1.6,SE,SE,0,175865-519079,0,0,0,0,0,0,0,0,0
HZ_27,Grower_156,Grower_2,2023,Tolerant,2.7,E,E,0,176758-534829,0,0,3,1,1,1,0,0,0
HZ_4,Grower_74,Grower_17,2020,Verysusceptible,4.46,E,E,0,228132-595089,0,0,6,0,2,0,0,0,0
HZ_2,Grower_348,Grower_6,2021,Tolerant,1.8,SE,SE,0,204822-593271,0,0,3,1,1,0,0,1,0
HZ_3,Grower_422,Grower_48,2020,Tolerant,2.55,SE,SE,0,186221-532750,0,0,0,0,0,0,0,0,0
HZ_4,Grower_275,Grower_49,2019,Verysusceptible,5.6,SE,A,1,082777-401176,0,0,7,3,5,0,2,0,0
HZ_36,Grower_109,Grower_11,2023,Tolerant,2.48,SE,A,0,177104-589202,0,0,8,1,4,0,0,3,0
HZ_4,Grower_275,Grower_49,2020,Verysusceptible,2.7,SE,A,1,083532-401609,0,0,7,1,3,0,6,0,0
HZ_55,Grower_56,Grower_64,2020,Tolerant,0.43,SE,SE,0,225741-593779,0,0,0,0,0,0,0,0,0
HZ_47,Grower_252,Grower_99,2019,Verysusceptible,1.9,E,A,0,055755-375364,0,0,6,4,3,0,2,0,0
HZ_20,Grower_220,Grower_12,2021,Tolerant,1.54,E,A,1,129831-543725,0,0,7,2,4,0,1,6,1
HZ_20,Grower_418,Grower_82,2019,Tolerant,0.62,SE,E,0,174228-537704,0,0,1,1,0,0,0,0,0
HZ_5,Grower_249,Grower_86,2022,Susceptible,1.4,SE,E,0,053142-362066,0,0,0,0,0,0,0,0,0
HZ_20,Grower_105,Grower_1,2020,Tolerant,1.1,SE,SE,0,117557-566203,0,0,7,1,3,0,0,0,0
HZ_5,Grower_209,Grower_42,2021,Susceptible,2.4,SE,E,1,131676-544485,0,0,3,0,1,0,0,1,0
HZ_30,Grower_120,Grower_1,2023,Verysusceptible,1.0,SE,SE,0,175739-584728,0,0,0,0,0,0,0,0,0
HZ_55,Grower_386,Grower_74,2021,Tolerant,1.28,E,AF,0,177315-531788,0,0,0,0,0,0,0,1,0
HZ_3,Grower_162,Grower_71,2019,Tolerant,1.07,SE,-,0,164384-494370,0,0,1,1,0,0,0,0,0
HZ_4,Grower_37,Grower_2,2023,Verysusceptible,0.81,SE,SE,0,248130-607850,0,0,2,0,2,0,0,3,0
HZ_3,Grower_20,Grower_2,2019,Tolerant,1.09,SE,SE,0,234135-601520,0,0,3,2,1,0,0,0,0
HZ_55,Grower_236,Grower_74,2021,Tolerant,2.9,E,E,0,135559-522932,0,0,0,0,0,0,0,1,0
HZ_4,Grower_106,Grower_2,2022,Verysusceptible,4.43,E,E,0,130475-532411,0,0,5,1,1,2,3,7,2
HZ_20,Grower_195,Grower_11,2022,Tolerant,1.3,SE,SE,0,113551-566317,0,0,6,3,4,0,0,3,0
HZ_3,Grower_137,Grower_42,2023,Tolerant,1.0,SE,SE,0,165489-581190,0,0,0,0,0,0,0,0,0
HZ_3,Grower_112,Grower_52,2019,Tolerant,0.64,SE,SE,0,167597-588396,0,0,0,0,0,0,0,0,0
HZ_17,Grower_349,Grower_46,2022,Susceptible,1.55,E,E,0,132614-543013,0,0,8,7,4,0,1,2,0
HZ_17,Grower_83,Grower_68,2020,Susceptible,2.0,SE,E,0,196211-597754,0,0,7,4,4,0,2,0,0
HZ_27,Grower_27,Grower_2,2023,Tolerant,4.75,SE,SE,0,241685-608382,0,0,0,0,0,0,0,0,0
HZ_3,Grower_126,Grower_42,2021,Tolerant,0.35,SE,-,0,164488-580006,0,0,2,1,1,0,0,0,0
HZ_36,Grower_114,Grower_53,2021,Tolerant,2.2,E,E,0,170882-588918,0,0,0,0,0,0,0,1,0
HZ_26,Grower_187,Grower_113,2022,Tolerant,1.1,SE,A,0,057780-372102,0,0,3,2,0,0,0,4,1
HZ_23,Grower_150,Grower_32,2022,Verysusceptible,0.42,SE,SE,0,176720-530690,0,0,8,0,0,0,2,1,0
HZ_3,Grower_24,Grower_20,2019,Tolerant,0.4,E,E,0,242509-600216,0,0,6,2,2,0,1,0,0
HZ_42,Grower_93,Grower_66,2023,Verysusceptible,1.15,E,E,0,180196-592961,0,0,8,2,6,0,0,3,1
HZ_4,Grower_255,Grower_11,2022,Verysusceptible,2.9,SE,E,0,045389-370555,0,0,6,4,4,2,3,8,0
HZ_10,Grower_25,Grower_1,2022,Tolerant,1.24,SE,SE,0,239824-607196,0,0,0,0,0,0,3,5,0
HZ_22,Grower_277,Grower_31,2020,Tolerant,1.0,SE,SE,0,076264-397011,0,0,0,0,0,0,0,0,0
HZ_29,Grower_50,Grower_132,2020,Tolerant,1.39,SE,-,0,213755-593247,0,0,4,1,1,0,1,0,0
HZ_3,Grower_31,Grower_3,2020,Tolerant,0.95,E,-,0,245423-606898,0,0,6,2,2,0,0,0,0
HZ_20,Grower_198,Grower_32,2023,Tolerant,2.0,PB4,PB4,0,118416-566591,0,0,2,1,1,0,0,0,0
HZ_53,Grower_275,Grower_1,2019,Tolerant,1.25,SE,A,0,089515-397814,0,0,8,3,4,0,1,0,0
HZ_43,Grower_83,Grower_65,2021,Tolerant,2.5,S,E,1,192394-596625,0,0,8,0,3,0,0,1,0
HZ_20,Grower_34,Grower_36,2019,Tolerant,0.9,SE,A,0,245736-608111,0,0,8,2,3,0,0,0,0
HZ_2,Grower_282,Grower_2,2021,Tolerant,1.99,SE,SE,0,232222-438983,0,0,2,0,1,0,0,1,0
HZ_4,Grower_54,Grower_4,2019,Verysusceptible,1.49,SE,SE,0,217733-594162,0,0,6,2,2,0,0,0,0
HZ_43,Grower_99,Grower_68,2020,Tolerant,1.8,SE,SE,0,194954-601155,0,0,8,5,2,0,1,0,0
HZ_3,Grower_316,Grower_1,2022,Tolerant,1.4,SE,SE,0,225570-603268,0,0,0,0,0,0,0,0,0
HZ_8,Grower_191,Grower_28,2022,Tolerant,0.39,SE,A,0,160674-581620,0,0,7,3,1,1,0,8,0
HZ_24,Grower_373,Grower_81,2020,Tolerant,1.9,SE,SE,0,105145-471733,0,0,0,0,0,0,0,0,0
HZ_17,Grower_375,Grower_12,2019,Susceptible,1.3,SE,-,0,218485-591113,0,0,5,2,2,0,0,0,0
HZ_35,Grower_209,Grower_51,2020,Tolerant,1.1,E,E,0,130150-536549,0,0,6,3,4,0,2,0,0
HZ_14,Grower_301,Grower_29,2020,Susceptible,1.27,SE,SE,0,249338-607038,0,0,1,0,0,0,0,0,0
HZ_12,Grower_195,Grower_15,2023,Susceptible,2.25,SE,AF,0,116804-567738,0,0,1,0,1,1,0,2,0
HZ_12,Grower_31,Grower_36,2023,Susceptible,2.2,SE,E,0,241921-606921,0,0,4,2,4,1,1,4,0
HZ_17,Grower_104,Grower_42,2021,Susceptible,0.35,E,E,0,180490-591706,0,0,8,2,3,0,0,0,0
HZ_11,Grower_196,Grower_12,2021,Tolerant,1.43,SE,SE,0,117650-571034,0,0,0,0,0,0,0,0,0
HZ_20,Grower_209,Grower_83,2020,Tolerant,0.35,SE,SE,0,130858-543847,0,0,3,1,1,0,0,0,0
HZ_61,Grower_356,Grower_34,2022,Susceptible,1.5,SE,E,0,101051-476568,0,0,3,0,1,1,0,5,0
HZ_47,Grower_282,Grower_42,2023,Verysusceptible,2.42,SE,E,0,231087-436367,0,0,1,1,0,0,0,0,0
HZ_55,Grower_236,Grower_114,2021,Tolerant,2.1,E,E,0,136078-528400,0,0,0,0,0,0,0,5,0
HZ_39,Grower_134,Grower_61,2021,Tolerant,3.29,E,E,0,174444-582727,0,0,3,0,1,0,0,0,0
HZ_29,Grower_181,Grower_42,2023,Tolerant,2.5,SE,A,0,180716-530220,0,0,0,0,0,0,0,0,0
HZ_11,Grower_8,Grower_12,2022,Tolerant,1.64,SE,SE,0,248456-595498,0,0,0,0,0,0,0,0,0
HZ_17,Grower_84,Grower_23,2021,Susceptible,1.5,SE,SE,0,196415-597513,0,0,8,1,3,0,0,1,1
HZ_3,Grower_18,Grower_86,2020,Tolerant,0.29,PB3,SE,0,232236-602795,0,0,0,0,0,0,0,0,0
HZ_64,Grower_226,Grower_90,2021,Tolerant,1.75,SE,A,0,125195-538497,0,0,0,0,0,0,0,0,0
HZ_17,Grower_275,Grower_147,2021,Susceptible,0.8,SE,SE,0,086574-399090,0,0,1,0,0,0,0,1,0
HZ_3,Grower_172,Grower_94,2022,Tolerant,2.07,SE,E,0,176525-522472,0,0,0,0,0,0,0,1,0
HZ_13,Grower_7,Grower_153,2019,Tolerant,2.8,SE,SE,0,261876-589335,0,0,1,1,0,0,0,0,0
HZ_20,Grower_222,Grower_234,2019,Tolerant,1.0,E,A,0,129911-548187,0,0,0,0,0,0,0,0,0
HZ_12,Grower_209,Grower_146,2020,Susceptible,1.0,SE,-,0,130309-525679,0,0,2,1,1,0,0,0,0
HZ_2,Grower_282,Grower_6,2022,Tolerant,0.94,SE,E,0,233108-446650,0,0,2,0,2,0,0,0,0
HZ_4,Grower_56,Grower_1,2022,Verysusceptible,1.88,E,E,0,224860-592012,0,0,2,1,1,0,1,6,0
HZ_3,Grower_136,Grower_42,2023,Tolerant,1.2,SE,SE,0,166984-581890,0,0,0,0,0,0,0,0,0
HZ_4,Grower_108,Grower_11,2022,Verysusceptible,2.5,E,A,1,180351-584697,0,0,6,4,4,2,3,8,0
HZ_1,Grower_157,Grower_82,2022,Tolerant,0.75,SE,SE,0,170707-528187,0,0,3,0,1,1,0,0,0
HZ_16,Grower_57,Grower_1,2022,Susceptible,3.0,SE,SE,0,226267-593656,0,0,1,0,1,0,1,1,0
HZ_24,Grower_244,Grower_48,2022,Tolerant,1.0,SE,E,0,049539-370110,0,0,4,7,2,2,5,7,2
HZ_20,Grower_189,Grower_82,2022,Tolerant,1.63,SE,SE,0,174928-519537,0,0,2,1,1,1,0,1,1
HZ_5,Grower_277,Grower_92,2022,Susceptible,2.6,SE,SE,0,075670-393066,0,0,1,1,0,0,0,1,0
HZ_5,Grower_38,Grower_20,2019,Susceptible,0.51,E,E,0,248372-606130,0,0,0,0,0,0,0,0,0
HZ_17,Grower_255,Grower_40,2019,Susceptible,2.9,SE,E,1,039692-366876,0,0,8,8,5,0,4,0,0
HZ_34,Grower_75,Grower_3,2023,Verysusceptible,0.12,SE,SE,0,202192-601219,0,0,1,1,0,0,0,0,0
HZ_39,Grower_75,Grower_36,2019,Tolerant,1.55,SE,A,0,199034-600018,0,0,2,0,1,0,1,0,0
HZ_24,Grower_249,Grower_48,2023,Tolerant,1.5,SE,SE,0,054628-366579,0,0,2,1,1,0,0,1,0
HZ_65,Grower_44,Grower_56,2022,Tolerant,0.52,SE,SE,0,231538-601133,0,0,0,0,0,0,0,1,0
HZ_17,Grower_104,Grower_22,2020,Susceptible,2.1,E,A,1,181481-592199,0,0,7,8,5,2,0,0,0
HZ_17,Grower_114,Grower_42,2021,Susceptible,1.45,SE,SE,0,170882-588918,0,0,8,4,6,0,1,0,0
HZ_8,Grower_404,Grower_58,2021,Tolerant,2.93,SE,SE,0,076796-401163,0,0,1,0,0,0,0,1,0
HZ_5,Grower_224,Grower_29,2022,Susceptible,3.55,E,A,1,128457-535250,0,0,6,5,2,0,2,5,0
HZ_4,Grower_276,Grower_1,2021,Verysusceptible,3.25,SE,A,0,098857-404589,0,0,8,1,3,0,0,7,0
HZ_36,Grower_119,Grower_11,2023,Tolerant,0.58,SE,SE,0,174899-583255,0,0,8,1,4,0,0,3,0
HZ_65,Grower_250,Grower_11,2021,Tolerant,1.1,SE,SE,0,018442-365594,0,0,7,7,5,0,2,7,0
HZ_20,Grower_40,Grower_112,2022,Tolerant,1.2,SE,SE,0,247431-603301,0,0,8,4,8,1,1,4,0
HZ_16,Grower_282,Grower_32,2022,Susceptible,4.4,SE,SE,0,233678-435476,0,0,5,3,1,0,0,3,0
HZ_20,Grower_215,Grower_98,2023,Tolerant,1.14,E,E,0,120545-536483,0,0,8,3,8,0,1,8,0
HZ_11,Grower_69,Grower_60,2023,Tolerant,0.9,SE,SE,0,226321-603087,0,0,0,0,0,0,0,0,0
HZ_39,Grower_335,Grower_61,2021,Tolerant,1.43,E,E,0,165249-579620,0,0,3,0,1,0,0,0,0
HZ_54,Grower_110,Grower_3,2020,Verysusceptible,0.2,SE,E,0,168702-587824,0,0,6,0,2,0,0,0,0
HZ_30,Grower_175,Grower_61,2022,Verysusceptible,0.8,SE,A,0,172227-520397,0,0,6,0,0,0,0,8,0
HZ_3,Grower_186,Grower_93,2022,Tolerant,1.0,SE,SE,0,173140-515109,0,0,3,0,0,0,0,2,0
HZ_34,Grower_150,Grower_113,2021,Verysusceptible,1.05,E,A,1,176421-530873,0,0,4,1,1,0,0,3,1
HZ_20,Grower_276,Grower_8,2021,Tolerant,5.3,SE,SE,0,100395-403495,0,0,7,0,3,0,0,4,0
HZ_20,Grower_232,Grower_90,2020,Tolerant,0.12,SE,AF,0,117434-527071,0,0,5,0,2,0,0,0,0
HZ_12,Grower_63,Grower_15,2021,Susceptible,2.65,E,E,0,228216-598201,0,0,5,0,2,0,0,3,0
HZ_20,Grower_281,Grower_90,2019,Tolerant,4.0,SE,A,0,076437-395281,0,0,0,0,0,0,0,0,0
HZ_3,Grower_17,Grower_47,2019,Tolerant,3.2,E,E,0,242214-603309,0,0,1,0,0,0,0,0,0
HZ_13,Grower_289,Grower_22,2021,Tolerant,0.96,SE,SE,0,275148-582948,0,0,3,1,1,0,0,1,0
HZ_20,Grower_208,Grower_49,2022,Tolerant,0.62,E,E,0,128172-541730,0,0,5,2,3,0,0,4,1
HZ_20,Grower_282,Grower_1,2020,Tolerant,4.67,SE,SE,0,232604-440180,0,0,7,1,3,0,0,0,0
HZ_3,Grower_104,Grower_76,2022,Tolerant,0.9,SE,SE,0,180570-593003,0,0,4,1,1,0,0,3,0
HZ_2,Grower_259,Grower_81,2019,Tolerant,1.7,SE,E,0,052032-361904,0,0,0,0,0,0,0,0,0
HZ_3,Grower_15,Grower_110,2021,Tolerant,1.62,SE,SE,0,239535-604570,0,0,5,0,2,0,0,0,0
HZ_17,Grower_87,Grower_52,2022,Susceptible,3.2,SE,SE,0,203845-592115,0,0,6,0,3,0,0,0,0
HZ_4,Grower_261,Grower_117,2019,Verysusceptible,2.3,E,A,0,050032-416329,0,0,6,2,2,0,0,0,0
HZ_24,Grower_275,Grower_108,2023,Tolerant,3.42,SE,SE,0,078286-402972,0,0,5,0,0,0,0,0,0
HZ_24,Grower_176,Grower_48,2020,Tolerant,0.78,SE,SE,0,182116-531233,0,0,2,0,1,0,0,0,0
HZ_22,Grower_341,Grower_82,2020,Tolerant,1.15,SE,SE,0,169403-508207,0,0,2,0,1,0,0,0,0
HZ_20,Grower_290,Grower_116,2022,Tolerant,1.15,SE,SE,0,243665-598868,0,0,6,2,1,1,2,3,1
HZ_5,Grower_1,Grower_111,2022,Susceptible,0.67,SE,E,0,252458-599275,0,0,1,0,1,0,0,2,0
HZ_3,Grower_117,Grower_52,2023,Tolerant,0.8,SE,SE,0,171745-589855,0,0,0,0,0,0,0,0,0
HZ_72,Grower_160,Grower_6,2021,Tolerant,1.1,E,E,0,181186-500635,0,0,4,5,2,0,0,1,0
HZ_20,Grower_161,Grower_82,2023,Tolerant,1.5,SE,A,0,161166-490960,0,0,4,1,2,0,0,0,0
HZ_27,Grower_206,Grower_16,2023,Tolerant,0.94,SE,SE,0,114454-568217,0,0,0,0,0,0,0,1,0
HZ_4,Grower_271,Grower_132,2019,Verysusceptible,3.55,SE,A,0,090701-404533,0,0,8,6,6,1,0,0,0
HZ_17,Grower_47,Grower_47,2021,Susceptible,0.72,SE,SE,0,220584-591052,0,0,5,0,2,0,1,4,0
HZ_20,Grower_453,Grower_98,2019,Tolerant,1.7,E,E,0,140371-523940,0,0,8,8,5,0,3,0,0
HZ_39,Grower_44,Grower_36,2021,Tolerant,1.05,SE,SE,0,232123-600411,0,0,7,3,5,0,1,7,0
HZ_42,Grower_152,Grower_126,2019,Verysusceptible,1.1,SE,AF,0,174104-532291,0,0,6,8,1,0,7,0,0
HZ_8,Grower_296,Grower_119,2020,Tolerant,0.98,SE,E,0,239888-600920,0,0,1,0,0,0,0,0,0
HZ_3,Grower_8,Grower_18,2022,Tolerant,0.98,E,E,0,248456-595498,0,0,1,1,1,1,0,3,1
HZ_1,Grower_233,Grower_82,2022,Tolerant,0.9,SE,SE,0,122895-531961,0,0,3,0,1,1,0,0,0
HZ_20,Grower_110,Grower_16,2023,Tolerant,0.67,SE,E,0,169024-587245,0,0,0,0,0,0,0,0,0
HZ_51,Grower_224,Grower_55,2021,Susceptible,1.03,SE,SE,0,124785-533835,0,0,8,4,6,0,1,5,0
HZ_5,Grower_100,Grower_33,2019,Susceptible,1.55,SE,A,0,181141-587909,0,0,2,0,1,0,0,0,0
HZ_12,Grower_129,Grower_61,2020,Susceptible,1.1,E,A,0,157606-552875,0,0,1,0,0,0,0,0,0
HZ_22,Grower_275,Grower_100,2023,Tolerant,0.79,SE,SE,0,086904-399056,0,0,0,0,0,0,0,0,0
HZ_3,Grower_15,Grower_47,2020,Tolerant,1.76,SE,SE,0,241140-606780,0,0,0,0,0,0,0,0,0
HZ_35,Grower_147,Grower_51,2023,Tolerant,1.4,E,A,0,178542-534466,0,0,7,1,3,0,3,7,0
HZ_9,Grower_83,Grower_67,2023,Verysusceptible,1.31,SE,SE,0,199865-599769,0,0,0,0,1,0,0,0,0
HZ_11,Grower_105,Grower_19,2020,Tolerant,0.9,SE,SE,0,122367-571880,0,0,0,0,0,0,0,0,0
HZ_58,Grower_88,Grower_93,2022,Susceptible,0.77,SE,SE,0,217511-588160,0,0,6,2,4,0,0,2,0
HZ_10,Grower_284,Grower_17,2022,Tolerant,2.7,SE,A,0,085859-401719,0,0,0,0,0,0,0,0,0
HZ_20,Grower_218,Grower_116,2022,Tolerant,0.55,PB4,SE,0,118014-536557,0,0,4,1,0,2,0,1,0
HZ_8,Grower_230,Grower_86,2020,Tolerant,1.34,SE,-,0,123150-535581,0,0,0,0,0,0,0,0,0
HZ_29,Grower_66,Grower_2,2019,Tolerant,1.15,SE,A,0,231620-597052,0,0,3,1,1,0,0,0,0
HZ_20,Grower_89,Grower_73,2023,Tolerant,4.55,SE,SE,0,199846-600575,0,0,3,0,0,1,0,2,0
HZ_12,Grower_40,Grower_126,2021,Susceptible,0.5,SE,SE,0,248395-603643,0,0,7,8,5,3,5,7,2
HZ_47,Grower_255,Grower_99,2019,Verysusceptible,2.1,SE,A,0,039568-367350,0,0,7,6,4,0,2,0,0
HZ_37,Grower_41,Grower_55,2019,Tolerant,0.25,SE,A,0,245689-598230,0,0,5,0,2,0,0,0,0
HZ_10,Grower_259,Grower_44,2022,Tolerant,1.7,E,A,0,051503-361031,0,0,1,1,0,0,0,2,0
HZ_46,Grower_104,Grower_3,2019,Susceptible,2.36,E,E,0,182109-594579,0,0,0,0,0,0,0,0,0
HZ_12,Grower_176,Grower_210,2019,Susceptible,0.83,SE,A,0,182423-530701,0,0,1,1,0,0,0,0,0
HZ_24,Grower_305,Grower_48,2022,Tolerant,0.76,SE,SE,0,246514-605111,0,0,0,0,0,0,0,0,0
HZ_12,Grower_31,Grower_6,2023,Susceptible,1.1,SE,SE,0,241921-606921,0,0,8,0,7,2,0,8,0
HZ_20,Grower_303,Grower_1,2020,Tolerant,3.0,E,E,0,247747-600217,0,0,6,1,2,0,0,0,0
HZ_17,Grower_8,Grower_22,2020,Susceptible,2.75,SE,E,0,247046-596428,0,0,7,8,5,2,0,0,0
HZ_12,Grower_138,Grower_61,2023,Susceptible,0.65,SE,SE,0,170030-582116,0,0,0,0,0,1,0,2,0
HZ_8,Grower_143,Grower_82,2019,Tolerant,0.67,SE,SE,0,178687-528541,0,0,1,0,0,1,0,0,0
HZ_17,Grower_125,Grower_61,2019,Susceptible,1.1,SE,-,0,160596-579106,0,0,6,4,3,0,0,0,0
HZ_4,Grower_332,Grower_132,2019,Verysusceptible,0.85,SE,-,0,178690-592322,0,0,8,6,6,1,0,0,0
HZ_46,Grower_259,Grower_75,2019,Susceptible,1.2,SE,SE,0,051478-363379,0,0,4,1,1,0,0,0,0
HZ_64,Grower_342,Grower_75,2020,Tolerant,1.19,SE,SE,0,187090-517656,0,0,0,0,0,0,0,0,0
HZ_3,Grower_316,Grower_2,2020,Tolerant,0.64,SE,SE,0,226866-602392,0,0,2,0,1,0,0,0,0
HZ_20,Grower_204,Grower_1,2021,Tolerant,1.0,E,E,0,118642-563612,0,0,8,0,3,0,1,4,0
HZ_2,Grower_282,Grower_2,2020,Tolerant,2.99,SE,SE,0,232014-449277,0,0,1,0,0,0,0,0,0
HZ_5,Grower_224,Grower_83,2019,Susceptible,0.27,E,A,0,128438-535265,0,0,0,0,0,0,0,0,0
HZ_3,Grower_67,Grower_1,2022,Tolerant,1.03,SE,SE,0,233768-599322,0,0,0,0,0,0,0,0,0
HZ_54,Grower_287,Grower_1,2021,Verysusceptible,0.83,SE,A,1,247848-606554,0,0,7,6,4,0,3,7,0
HZ_20,Grower_89,Grower_1,2023,Tolerant,0.61,SE,SE,0,194316-600414,0,0,0,0,0,0,0,0,0
HZ_55,Grower_362,Grower_31,2021,Tolerant,0.5,PB4,SE,0,239521-601929,0,0,0,0,0,0,0,0,0
HZ_46,Grower_275,Grower_42,2021,Susceptible,3.0,SE,A,0,087203-399155,0,0,8,7,4,2,0,2,1
HZ_44,Grower_124,Grower_66,2023,Susceptible,0.6,SE,SE,0,159320-568969,0,0,4,0,1,0,0,0,0
HZ_16,Grower_69,Grower_17,2021,Susceptible,1.3,SE,SE,0,226505-603612,0,0,0,0,0,0,0,0,0
HZ_22,Grower_36,Grower_17,2023,Tolerant,0.85,SE,SE,0,245458-609322,0,0,3,0,0,0,0,1,0
HZ_5,Grower_218,Grower_83,2022,Susceptible,1.13,SE,SE,0,117618-538893,0,0,3,1,1,0,0,0,0
HZ_65,Grower_319,Grower_49,2021,Tolerant,0.98,SE,-,0,211743-590578,0,0,4,0,1,0,0,1,0
HZ_20,Grower_46,Grower_11,2020,Tolerant,2.1,SE,SE,0,224305-593746,0,0,4,1,1,0,0,0,0
HZ_17,Grower_104,Grower_32,2020,Susceptible,2.0,E,E,0,181481-592199,0,0,0,0,0,0,0,0,0
HZ_4,Grower_162,Grower_1,2021,Verysusceptible,3.64,E,E,0,161856-491862,0,0,6,1,2,0,0,7,0
HZ_17,Grower_127,Grower_61,2020,Susceptible,0.5,SE,SE,0,166733-581337,0,0,4,0,1,0,0,0,0
HZ_3,Grower_18,Grower_208,2019,Tolerant,0.45,PB3,PB3,0,232397-602268,0,0,0,0,0,0,0,0,0
HZ_20,Grower_21,Grower_28,2020,Tolerant,1.5,SE,E,0,239797-606612,0,0,2,1,1,0,0,0,0
HZ_5,Grower_289,Grower_20,2020,Susceptible,1.12,E,A,0,275270-582798,0,0,2,0,1,0,0,0,0
HZ_33,Grower_46,Grower_46,2023,Tolerant,1.09,SE,E,0,217719-590602,0,0,0,0,0,0,0,0,0
HZ_17,Grower_255,Grower_133,2019,Susceptible,1.1,SE,SE,0,039692-366876,0,0,8,7,4,0,4,0,0
HZ_7,Grower_119,Grower_66,2020,Tolerant,0.8,SE,E,0,176950-582883,0,0,0,0,0,0,0,0,0
HZ_5,Grower_203,Grower_42,2019,Susceptible,1.53,SE,SE,0,227437-434896,0,0,0,0,0,0,0,0,0
HZ_3,Grower_53,Grower_112,2022,Tolerant,2.0,E,E,0,217364-589602,0,0,5,1,2,1,1,4,1
HZ_20,Grower_143,Grower_86,2023,Tolerant,3.18,SE,A,0,178113-522460,0,0,0,0,0,0,1,1,0
HZ_29,Grower_163,Grower_2,2021,Tolerant,1.3,SE,SE,0,159187-490917,0,0,0,0,0,0,0,1,0
HZ_17,Grower_205,Grower_93,2022,Susceptible,0.9,SE,SE,0,114154-564233,0,0,8,2,0,0,0,0,0
HZ_20,Grower_396,Grower_83,2019,Tolerant,0.7,SE,E,1,118343-566916,0,0,8,6,6,1,0,0,0
HZ_3,Grower_34,Grower_18,2023,Tolerant,0.7,SE,A,0,246791-606984,0,0,1,0,1,0,0,0,0
HZ_19,Grower_46,Grower_12,2019,Verysusceptible,0.52,PB3,PB3,0,221172-591770,0,0,0,0,0,0,0,0,0
HZ_13,Grower_310,Grower_153,2019,Tolerant,6.6,SE,SE,0,220657-594660,0,0,1,1,0,0,0,0,0
HZ_16,Grower_256,Grower_32,2021,Susceptible,2.6,SE,A,1,178225-532603,0,0,5,4,3,0,0,2,0
HZ_3,Grower_180,Grower_94,2019,Tolerant,0.45,SE,A,0,180435-537410,0,0,1,1,0,0,0,0,0
HZ_3,Grower_94,Grower_58,2022,Tolerant,0.17,E,E,0,185226-596184,0,0,0,0,0,0,0,0,0
HZ_43,Grower_89,Grower_65,2019,Tolerant,2.0,SE,SE,0,199905-600230,0,0,1,1,0,0,0,0,0
HZ_5,Grower_270,Grower_83,2021,Susceptible,2.65,SE,SE,0,080372-399703,0,0,0,0,0,0,0,0,0
HZ_4,Grower_209,Grower_1,2022,Verysusceptible,3.0,E,E,0,131151-533176,0,0,2,0,1,0,1,6,0
HZ_20,Grower_221,Grower_98,2019,Tolerant,1.5,E,E,0,125976-536790,0,0,8,8,5,0,5,0,0
HZ_43,Grower_105,Grower_128,2020,Tolerant,0.65,SE,A,1,116237-560115,0,0,0,0,0,0,0,0,0
HZ_65,Grower_250,Grower_198,2020,Tolerant,4.0,SE,SE,0,015464-367387,0,0,1,0,0,0,0,0,0
HZ_2,Grower_282,Grower_81,2023,Tolerant,2.37,SE,E,0,234858-436710,0,0,0,0,0,0,0,0,0
HZ_5,Grower_10,Grower_47,2022,Susceptible,1.1,SE,SE,0,262141-586627,0,0,1,1,1,0,0,0,0
HZ_61,Grower_261,Grower_86,2020,Susceptible,4.97,SE,SE,0,048768-400021,0,0,0,0,0,0,0,0,0
HZ_2,Grower_259,Grower_2,2022,Tolerant,3.1,E,E,0,049352-362924,0,0,8,2,4,0,1,8,3
HZ_65,Grower_112,Grower_132,2020,Tolerant,0.23,SE,E,0,167189-588300,0,0,0,0,0,0,0,0,0
HZ_5,Grower_272,Grower_83,2023,Susceptible,1.75,SE,E,0,089984-397411,0,0,4,0,3,0,0,0,0
HZ_3,Grower_127,Grower_61,2022,Tolerant,0.75,SE,SE,0,167074-581055,0,0,5,0,3,0,0,5,0
HZ_35,Grower_209,Grower_51,2023,Tolerant,0.55,SE,AF,0,132486-534789,0,0,7,1,3,0,3,7,0
HZ_12,Grower_418,Grower_95,2019,Susceptible,0.65,SE,A,0,174228-537704,0,0,3,0,1,0,0,0,0
HZ_12,Grower_211,Grower_146,2020,Susceptible,0.95,SE,SE,0,131393-542688,0,0,2,1,1,0,0,0,0
HZ_9,Grower_5,Grower_2,2022,Verysusceptible,0.73,SE,SE,0,250387-600991,0,0,4,1,0,0,8,6,0
HZ_4,Grower_250,Grower_33,2019,Verysusceptible,3.25,SE,AF,1,018166-372007,0,0,8,3,4,0,8,0,0
HZ_20,Grower_203,Grower_2,2019,Tolerant,1.37,SE,A,0,234854-436351,0,0,8,3,4,0,1,0,0
HZ_20,Grower_288,Grower_204,2019,Tolerant,2.76,E,A,0,254276-598622,0,0,0,0,0,0,0,0,0
HZ_17,Grower_211,Grower_52,2019,Susceptible,1.91,E,E,0,125418-543102,0,0,8,0,3,1,0,0,0
HZ_20,Grower_275,Grower_82,2021,Tolerant,2.55,SE,E,0,096098-406007,0,0,1,0,0,0,0,0,0
HZ_3,Grower_205,Grower_83,2020,Tolerant,0.7,SE,SE,0,121186-567040,0,0,1,0,0,0,1,0,0
HZ_3,Grower_158,Grower_82,2021,Tolerant,0.6,SE,SE,0,170455-508550,0,0,1,0,0,0,0,0,0
HZ_17,Grower_351,Grower_133,2019,Susceptible,0.61,E,E,0,132669-538839,0,0,8,7,4,0,4,0,0
HZ_16,Grower_187,Grower_49,2023,Susceptible,1.72,SE,E,0,062950-372862,0,0,0,0,0,0,0,0,0
HZ_20,Grower_232,Grower_1,2023,Tolerant,2.35,E,E,0,115750-526922,0,0,0,0,0,0,0,0,0
HZ_27,Grower_105,Grower_2,2022,Tolerant,0.7,S,E,0,121940-572003,0,0,4,1,2,0,1,1,1
HZ_12,Grower_138,Grower_61,2021,Susceptible,1.95,E,E,0,167810-580688,0,0,3,0,1,0,0,0,0
HZ_11,Grower_189,Grower_12,2021,Tolerant,2.08,SE,SE,0,174412-519539,0,0,0,0,0,0,0,0,0
HZ_17,Grower_104,Grower_47,2022,Susceptible,3.3,SE,SE,0,178953-591806,0,0,4,1,2,1,1,4,0
HZ_12,Grower_253,Grower_126,2021,Susceptible,2.55,SE,SE,0,058668-411529,0,0,7,8,5,2,6,7,2
HZ_35,Grower_102,Grower_51,2023,Tolerant,1.0,SE,E,0,183061-592809,0,0,8,3,4,1,5,8,0
HZ_2,Grower_154,Grower_6,2022,Tolerant,0.68,SE,SE,0,171337-532576,0,0,1,0,1,0,0,0,0
HZ_3,Grower_418,Grower_71,2020,Tolerant,0.37,SE,A,0,174177-537887,0,0,1,0,0,0,0,0,0
HZ_20,Grower_216,Grower_90,2019,Tolerant,1.75,SE,A,0,120123-537491,0,0,0,0,0,0,0,0,0
HZ_12,Grower_159,Grower_194,2020,Susceptible,2.2,E,E,0,176373-493265,0,0,0,0,0,0,0,0,0
HZ_43,Grower_23,Grower_18,2022,Tolerant,0.94,SE,SE,0,238383-607250,0,0,4,1,1,1,1,2,1
HZ_17,Grower_198,Grower_32,2021,Susceptible,1.04,PB4,A,1,116879-564277,0,0,8,2,3,0,1,0,1
HZ_4,Grower_108,Grower_64,2023,Verysusceptible,2.03,E,E,0,182070-582545,0,0,3,0,0,0,0,3,0
HZ_5,Grower_100,Grower_47,2019,Susceptible,1.5,SE,SE,0,181141-587909,0,0,1,1,0,0,0,0,0
HZ_29,Grower_66,Grower_2,2019,Tolerant,1.08,SE,A,0,228906-596382,0,0,3,1,1,0,0,0,0
HZ_12,Grower_23,Grower_15,2020,Susceptible,0.6,SE,A,0,238574-607233,0,0,0,0,0,0,0,0,0
HZ_78,Grower_189,Grower_74,2019,Susceptible,1.33,SE,AF,1,174916-519525,0,0,8,8,5,0,0,0,0
HZ_38,Grower_122,Grower_38,2020,Tolerant,1.1,SE,-,0,174677-590593,0,0,0,0,0,0,0,0,0
HZ_47,Grower_255,Grower_44,2023,Verysusceptible,3.2,SE,A,0,043294-371860,0,0,7,3,7,0,4,0,0
HZ_43,Grower_141,Grower_41,2019,Tolerant,1.05,E,E,0,156272-570067,0,0,0,0,0,0,0,0,0
HZ_46,Grower_187,Grower_42,2023,Susceptible,3.63,SE,A,0,061167-372484,0,0,4,1,2,0,0,1,0
HZ_3,Grower_5,Grower_1,2020,Tolerant,0.85,SE,SE,0,250521-600644,0,0,1,0,0,0,0,0,0
HZ_16,Grower_174,Grower_49,2023,Susceptible,0.44,SE,E,1,054723-370931,0,0,0,0,0,0,0,0,0
HZ_13,Grower_201,Grower_178,2019,Tolerant,5.0,SE,E,0,090931-403846,0,0,7,6,4,0,0,0,0
HZ_3,Grower_182,Grower_93,2023,Tolerant,0.4,SE,SE,0,184762-530652,0,0,0,0,0,0,0,0,0
HZ_20,Grower_71,Grower_2,2019,Tolerant,2.4,SE,SE,0,227439-603662,0,0,7,3,5,0,1,0,0
HZ_20,Grower_216,Grower_8,2019,Tolerant,1.05,SE,E,0,116613-539609,0,0,6,5,5,0,0,0,0
HZ_20,Grower_452,Grower_12,2019,Tolerant,2.1,SE,SE,0,130101-540868,0,0,8,4,6,0,0,0,0
HZ_27,Grower_290,Grower_2,2022,Tolerant,0.87,SE,SE,0,243385-600150,0,0,4,1,2,0,0,1,1
HZ_52,Grower_322,Grower_113,2020,Tolerant,0.85,SE,E,0,201232-600597,0,0,2,1,1,0,0,0,0
HZ_4,Grower_428,Grower_1,2020,Verysusceptible,3.0,SE,E,0,134764-528996,0,0,6,2,2,0,3,0,0
HZ_47,Grower_252,Grower_42,2021,Verysusceptible,2.15,SE,A,1,052554-374045,0,0,1,0,0,0,0,0,0
HZ_20,Grower_255,Grower_2,2022,Tolerant,2.9,SE,E,0,042377-370408,0,0,4,3,1,0,0,3,1
HZ_12,Grower_389,Grower_61,2021,Susceptible,3.05,E,E,0,175882-533489,0,0,3,0,1,0,0,0,0
HZ_22,Grower_269,Grower_115,2021,Tolerant,0.8,SE,SE,0,057746-405255,0,0,4,0,1,0,0,0,0
HZ_23,Grower_70,Grower_12,2022,Verysusceptible,0.78,SE,A,1,226503-595593,0,0,2,0,0,0,1,3,0
HZ_40,Grower_173,Grower_44,2023,Tolerant,1.9,SE,SE,0,183229-521528,0,0,7,3,7,3,0,0,0
HZ_5,Grower_154,Grower_86,2020,Susceptible,2.07,E,A,0,171774-533285,0,0,0,0,0,0,0,0,0
HZ_24,Grower_176,Grower_94,2023,Tolerant,1.95,E,E,0,182128-530702,0,0,0,0,0,0,0,0,0
HZ_11,Grower_22,Grower_102,2021,Tolerant,1.2,SE,SE,0,238585-605977,0,0,0,0,0,0,0,0,0
HZ_3,Grower_287,Grower_2,2019,Tolerant,1.36,SE,SE,0,247594-597866,0,0,2,1,1,0,0,0,0
HZ_4,Grower_259,Grower_11,2021,Verysusceptible,0.2,E,E,0,051605-362475,0,0,6,2,2,0,0,4,0
HZ_43,Grower_89,Grower_163,2019,Tolerant,5.1,SE,A,0,199905-600230,0,0,8,8,5,0,1,0,0
HZ_9,Grower_130,Grower_72,2023,Verysusceptible,0.4,SE,SE,0,166189-583164,0,0,3,0,2,0,0,0,0
HZ_3,Grower_85,Grower_53,2022,Tolerant,3.57,SE,SE,0,214233-594426,0,0,6,2,0,0,0,7,0
HZ_20,Grower_198,Grower_1,2020,Tolerant,1.0,SE,E,0,116428-565219,0,0,7,1,3,0,0,0,0
HZ_20,Grower_275,Grower_49,2022,Tolerant,2.5,SE,E,0,095730-405935,0,0,5,2,3,0,0,4,1
HZ_3,Grower_364,Grower_18,2021,Tolerant,0.65,SE,SE,0,244944-602276,0,0,0,0,0,0,0,1,1
HZ_3,Grower_395,Grower_208,2019,Tolerant,0.45,PB3,PB3,0,117162-564949,0,0,0,0,0,0,0,0,0
HZ_27,Grower_137,Grower_104,2019,Tolerant,1.0,SE,SE,0,165784-581429,0,0,0,0,0,0,0,0,0
HZ_3,Grower_205,Grower_18,2022,Tolerant,1.0,SE,SE,0,117615-563126,0,0,1,1,1,1,0,3,1
HZ_21,Grower_161,Grower_89,2022,Verysusceptible,2.3,SE,SE,0,161548-491239,0,0,1,0,1,0,0,3,1
HZ_17,Grower_274,Grower_52,2020,Susceptible,2.5,SE,A,0,075979-402322,0,0,8,4,6,0,0,0,0
HZ_13,Grower_32,Grower_115,2020,Tolerant,0.48,SE,-,0,242614-601955,0,0,0,0,0,0,0,0,0
HZ_20,Grower_68,Grower_83,2020,Tolerant,1.46,SE,SE,0,120021-576009,0,0,4,0,1,0,0,0,0
HZ_9,Grower_53,Grower_10,2023,Verysusceptible,0.75,SE,A,1,219421-587763,0,0,7,1,6,2,0,3,0
HZ_12,Grower_159,Grower_14,2021,Susceptible,1.38,SE,SE,0,176226-493466,0,0,0,0,0,0,0,0,0
HZ_4,Grower_281,Grower_90,2023,Verysusceptible,3.9,SE,B,0,075576-397798,0,0,2,0,1,0,0,1,0
HZ_5,Grower_201,Grower_3,2019,Susceptible,0.9,SE,A,0,091495-402312,0,0,0,0,0,0,0,0,0
HZ_17,Grower_130,Grower_42,2022,Susceptible,1.15,SE,-,0,166300-582494,0,0,2,1,1,1,1,2,0
HZ_20,Grower_68,Grower_112,2020,Tolerant,1.09,E,E,0,118080-563487,0,0,8,2,3,0,0,0,0
HZ_22,Grower_269,Grower_33,2023,Tolerant,2.9,PB4,PB4,0,064236-409392,0,0,0,0,0,0,0,1,0
HZ_12,Grower_209,Grower_146,2021,Susceptible,1.1,E,A,1,131200-532962,0,0,3,0,1,0,0,2,0
HZ_13,Grower_14,Grower_115,2022,Tolerant,1.6,SE,E,0,257825-575670,0,0,6,0,2,0,0,3,0
HZ_22,Grower_315,Grower_31,2020,Tolerant,1.4,E,E,0,226496-596434,0,0,0,0,0,0,0,0,0
HZ_27,Grower_83,Grower_2,2019,Tolerant,0.15,SE,A,0,199063-598978,0,0,0,0,0,0,1,0,0
HZ_3,Grower_388,Grower_89,2019,Tolerant,0.75,SE,SE,0,171370-530319,0,0,0,0,0,0,0,0,0
HZ_12,Grower_176,Grower_36,2023,Susceptible,2.05,E,E,0,178521-530815,0,0,8,3,0,2,0,7,0
HZ_20,Grower_350,Grower_147,2021,Tolerant,1.51,SE,SE,0,131144-541660,0,0,6,4,3,0,0,2,1
HZ_3,Grower_136,Grower_75,2019,Tolerant,0.35,E,-,0,164822-579417,0,0,3,0,1,0,0,0,0
HZ_20,Grower_314,Grower_11,2021,Tolerant,1.73,SE,SE,0,252939-599918,0,0,8,1,3,0,1,7,0
HZ_22,Grower_164,Grower_82,2021,Tolerant,1.0,SE,SE,0,153052-483524,0,0,4,0,1,0,0,1,0
HZ_4,Grower_201,Grower_17,2021,Verysusceptible,1.9,SE,E,0,089776-402961,0,0,2,0,1,0,0,0,0
HZ_36,Grower_141,Grower_163,2020,Tolerant,1.14,SE,E,0,160257-581250,0,0,8,7,4,0,0,0,0
HZ_54,Grower_345,Grower_94,2022,Verysusceptible,0.16,PB3,-,0,185861-527373,0,0,6,6,3,0,0,4,1
HZ_7,Grower_81,Grower_205,2019,Tolerant,0.57,SE,SE,0,198331-599278,0,0,0,0,0,0,0,0,0
HZ_20,Grower_230,Grower_90,2019,Tolerant,3.5,SE,A,1,123576-534947,0,0,0,0,0,0,0,0,0
HZ_11,Grower_105,Grower_102,2019,Tolerant,1.1,SE,SE,0,121360-570204,0,0,5,3,3,0,0,0,0
HZ_16,Grower_282,Grower_66,2021,Susceptible,1.52,SE,E,1,237559-436026,0,0,8,3,4,1,2,2,0
HZ_42,Grower_152,Grower_63,2023,Verysusceptible,0.62,SE,SE,0,173062-533281,0,0,0,0,0,0,0,0,0
HZ_5,Grower_38,Grower_3,2019,Susceptible,0.54,E,E,0,248372-606130,0,0,0,0,0,0,0,0,0
HZ_17,Grower_151,Grower_42,2022,Susceptible,3.8,SE,SE,0,186373-531654,0,0,2,1,1,1,1,2,0
HZ_20,Grower_247,Grower_90,2021,Tolerant,1.56,SE,SE,0,037812-373659,0,0,0,0,0,0,0,0,0
HZ_20,Grower_282,Grower_82,2020,Tolerant,1.35,SE,E,0,232604-440180,0,0,1,0,0,1,0,0,0
HZ_46,Grower_161,Grower_3,2019,Susceptible,2.3,E,E,0,175285-507941,0,0,3,0,1,0,0,0,0
HZ_58,Grower_84,Grower_93,2022,Susceptible,1.0,SE,E,1,195913-598936,0,0,6,2,4,0,0,2,0
HZ_3,Grower_141,Grower_41,2019,Tolerant,2.06,E,E,0,159510-579958,0,0,1,1,0,0,0,0,0
HZ_4,Grower_108,Grower_66,2023,Verysusceptible,1.11,SE,SE,0,181889-582531,0,0,5,0,0,2,1,3,0
HZ_48,Grower_113,Grower_75,2022,Verysusceptible,1.0,SE,SE,0,175748-592414,0,0,5,1,1,0,0,1,0
HZ_4,Grower_293,Grower_117,2019,Verysusceptible,0.35,E,A,0,234184-605623,0,0,6,2,2,0,0,0,0
HZ_11,Grower_69,Grower_102,2021,Tolerant,1.0,SE,SE,0,226184-602357,0,0,0,0,0,0,0,0,0
HZ_20,Grower_311,Grower_82,2020,Tolerant,0.71,SE,SE,0,214431-590355,0,0,1,0,0,1,0,0,0
HZ_8,Grower_386,Grower_82,2019,Tolerant,0.38,E,E,0,177624-531830,0,0,1,0,0,1,0,0,0
HZ_17,Grower_375,Grower_133,2019,Susceptible,1.9,E,E,0,218485-591113,0,0,8,7,4,0,4,0,0
HZ_18,Grower_145,Grower_87,2022,Tolerant,0.83,SE,SE,0,175425-533763,0,0,0,0,0,0,0,1,0
HZ_4,Grower_108,Grower_17,2020,Verysusceptible,2.85,E,E,0,182563-585436,0,0,6,0,2,0,0,0,0
HZ_5,Grower_107,Grower_83,2022,Susceptible,0.42,E,E,0,180251-588908,0,0,8,5,2,0,2,8,1
HZ_3,Grower_286,Grower_20,2020,Tolerant,1.11,SE,E,0,253922-600198,0,0,2,0,1,0,0,0,0
HZ_4,Grower_187,Grower_1,2020,Verysusceptible,2.26,SE,E,1,059770-371248,0,0,6,2,2,0,3,0,0
HZ_12,Grower_154,Grower_146,2021,Susceptible,1.12,E,A,0,170826-532875,0,0,0,0,0,0,0,0,0
HZ_7,Grower_301,Grower_102,2020,Tolerant,1.04,SE,SE,0,252408-603064,0,0,0,0,0,0,0,0,0
HZ_43,Grower_217,Grower_75,2023,Tolerant,0.51,SE,SE,0,119075-540614,0,0,1,0,0,0,0,1,0
HZ_5,Grower_239,Grower_38,2022,Susceptible,0.14,SE,A,1,039081-367648,0,0,8,2,0,1,0,8,0
HZ_20,Grower_114,Grower_40,2021,Tolerant,1.0,SE,SE,0,166986-587979,0,0,8,4,6,0,0,5,0
HZ_37,Grower_122,Grower_97,2019,Tolerant,1.07,SE,SE,0,175689-589669,0,0,2,0,1,0,0,0,0
HZ_37,Grower_161,Grower_36,2023,Tolerant,3.27,SE,SE,0,175646-507784,0,0,0,0,0,0,0,0,0
HZ_3,Grower_204,Grower_83,2022,Tolerant,0.7,SE,SE,0,116659-562731,0,0,1,0,1,0,0,3,0
HZ_20,Grower_59,Grower_1,2021,Tolerant,0.43,SE,-,0,233469-599807,0,0,5,0,2,0,0,1,0
HZ_13,Grower_247,Grower_22,2022,Tolerant,0.7,SE,SE,0,038298-373096,0,0,3,2,0,0,0,2,0
HZ_35,Grower_143,Grower_51,2023,Tolerant,2.42,SE,E,0,179294-527241,0,0,8,3,4,1,5,8,0
HZ_24,Grower_347,Grower_94,2022,Tolerant,0.4,SE,SE,0,186396-522202,0,0,7,3,3,0,0,2,0
HZ_16,Grower_282,Grower_1,2023,Susceptible,2.13,SE,SE,0,232453-434895,0,0,3,0,2,0,0,0,0
HZ_5,Grower_90,Grower_47,2022,Susceptible,2.0,SE,SE,0,197386-599996,0,0,1,1,1,0,0,0,0
HZ_20,Grower_330,Grower_136,2020,Tolerant,0.49,SE,AF,0,174445-590704,0,0,5,1,2,0,0,0,0
HZ_61,Grower_97,Grower_205,2019,Susceptible,0.1,PB2,-,0,188255-599107,0,0,0,0,0,0,0,0,0
HZ_3,Grower_171,Grower_18,2020,Tolerant,0.8,E,E,0,185565-528723,0,0,0,0,0,0,0,0,0
HZ_37,Grower_41,Grower_55,2019,Tolerant,0.6,SE,SE,0,245689-598230,0,0,5,0,2,0,0,0,0
HZ_35,Grower_3,Grower_51,2019,Tolerant,2.98,E,A,0,248160-596430,0,0,8,8,5,0,5,0,0
HZ_55,Grower_376,Grower_64,2020,Tolerant,0.4,PB4,A,0,206617-591881,0,0,0,0,0,0,0,0,0
HZ_12,Grower_173,Grower_95,2023,Susceptible,2.2,SE,SE,0,185087-522299,0,0,7,1,4,1,0,6,0
HZ_3,Grower_199,Grower_83,2022,Tolerant,0.83,PB4,E,1,114493-564618,0,0,6,2,3,0,1,7,0
HZ_3,Grower_337,Grower_86,2021,Tolerant,0.25,E,A,0,183157-530700,0,0,0,0,0,0,0,1,0
HZ_20,Grower_332,Grower_112,2021,Tolerant,1.95,SE,-,0,178275-592438,0,0,8,2,3,0,0,3,0
HZ_5,Grower_15,Grower_185,2020,Susceptible,2.65,SE,E,0,239100-605500,0,0,0,0,0,0,0,0,0
HZ_34,Grower_100,Grower_32,2023,Verysusceptible,0.45,SE,A,0,179779-587793,0,0,8,1,4,7,0,0,0
HZ_20,Grower_229,Grower_1,2021,Tolerant,0.69,SE,SE,0,130115-542112,0,0,0,0,0,0,0,0,0
HZ_3,Grower_325,Grower_44,2020,Tolerant,0.17,E,E,0,186681-595346,0,0,4,1,1,0,0,0,0
HZ_17,Grower_351,Grower_32,2021,Susceptible,0.87,PB4,A,0,132972-539175,0,0,8,2,3,0,1,0,1
HZ_5,Grower_174,Grower_92,2023,Susceptible,2.34,SE,SE,0,050420-369523,0,0,0,0,0,0,0,0,0
HZ_4,Grower_403,Grower_1,2021,Verysusceptible,3.74,SE,A,0,098691-403323,0,0,5,1,2,0,0,7,0
HZ_3,Grower_108,Grower_44,2020,Tolerant,0.8,E,E,0,181129-584806,0,0,4,1,1,0,0,0,0
HZ_51,Grower_174,Grower_55,2021,Susceptible,2.42,SE,E,1,054053-362675,0,0,8,4,6,0,1,5,0
HZ_2,Grower_1,Grower_2,2022,Tolerant,2.0,SE,SE,0,252684-599964,0,0,8,2,4,0,1,8,3
HZ_12,Grower_253,Grower_67,2022,Susceptible,2.5,SE,E,0,055180-408344,0,0,0,0,0,0,0,1,0
HZ_17,Grower_77,Grower_65,2020,Susceptible,1.03,E,E,0,206101-600234,0,0,8,6,6,0,1,0,0
HZ_17,Grower_45,Grower_12,2020,Susceptible,1.46,SE,A,1,214521-593200,0,0,8,3,4,0,0,0,0
HZ_24,Grower_100,Grower_40,2021,Tolerant,0.4,SE,SE,0,179430-587723,0,0,7,4,4,0,0,1,1
HZ_4,Grower_238,Grower_1,2022,Verysusceptible,0.8,SE,E,0,063219-369329,0,0,1,1,0,0,1,5,0
HZ_20,Grower_204,Grower_90,2023,Tolerant,1.6,E,E,0,116314-562938,0,0,0,0,0,0,0,0,0
HZ_5,Grower_249,Grower_20,2023,Susceptible,3.4,SE,E,0,054628-366579,0,0,2,0,2,0,0,0,0
HZ_22,Grower_185,Grower_88,2020,Tolerant,0.65,SE,SE,0,186315-517531,0,0,3,0,1,0,0,0,0
HZ_20,Grower_110,Grower_8,2019,Tolerant,0.65,SE,SE,0,168831-587235,0,0,8,2,3,0,0,0,0
HZ_20,Grower_22,Grower_1,2022,Tolerant,1.2,SE,SE,0,237689-604321,0,0,0,0,0,0,0,1,0
HZ_17,Grower_138,Grower_166,2019,Susceptible,2.37,E,A,1,167869-581865,0,0,8,8,5,0,6,0,0
HZ_4,Grower_238,Grower_1,2021,Verysusceptible,3.1,SE,SE,0,059802-366647,0,0,5,1,2,0,0,7,0
HZ_20,Grower_213,Grower_50,2022,Tolerant,0.62,SE,E,1,134168-543212,0,0,5,3,4,0,0,3,0
HZ_7,Grower_81,Grower_64,2023,Tolerant,0.66,SE,A,0,197914-599394,0,0,0,0,0,0,0,0,0
HZ_7,Grower_92,Grower_70,2020,Tolerant,0.61,SE,SE,0,190884-597708,0,0,2,0,1,0,0,0,0
HZ_3,Grower_318,Grower_53,2022,Tolerant,0.3,SE,SE,0,203999-593918,0,0,6,2,0,0,0,7,0
HZ_20,Grower_236,Grower_68,2020,Tolerant,2.4,E,A,0,143436-526005,0,0,4,0,1,0,0,0,0
HZ_39,Grower_77,Grower_62,2023,Tolerant,0.87,SE,E,0,205852-600379,0,0,2,0,0,0,1,2,0
HZ_16,Grower_256,Grower_32,2022,Susceptible,1.9,SE,A,1,177926-532567,0,0,5,3,1,0,0,3,0
HZ_34,Grower_95,Grower_32,2022,Verysusceptible,1.5,SE,SE,0,184444-592775,0,0,7,1,0,1,0,1,0
HZ_4,Grower_277,Grower_49,2021,Verysusceptible,0.3,SE,SE,0,076885-396970,0,0,8,0,3,0,0,8,0
HZ_11,Grower_247,Grower_102,2022,Tolerant,2.17,SE,SE,0,032005-369392,0,0,0,0,0,0,0,0,0
HZ_5,Grower_175,Grower_20,2019,Susceptible,0.8,SE,A,0,184274-528119,0,0,0,0,0,0,0,0,0
HZ_7,Grower_133,Grower_59,2020,Tolerant,1.2,SE,SE,0,163591-580560,0,0,3,2,1,0,0,0,0
HZ_3,Grower_15,Grower_112,2022,Tolerant,0.73,SE,SE,0,240871-604016,0,0,5,1,2,1,1,4,1
HZ_20,Grower_105,Grower_32,2023,Tolerant,1.0,PB4,E,0,119736-565359,0,0,2,1,1,0,0,0,0
HZ_51,Grower_133,Grower_12,2021,Susceptible,4.64,E,E,0,169395-586011,0,0,8,0,3,0,2,4,0
HZ_17,Grower_322,Grower_65,2021,Susceptible,0.59,SE,SE,0,202692-600480,0,0,7,1,3,0,1,6,0
HZ_12,Grower_65,Grower_126,2021,Susceptible,0.98,SE,SE,0,226905-603686,0,0,7,8,5,3,5,7,2
HZ_61,Grower_261,Grower_107,2019,Susceptible,1.0,SE,A,0,057845-413238,0,0,5,2,2,0,1,0,0
HZ_17,Grower_89,Grower_47,2023,Susceptible,0.9,SE,SE,0,193818-600034,0,0,3,0,2,1,0,1,0
HZ_47,Grower_275,Grower_99,2023,Verysusceptible,2.29,SE,A,0,087151-395324,0,0,7,0,6,3,0,0,0
HZ_3,Grower_189,Grower_137,2022,Tolerant,1.0,SE,A,0,174115-519332,0,0,3,3,0,0,0,6,0
HZ_20,Grower_222,Grower_90,2023,Tolerant,3.7,SE,SE,0,124307-541506,0,0,0,0,0,0,0,0,0
HZ_8,Grower_354,Grower_48,2020,Tolerant,1.0,SE,SE,0,128218-537162,0,0,2,1,1,0,0,0,0
HZ_43,Grower_104,Grower_18,2020,Tolerant,3.0,E,E,0,181732-592175,0,0,0,0,0,0,0,0,0
HZ_24,Grower_203,Grower_40,2021,Tolerant,1.93,SE,SE,0,225694-438681,0,0,7,4,4,0,0,1,1
HZ_53,Grower_363,Grower_1,2019,Tolerant,1.05,SE,SE,0,243818-600616,0,0,8,3,4,0,1,0,0
HZ_20,Grower_110,Grower_40,2021,Tolerant,2.55,E,E,0,169029-587933,0,0,8,5,2,0,0,4,0
HZ_17,Grower_211,Grower_52,2020,Susceptible,1.27,SE,A,1,129441-542186,0,0,8,4,6,0,0,0,0
HZ_17,Grower_91,Grower_19,2019,Susceptible,1.15,SE,A,1,200058-602306,0,0,8,8,5,0,0,0,0
HZ_20,Grower_447,Grower_82,2019,Tolerant,0.85,SE,-,0,175395-526542,0,0,1,1,0,0,0,0,0
HZ_4,Grower_280,Grower_49,2023,Verysusceptible,1.0,SE,AF,1,088455-401640,0,0,0,0,0,0,0,0,0
HZ_11,Grower_247,Grower_9,2021,Tolerant,3.24,SE,SE,0,039693-368289,0,0,7,4,4,0,0,7,0
HZ_42,Grower_283,Grower_66,2019,Verysusceptible,2.5,SE,B,0,171488-426450,0,0,8,8,5,0,0,0,0
HZ_65,Grower_186,Grower_49,2021,Tolerant,1.3,SE,SE,0,173845-514472,0,0,4,0,1,0,0,1,0
HZ_43,Grower_195,Grower_18,2020,Tolerant,2.2,E,E,0,117460-567383,0,0,0,0,0,0,0,0,0
HZ_40,Grower_218,Grower_44,2022,Tolerant,0.34,SE,SE,0,117618-538893,0,0,0,0,0,0,0,2,0
HZ_24,Grower_18,Grower_24,2021,Tolerant,1.1,SE,SE,0,232542-602518,0,0,1,0,0,0,0,1,0
HZ_36,Grower_91,Grower_11,2023,Tolerant,1.65,SE,SE,0,198093-598514,0,0,8,1,4,0,0,3,0
HZ_2,Grower_91,Grower_2,2019,Tolerant,3.15,SE,SE,0,199879-602002,0,0,0,0,0,0,0,0,0
HZ_3,Grower_305,Grower_1,2021,Tolerant,3.93,SE,SE,0,247840-603224,0,0,7,1,3,0,0,3,0
HZ_29,Grower_36,Grower_2,2023,Tolerant,1.05,SE,A,0,245981-608551,0,0,1,0,1,0,0,0,0
HZ_17,Grower_206,Grower_90,2020,Susceptible,1.55,SE,A,0,116083-568422,0,0,3,0,1,0,0,0,0
HZ_17,Grower_26,Grower_12,2021,Susceptible,0.65,SE,SE,0,236797-604654,0,0,6,3,4,0,0,2,0
HZ_17,Grower_105,Grower_42,2019,Susceptible,1.0,SE,SE,0,119951-573029,0,0,8,1,3,0,0,0,0
HZ_3,Grower_31,Grower_1,2021,Tolerant,3.68,SE,SE,0,242039-608302,0,0,7,1,3,0,0,3,0
HZ_20,Grower_362,Grower_117,2020,Tolerant,1.1,SE,E,0,238630-602755,0,0,6,1,2,0,0,0,0
HZ_47,Grower_455,Grower_99,2019,Verysusceptible,1.0,SE,E,0,095165-408821,0,0,5,5,1,0,0,0,0
HZ_4,Grower_228,Grower_9,2020,Verysusceptible,1.5,SE,SE,0,124974-536424,0,0,6,0,2,0,0,0,0
HZ_4,Grower_279,Grower_117,2019,Verysusceptible,3.65,SE,SE,0,082197-405705,0,0,7,4,4,0,0,0,0
HZ_4,Grower_403,Grower_49,2021,Verysusceptible,3.3,SE,A,0,099139-405138,0,0,4,2,2,0,0,1,0
HZ_20,Grower_360,Grower_86,2019,Tolerant,3.93,SE,A,0,267951-573313,0,0,3,2,1,0,0,0,0
HZ_8,Grower_192,Grower_9,2020,Tolerant,2.78,E,E,0,224095-603259,0,0,3,0,1,0,0,0,0
HZ_12,Grower_23,Grower_125,2020,Susceptible,1.0,E,E,0,238574-607233,0,0,0,0,0,0,0,0,0
HZ_17,Grower_91,Grower_65,2020,Susceptible,1.8,SE,E,0,194716-598029,0,0,8,6,6,0,1,0,0
HZ_3,Grower_293,Grower_50,2022,Tolerant,0.71,PB4,PB4,0,233951-605403,0,0,7,2,2,1,0,5,0
HZ_3,Grower_188,Grower_2,2022,Tolerant,1.3,SE,SE,0,169213-521932,0,0,4,0,0,0,1,1,0
HZ_43,Grower_109,Grower_68,2020,Tolerant,2.32,E,E,0,177112-589181,0,0,8,7,4,0,2,0,0
HZ_20,Grower_199,Grower_83,2019,Tolerant,2.38,SE,SE,0,117223-563767,0,0,8,3,4,0,0,0,0
HZ_46,Grower_180,Grower_75,2019,Susceptible,0.23,E,E,0,180348-537337,0,0,2,0,1,0,0,0,0
HZ_3,Grower_111,Grower_52,2019,Tolerant,0.92,SE,SE,0,175802-588553,0,0,0,0,0,0,0,0,0
HZ_3,Grower_79,Grower_116,2022,Tolerant,0.45,PB3,SE,0,202919-594680,0,0,2,0,1,0,0,3,0
HZ_20,Grower_103,Grower_58,2023,Tolerant,1.45,E,AF,0,184111-596328,0,0,0,0,0,0,0,0,0
HZ_51,Grower_291,Grower_55,2021,Susceptible,3.14,SE,SE,0,236288-604464,0,0,8,4,6,0,1,5,0
HZ_20,Grower_294,Grower_11,2021,Tolerant,1.61,E,E,0,238108-605739,0,0,8,1,3,0,1,7,0
HZ_20,Grower_336,Grower_82,2021,Tolerant,0.58,SE,SE,0,176587-528608,0,0,0,0,0,0,0,0,0
HZ_20,Grower_152,Grower_82,2020,Tolerant,0.85,SE,SE,0,174106-533274,0,0,1,0,0,1,0,0,0
HZ_29,Grower_163,Grower_18,2022,Tolerant,1.28,SE,E,0,159102-490907,0,0,2,0,0,0,0,2,0
HZ_21,Grower_376,Grower_90,2020,Verysusceptible,0.3,SE,SE,0,204263-593333,0,0,0,0,0,0,0,0,0
HZ_5,Grower_218,Grower_83,2021,Susceptible,1.43,E,E,0,118169-532435,0,0,2,1,1,0,0,1,0
HZ_20,Grower_279,Grower_58,2019,Tolerant,0.45,SE,SE,0,083086-399310,0,0,8,8,5,0,1,0,0
HZ_51,Grower_174,Grower_61,2019,Susceptible,1.62,SE,SE,0,041912-371724,0,0,0,0,0,0,0,0,0
HZ_20,Grower_95,Grower_58,2021,Tolerant,0.8,SE,SE,0,183019-594629,0,0,5,4,3,0,0,0,1
HZ_24,Grower_173,Grower_48,2021,Tolerant,3.7,SE,SE,0,183648-520326,0,0,3,0,1,0,0,1,0
HZ_29,Grower_69,Grower_2,2020,Tolerant,0.45,SE,SE,0,226328-603099,0,0,0,0,0,0,0,0,0
HZ_17,Grower_127,Grower_61,2023,Susceptible,0.7,PB4,PB4,0,167432-581817,0,0,3,0,0,1,0,3,0
HZ_21,Grower_12,Grower_89,2020,Verysusceptible,0.81,SE,SE,0,254439-598953,0,0,0,0,0,0,0,0,0
HZ_4,Grower_310,Grower_4,2019,Verysusceptible,4.3,SE,SE,0,216620-595878,0,0,4,1,1,0,0,0,0
HZ_13,Grower_399,Grower_46,2020,Tolerant,1.9,SE,SE,0,061579-372240,0,0,2,0,1,0,1,0,0
HZ_20,Grower_332,Grower_1,2022,Tolerant,2.0,SE,SE,0,179205-591434,0,0,2,1,0,0,0,2,0
HZ_3,Grower_100,Grower_76,2020,Tolerant,0.9,SE,SE,0,179557-587835,0,0,5,3,3,0,0,0,0
HZ_5,Grower_270,Grower_8,2021,Susceptible,2.72,SE,A,1,084101-402693,0,0,0,0,0,0,0,2,0
HZ_14,Grower_301,Grower_29,2020,Susceptible,0.91,SE,SE,0,248164-606395,0,0,1,0,0,0,0,0,0
HZ_17,Grower_218,Grower_12,2021,Susceptible,2.91,E,E,0,117088-537473,0,0,6,3,4,0,0,2,0
HZ_7,Grower_133,Grower_59,2021,Tolerant,1.3,SE,SE,0,162048-580273,0,0,0,0,0,0,0,0,0
HZ_4,Grower_238,Grower_132,2019,Verysusceptible,0.74,SE,A,0,059134-372738,0,0,8,6,6,1,0,0,0
HZ_5,Grower_89,Grower_3,2020,Susceptible,0.6,SE,SE,0,193434-599996,0,0,4,1,1,0,0,0,0
HZ_35,Grower_281,Grower_48,2023,Tolerant,2.0,S,A,0,077021-395187,0,0,6,2,3,2,6,6,0
HZ_12,Grower_159,Grower_146,2020,Susceptible,1.8,SE,E,0,176347-493323,0,0,2,1,1,0,0,0,0
HZ_3,Grower_388,Grower_86,2020,Tolerant,0.75,SE,SE,0,171675-529144,0,0,0,0,0,0,0,0,0
HZ_4,Grower_67,Grower_57,2023,Verysusceptible,0.74,PB3,PB3,0,233865-599180,0,0,0,0,0,0,0,0,0
HZ_20,Grower_203,Grower_76,2019,Tolerant,2.78,SE,SE,0,230024-435491,0,0,8,1,3,0,0,0,0
HZ_22,Grower_296,Grower_153,2019,Tolerant,2.35,E,E,0,240984-600335,0,0,3,2,1,0,0,0,0
HZ_1,Grower_217,Grower_38,2021,Tolerant,0.93,SE,SE,0,118624-540544,0,0,7,4,4,0,0,2,0
HZ_16,Grower_9,Grower_8,2022,Susceptible,2.4,SE,SE,0,263586-581369,0,0,3,1,1,1,0,8,1
HZ_17,Grower_445,Grower_42,2019,Susceptible,0.62,SE,SE,0,166730-584278,0,0,8,1,3,0,0,0,0
HZ_3,Grower_151,Grower_86,2022,Tolerant,1.59,SE,SE,0,161093-542763,0,0,1,0,1,0,0,1,0
HZ_12,Grower_188,Grower_146,2019,Susceptible,3.0,SE,A,0,169619-522209,0,0,8,0,3,0,0,0,0
HZ_5,Grower_272,Grower_42,2021,Susceptible,3.2,SE,SE,0,089886-398603,0,0,3,0,1,0,0,1,0
HZ_17,Grower_196,Grower_46,2020,Susceptible,0.65,E,E,0,120124-567489,0,0,4,4,2,0,0,0,0
HZ_32,Grower_114,Grower_44,2020,Susceptible,0.75,SE,SE,0,176061-590948,0,0,0,0,0,0,0,0,0
HZ_3,Grower_98,Grower_44,2023,Tolerant,0.25,SE,SE,0,182216-594415,0,0,1,0,1,0,0,0,0
HZ_20,Grower_196,Grower_83,2020,Tolerant,1.2,E,E,0,116701-563578,0,0,4,0,1,0,0,0,0
HZ_20,Grower_218,Grower_197,2020,Tolerant,1.37,E,E,0,119214-537317,0,0,0,0,0,0,0,0,0
HZ_3,Grower_366,Grower_39,2021,Tolerant,1.87,SE,SE,0,247787-604687,0,0,1,0,0,0,0,1,0
HZ_17,Grower_51,Grower_47,2022,Susceptible,3.39,SE,SE,0,214124-586352,0,0,4,1,2,1,1,4,0
HZ_4,Grower_250,Grower_1,2021,Verysusceptible,2.9,SE,E,1,014968-367063,0,0,7,1,3,0,0,8,0
HZ_20,Grower_209,Grower_102,2019,Tolerant,1.88,E,E,0,132814-534700,0,0,0,0,0,0,0,0,0
HZ_3,Grower_197,Grower_83,2022,Tolerant,0.9,PB4,E,0,117950-563116,0,0,6,2,3,0,1,7,0
HZ_17,Grower_213,Grower_133,2019,Susceptible,0.75,E,E,0,134241-542987,0,0,8,7,4,0,4,0,0
HZ_42,Grower_277,Grower_66,2022,Verysusceptible,4.9,SE,E,0,075670-393066,0,0,8,1,0,0,3,2,0
HZ_3,Grower_329,Grower_65,2022,Tolerant,1.08,PB4,PB4,0,166066-586334,0,0,6,2,3,2,4,7,0
HZ_20,Grower_83,Grower_1,2023,Tolerant,3.0,SE,SE,0,198280-599784,0,0,0,0,0,0,0,0,0
HZ_39,Grower_34,Grower_102,2022,Tolerant,1.81,SE,SE,0,245688-608189,0,0,3,0,0,0,5,7,0
HZ_37,Grower_274,Grower_44,2020,Tolerant,0.15,SE,B,0,076498-402959,0,0,7,2,4,0,0,0,0
HZ_12,Grower_129,Grower_126,2022,Susceptible,0.5,E,A,0,157609-553076,0,0,0,0,0,0,0,0,0
HZ_9,Grower_179,Grower_67,2023,Verysusceptible,0.63,PB4,PB4,0,180552-522891,0,0,3,0,3,0,0,0,0
HZ_17,Grower_349,Grower_46,2020,Susceptible,0.52,E,A,0,132700-544477,0,0,6,5,5,0,0,0,0
HZ_24,Grower_205,Grower_48,2023,Tolerant,3.9,SE,SE,0,115365-560272,0,0,0,0,0,0,0,0,0
HZ_3,Grower_332,Grower_112,2021,Tolerant,1.4,SE,-,0,178275-592438,0,0,1,0,0,0,0,1,0
HZ_17,Grower_78,Grower_163,2020,Susceptible,0.31,PB4,-,0,200985-599953,0,0,8,0,3,0,0,0,0
HZ_3,Grower_327,Grower_76,2021,Tolerant,1.0,SE,SE,0,188558-596588,0,0,2,1,1,0,0,0,1
HZ_42,Grower_93,Grower_66,2019,Verysusceptible,0.38,SE,SE,0,187943-595881,0,0,8,8,5,0,0,0,0
HZ_17,Grower_138,Grower_61,2019,Susceptible,0.85,SE,SE,0,167869-581865,0,0,6,4,3,0,0,0,0
HZ_5,Grower_259,Grower_47,2022,Susceptible,3.4,E,E,0,049846-363015,0,0,1,1,1,0,0,0,0
HZ_3,Grower_196,Grower_208,2019,Tolerant,0.48,PB3,-,0,118697-569836,0,0,0,0,0,0,0,0,0
HZ_20,Grower_83,Grower_116,2020,Tolerant,1.32,SE,E,0,194015-599362,0,0,1,1,0,0,0,0,0
HZ_5,Grower_53,Grower_47,2021,Susceptible,1.0,E,E,0,218912-590199,0,0,1,1,0,0,0,1,0
HZ_20,Grower_330,Grower_40,2019,Tolerant,0.73,SE,E,1,174487-589823,0,0,8,8,5,0,1,0,0
HZ_10,Grower_255,Grower_11,2023,Tolerant,2.6,SE,AF,0,044815-369810,0,0,1,0,1,0,0,1,0
HZ_23,Grower_63,Grower_36,2023,Verysusceptible,0.8,SE,AF,0,228462-598611,0,0,8,0,8,3,0,8,0
HZ_43,Grower_141,Grower_61,2020,Tolerant,1.6,SE,SE,0,160257-581250,0,0,4,0,1,0,0,0,0
HZ_11,Grower_22,Grower_12,2020,Tolerant,0.8,SE,SE,0,237145-606365,0,0,5,0,2,0,0,0,0
HZ_17,Grower_3,Grower_47,2022,Susceptible,1.27,E,E,0,249376-595017,0,0,4,1,2,1,1,4,0
HZ_43,Grower_329,Grower_65,2022,Tolerant,2.77,E,E,0,166066-586334,0,0,4,2,2,1,0,4,0
HZ_20,Grower_220,Grower_12,2021,Tolerant,1.44,E,A,1,129831-543725,0,0,7,2,4,0,1,6,1
HZ_12,Grower_186,Grower_146,2020,Susceptible,0.8,SE,SE,0,173476-515592,0,0,2,1,1,0,0,0,0
HZ_4,Grower_209,Grower_90,2021,Verysusceptible,1.0,PB4,PB4,0,131505-533336,0,0,0,0,0,0,0,0,0
HZ_16,Grower_290,Grower_32,2020,Susceptible,2.25,E,E,0,243601-599337,0,0,5,0,2,0,0,0,0
HZ_8,Grower_296,Grower_28,2021,Tolerant,0.86,SE,SE,0,240433-601522,0,0,1,0,0,0,0,0,1
HZ_22,Grower_201,Grower_32,2021,Tolerant,0.8,SE,SE,0,092534-400762,0,0,3,0,1,0,0,0,0
HZ_21,Grower_279,Grower_89,2019,Verysusceptible,3.25,SE,SE,0,084575-402299,0,0,1,1,0,0,0,0,0
HZ_8,Grower_342,Grower_48,2020,Tolerant,1.36,SE,A,0,187282-517071,0,0,0,0,0,0,0,0,0
HZ_17,Grower_383,Grower_42,2020,Susceptible,1.0,SE,SE,0,164774-581114,0,0,8,0,3,0,0,0,0
HZ_3,Grower_21,Grower_110,2021,Tolerant,0.8,SE,-,0,240915-606963,0,0,5,0,2,0,0,0,0
HZ_10,Grower_27,Grower_17,2022,Tolerant,1.11,SE,E,0,241586-606268,0,0,0,0,0,0,0,0,0
HZ_3,Grower_71,Grower_2,2019,Tolerant,3.14,SE,SE,0,228459-602721,0,0,1,1,0,0,0,0,0
HZ_43,Grower_141,Grower_18,2019,Tolerant,1.3,E,E,0,156126-570045,0,0,1,1,0,0,0,0,0
HZ_3,Grower_123,Grower_40,2021,Tolerant,0.65,E,E,0,170750-587935,0,0,4,0,1,0,0,0,0
HZ_13,Grower_7,Grower_22,2022,Tolerant,2.0,E,E,0,260478-590598,0,0,3,2,0,0,0,2,0
HZ_17,Grower_83,Grower_65,2021,Susceptible,1.47,S,E,1,196131-598184,0,0,7,1,3,0,1,0,0
HZ_49,Grower_161,Grower_8,2019,Susceptible,2.56,SE,SE,0,161062-490436,0,0,8,4,6,0,0,0,0
HZ_24,Grower_24,Grower_24,2022,Tolerant,0.72,SE,SE,0,242521-600184,0,0,6,6,1,0,0,2,0
HZ_2,Grower_2,Grower_2,2021,Tolerant,0.84,SE,A,0,251696-602808,0,0,2,0,1,0,0,1,0
HZ_3,Grower_8,Grower_2,2022,Tolerant,2.35,SE,SE,0,247398-595950,0,0,3,0,0,0,1,2,0
HZ_39,Grower_34,Grower_62,2022,Tolerant,1.83,SE,SE,0,245688-608189,0,0,0,0,0,0,0,0,0
HZ_24,Grower_238,Grower_48,2021,Tolerant,3.0,PB4,PB4,0,061870-368978,0,0,3,0,1,0,0,1,0
HZ_20,Grower_452,Grower_98,2019,Tolerant,2.3,E,A,0,130101-540868,0,0,8,8,5,0,4,0,0
HZ_4,Grower_276,Grower_1,2019,Verysusceptible,1.27,SE,SE,0,095358-402471,0,0,6,2,2,1,4,0,0
HZ_3,Grower_133,Grower_42,2023,Tolerant,0.27,SE,SE,0,169817-586729,0,0,1,0,1,0,0,0,0
HZ_3,Grower_202,Grower_18,2023,Tolerant,1.3,SE,SE,0,119868-570230,0,0,1,0,1,0,0,0,0
HZ_39,Grower_289,Grower_42,2020,Tolerant,0.37,SE,E,0,275282-582556,0,0,5,2,2,0,0,0,0
HZ_3,Grower_189,Grower_75,2023,Tolerant,1.13,SE,E,0,174746-519750,0,0,1,0,0,0,0,0,0
HZ_20,Grower_223,Grower_112,2022,Tolerant,1.0,E,E,0,139998-526792,0,0,8,4,8,1,1,4,0
HZ_13,Grower_77,Grower_64,2019,Tolerant,0.77,SE,SE,0,205193-599823,0,0,3,0,1,0,0,0,0
HZ_19,Grower_270,Grower_45,2022,Verysusceptible,2.93,SE,SE,0,084307-402538,0,0,7,7,6,2,4,6,0
HZ_17,Grower_56,Grower_133,2020,Susceptible,0.62,SE,SE,0,225637-592416,0,0,8,3,4,0,0,0,0
HZ_22,Grower_185,Grower_88,2019,Tolerant,2.78,E,E,0,186082-517374,0,0,2,1,1,0,0,0,0
HZ_32,Grower_123,Grower_44,2022,Susceptible,1.0,SE,SE,0,170669-588124,0,0,6,1,0,0,0,2,1
HZ_39,Grower_133,Grower_42,2020,Tolerant,2.5,E,E,0,163032-581393,0,0,5,2,2,0,0,0,0
HZ_3,Grower_316,Grower_2,2019,Tolerant,0.7,SE,A,0,225419-603020,0,0,1,1,0,0,0,0,0
HZ_17,Grower_114,Grower_52,2021,Susceptible,1.7,SE,A,1,170882-588918,0,0,7,3,5,0,0,3,0
HZ_20,Grower_11,Grower_112,2022,Tolerant,1.7,SE,SE,0,251231-602022,0,0,8,4,8,1,1,4,0
HZ_43,Grower_99,Grower_68,2020,Tolerant,0.5,SE,A,0,193553-598249,0,0,8,5,2,0,1,0,0
HZ_19,Grower_248,Grower_50,2021,Verysusceptible,2.32,SE,A,1,058412-374023,0,0,8,5,2,0,0,2,0
HZ_29,Grower_301,Grower_2,2020,Tolerant,1.55,SE,A,0,252408-603064,0,0,1,0,0,0,0,0,0
HZ_20,Grower_20,Grower_2,2019,Tolerant,1.05,SE,A,0,233801-602733,0,0,7,0,3,0,0,0,0
HZ_72,Grower_446,Grower_151,2019,Tolerant,1.95,SE,SE,0,177665-533696,0,0,0,0,0,0,0,0,0
HZ_42,Grower_97,Grower_66,2022,Verysusceptible,1.0,E,E,0,187667-596430,0,0,8,1,0,0,3,2,0
HZ_3,Grower_132,Grower_75,2023,Tolerant,1.82,SE,B,0,157167-573197,0,0,1,0,0,0,0,0,0
HZ_12,Grower_343,Grower_95,2022,Susceptible,2.12,E,E,0,185500-527685,0,0,6,5,6,3,2,6,1
HZ_5,Grower_3,Grower_20,2019,Susceptible,1.88,E,E,0,246790-593043,0,0,0,0,0,0,0,0,0
HZ_51,Grower_291,Grower_5,2022,Susceptible,0.96,SE,SE,0,236191-604313,0,0,8,2,7,4,0,2,1
HZ_38,Grower_236,Grower_40,2021,Tolerant,0.6,E,E,0,144383-524619,0,0,2,0,1,0,0,1,1
HZ_4,Grower_209,Grower_205,2019,Verysusceptible,1.23,PB3,-,0,132020-544362,0,0,0,0,0,0,0,0,0
HZ_49,Grower_88,Grower_133,2019,Susceptible,3.06,SE,SE,0,211105-589870,0,0,1,0,0,0,0,0,0
HZ_16,Grower_74,Grower_17,2021,Susceptible,0.6,SE,SE,0,227618-595178,0,0,3,1,1,0,0,3,0
HZ_20,Grower_102,Grower_76,2020,Tolerant,0.7,SE,E,0,184237-596390,0,0,7,4,4,0,0,0,0
HZ_17,Grower_98,Grower_32,2021,Susceptible,0.45,SE,SE,0,181910-594175,0,0,8,6,6,0,3,8,0
HZ_5,Grower_121,Grower_42,2021,Susceptible,0.85,SE,SE,0,178227-582833,0,0,3,0,1,0,0,1,0
HZ_17,Grower_214,Grower_133,2019,Susceptible,0.29,SE,SE,0,130837-544093,0,0,8,7,4,0,4,0,0
HZ_43,Grower_51,Grower_18,2020,Tolerant,1.99,SE,SE,0,214045-586144,0,0,1,0,0,0,0,0,0
HZ_3,Grower_114,Grower_66,2020,Tolerant,1.75,SE,SE,0,168411-588150,0,0,1,0,0,0,0,0,0
HZ_2,Grower_25,Grower_2,2022,Tolerant,0.9,PB4,PB4,0,239824-607196,0,0,8,2,4,0,1,8,3
HZ_4,Grower_187,Grower_49,2020,Verysusceptible,2.34,SE,E,1,059770-371248,0,0,7,1,3,0,6,0,0
HZ_12,Grower_264,Grower_15,2021,Susceptible,0.89,E,E,0,062064-373809,0,0,5,0,2,0,0,3,0
HZ_20,Grower_203,Grower_98,2023,Tolerant,1.97,SE,A,0,232890-434203,0,0,8,3,8,0,1,8,0
HZ_47,Grower_275,Grower_99,2023,Verysusceptible,0.5,SE,A,0,087187-399536,0,0,7,0,6,3,0,0,0
HZ_1,Grower_1,Grower_1,2022,Tolerant,2.3,SE,SE,0,252458-599275,0,0,1,1,0,0,0,0,0
HZ_4,Grower_87,Grower_52,2022,Verysusceptible,1.8,SE,SE,0,202427-593066,0,0,4,0,1,0,0,0,0
HZ_12,Grower_199,Grower_126,2021,Susceptible,1.0,SE,E,0,117419-565995,0,0,7,8,5,2,6,7,2
HZ_53,Grower_275,Grower_1,2019,Tolerant,1.75,SE,AF,0,083317-401728,0,0,8,3,4,0,1,0,0
HZ_4,Grower_225,Grower_1,2020,Verysusceptible,0.5,SE,-,0,132020-537565,0,0,6,2,2,0,3,0,0
HZ_17,Grower_89,Grower_163,2019,Susceptible,0.7,SE,SE,0,195019-600827,0,0,8,8,5,0,0,0,0
HZ_4,Grower_106,Grower_1,2019,Verysusceptible,3.33,E,E,0,130065-532164,0,0,7,7,5,0,2,0,0
HZ_5,Grower_121,Grower_61,2023,Susceptible,0.8,SE,AF,0,178729-583251,0,0,0,0,0,0,0,0,0
HZ_1,Grower_233,Grower_71,2021,Tolerant,1.0,SE,SE,0,122500-531654,0,0,6,5,5,0,0,3,0
HZ_33,Grower_8,Grower_149,2019,Tolerant,2.39,SE,AF,0,249886-594928,0,0,0,0,0,0,0,0,0
HZ_3,Grower_40,Grower_3,2023,Tolerant,0.9,SE,E,0,247250-604779,0,0,0,0,0,0,0,0,0
HZ_3,Grower_302,Grower_113,2020,Tolerant,1.94,SE,SE,0,247679-608039,0,0,3,0,1,0,0,0,0
HZ_48,Grower_255,Grower_61,2020,Verysusceptible,0.3,SE,A,0,043152-372010,0,0,7,1,3,0,0,0,0
HZ_47,Grower_455,Grower_42,2019,Verysusceptible,2.0,SE,A,1,094691-406575,0,0,7,6,4,0,0,0,0
HZ_12,Grower_253,Grower_95,2021,Susceptible,3.15,SE,SE,0,058668-411529,0,0,5,4,3,2,0,6,0
HZ_17,Grower_206,Grower_147,2021,Susceptible,1.9,E,E,0,114547-567384,0,0,1,0,0,0,0,1,0
HZ_22,Grower_64,Grower_31,2023,Tolerant,0.4,SE,E,0,225496-601116,0,0,8,0,4,0,0,5,0
HZ_23,Grower_303,Grower_36,2021,Verysusceptible,0.52,SE,SE,0,248763-599422,0,0,6,6,1,0,3,6,0
HZ_17,Grower_195,Grower_133,2020,Susceptible,1.2,SE,SE,0,118750-571420,0,0,8,3,4,0,0,0,0
HZ_24,Grower_283,Grower_81,2019,Tolerant,1.25,SE,A,0,171224-426371,0,0,0,0,0,0,0,0,0
HZ_51,Grower_223,Grower_66,2019,Susceptible,0.5,SE,SE,0,128229-536546,0,0,0,0,0,0,0,0,0
HZ_35,Grower_336,Grower_51,2022,Tolerant,0.42,SE,SE,0,176575-528005,0,0,8,1,3,2,8,8,0
HZ_3,Grower_177,Grower_93,2021,Tolerant,0.57,SE,SE,0,182496-522284,0,0,0,0,0,0,0,0,0
HZ_5,Grower_311,Grower_112,2020,Susceptible,1.76,SE,E,0,215630-588997,0,0,2,1,1,0,0,0,0
HZ_20,Grower_392,Grower_82,2020,Tolerant,1.88,SE,SE,0,173817-520081,0,0,0,0,0,0,0,0,0
HZ_35,Grower_27,Grower_51,2021,Tolerant,0.77,E,E,0,243497-609228,0,0,8,7,4,0,4,8,0
HZ_4,Grower_272,Grower_2,2023,Verysusceptible,2.0,SE,SE,0,090425-398427,0,0,2,0,2,0,0,3,0
HZ_35,Grower_147,Grower_51,2021,Tolerant,2.77,E,E,0,178266-535033,0,0,8,7,4,0,4,8,0
HZ_17,Grower_212,Grower_83,2020,Susceptible,0.19,PB3,-,0,133827-535183,0,0,8,0,3,0,0,0,0
HZ_3,Grower_167,Grower_94,2021,Tolerant,1.75,SE,A,0,186029-511819,0,0,0,0,0,0,0,0,0
HZ_19,Grower_6,Grower_24,2022,Verysusceptible,1.0,SE,E,0,264123-588309,0,0,2,0,1,0,1,3,1
HZ_12,Grower_199,Grower_125,2021,Susceptible,0.45,SE,SE,0,117419-565995,0,0,7,5,6,0,3,2,0
HZ_1,Grower_34,Grower_1,2022,Tolerant,0.15,SE,SE,0,245688-608189,0,0,1,1,0,0,0,0,0
HZ_3,Grower_234,Grower_18,2022,Tolerant,0.42,SE,SE,0,120403-516879,0,0,1,1,1,1,0,3,1
HZ_17,Grower_151,Grower_12,2019,Susceptible,1.7,SE,SE,0,177883-537871,0,0,5,2,2,0,0,0,0
HZ_3,Grower_316,Grower_2,2020,Tolerant,0.2,SE,-,0,225022-602474,0,0,2,0,1,0,0,0,0
HZ_37,Grower_274,Grower_44,2020,Tolerant,3.0,SE,SE,0,078906-400750,0,0,7,2,4,0,0,0,0
HZ_21,Grower_152,Grower_89,2022,Verysusceptible,1.0,SE,SE,0,176976-538176,0,0,1,0,1,0,0,3,1
HZ_1,Grower_157,Grower_71,2020,Tolerant,0.65,SE,SE,0,170709-528681,0,0,1,0,0,0,0,0,0
HZ_20,Grower_228,Grower_112,2021,Tolerant,4.7,E,E,0,113434-526227,0,0,8,4,6,2,0,2,1
HZ_29,Grower_291,Grower_132,2020,Tolerant,0.87,SE,E,0,236949-603533,0,0,4,1,1,0,1,0,0
HZ_20,Grower_282,Grower_82,2020,Tolerant,4.49,SE,E,0,234196-436394,0,0,1,0,0,1,0,0,0
HZ_12,Grower_305,Grower_15,2020,Susceptible,3.39,SE,A,0,253022-601985,0,0,0,0,0,0,0,0,0
HZ_20,Grower_83,Grower_116,2020,Tolerant,1.8,SE,E,0,193907-599350,0,0,1,1,0,0,0,0,0
HZ_16,Grower_282,Grower_1,2022,Susceptible,2.74,SE,SE,0,233678-435476,0,0,1,0,1,0,1,1,0
HZ_50,Grower_226,Grower_47,2021,Tolerant,0.3,SE,SE,0,126991-540384,0,0,8,4,6,0,0,8,4
HZ_5,Grower_45,Grower_8,2023,Susceptible,2.13,SE,A,0,213993-593154,0,0,1,0,0,0,0,0,0
HZ_46,Grower_203,Grower_33,2021,Susceptible,1.52,SE,SE,0,229990-436080,0,0,5,1,2,0,0,4,0
HZ_20,Grower_68,Grower_1,2020,Tolerant,1.51,SE,SE,0,118080-563487,0,0,7,1,3,0,0,0,0
HZ_2,Grower_255,Grower_81,2020,Tolerant,3.6,SE,SE,0,042498-370255,0,0,0,0,0,0,0,0,0
HZ_4,Grower_108,Grower_79,2023,Verysusceptible,1.4,E,E,0,182070-582545,0,0,2,1,1,0,0,0,0
HZ_3,Grower_40,Grower_113,2021,Tolerant,0.45,SE,SE,0,246871-604079,0,0,3,0,1,0,0,1,2
HZ_24,Grower_37,Grower_208,2019,Tolerant,0.39,SE,SE,0,246674-605626,0,0,4,2,2,0,0,0,0
HZ_35,Grower_336,Grower_40,2020,Tolerant,0.42,SE,SE,0,176885-528221,0,0,8,8,5,0,8,0,0
HZ_35,Grower_224,Grower_51,2022,Tolerant,4.52,E,E,0,128164-535392,0,0,7,3,3,0,7,7,0
HZ_10,Grower_10,Grower_17,2022,Tolerant,1.13,SE,E,0,262274-585569,0,0,0,0,0,0,0,0,0
HZ_20,Grower_195,Grower_1,2020,Tolerant,0.9,SE,SE,0,118801-570548,0,0,7,1,3,0,0,0,0
HZ_5,Grower_203,Grower_20,2021,Susceptible,1.18,SE,E,0,233630-436633,0,0,4,2,2,0,0,3,0
HZ_9,Grower_296,Grower_2,2022,Verysusceptible,0.9,SE,A,1,239677-601453,0,0,4,1,0,0,8,6,0
HZ_65,Grower_114,Grower_49,2019,Tolerant,0.4,SE,SE,0,168940-589478,0,0,4,2,2,0,0,0,0
HZ_65,Grower_319,Grower_49,2020,Tolerant,0.49,SE,-,0,212311-589487,0,0,6,0,2,0,0,0,0
HZ_17,Grower_208,Grower_42,2019,Susceptible,0.75,SE,A,1,128406-541840,0,0,8,1,3,0,0,0,0
HZ_3,Grower_166,Grower_52,2020,Tolerant,0.91,SE,SE,0,169104-500762,0,0,0,0,0,0,0,0,0
HZ_4,Grower_250,Grower_4,2023,Verysusceptible,4.1,SE,A,0,021101-371586,0,0,7,1,2,0,1,5,0
HZ_22,Grower_173,Grower_88,2019,Tolerant,0.7,SE,SE,0,183079-522601,0,0,2,1,1,0,0,0,0
HZ_16,Grower_282,Grower_17,2021,Susceptible,1.15,SE,AF,0,236598-435754,0,0,0,0,0,0,0,0,0
HZ_20,Grower_408,Grower_122,2019,Tolerant,1.3,SE,SE,0,246816-598729,0,0,8,3,4,0,1,0,0
HZ_24,Grower_37,Grower_208,2019,Tolerant,2.29,E,E,0,246674-605626,0,0,4,2,2,0,0,0,0
HZ_9,Grower_89,Grower_72,2023,Verysusceptible,3.22,SE,SE,0,200333-601318,0,0,3,0,2,0,0,0,0
HZ_3,Grower_108,Grower_33,2021,Tolerant,0.9,E,E,0,180912-585040,0,0,2,0,1,0,0,2,0
HZ_12,Grower_224,Grower_146,2020,Susceptible,0.95,SE,A,0,125092-533519,0,0,2,1,1,0,0,0,0
HZ_4,Grower_358,Grower_1,2022,Verysusceptible,0.4,SE,SE,0,098860-405361,0,0,2,1,1,0,1,6,0
HZ_17,Grower_351,Grower_52,2020,Susceptible,1.02,SE,A,1,133700-539334,0,0,8,4,6,0,0,0,0
HZ_19,Grower_14,Grower_22,2020,Verysusceptible,0.9,E,AF,0,257775-575552,0,0,5,4,3,1,0,0,0
HZ_4,Grower_161,Grower_66,2022,Verysusceptible,3.61,SE,SE,0,169773-508622,0,0,4,0,0,0,0,2,0
HZ_4,Grower_432,Grower_86,2020,Verysusceptible,3.2,SE,A,0,097866-452155,0,0,0,0,0,0,0,0,0
HZ_3,Grower_327,Grower_76,2020,Tolerant,0.88,SE,SE,0,187682-595296,0,0,5,3,3,0,0,0,0
HZ_20,Grower_89,Grower_116,2020,Tolerant,1.2,SE,SE,0,194318-600421,0,0,1,0,0,0,0,0,0
HZ_4,Grower_259,Grower_1,2022,Verysusceptible,0.41,E,E,0,049352-362924,0,0,2,0,1,0,1,6,0
HZ_2,Grower_259,Grower_81,2021,Tolerant,2.6,E,E,0,048849-365843,0,0,2,1,1,0,0,0,0
HZ_16,Grower_26,Grower_8,2022,Susceptible,1.15,E,E,0,239227-599621,0,0,3,1,1,1,0,8,1
HZ_20,Grower_218,Grower_116,2022,Tolerant,0.32,PB4,PB4,0,118014-536557,0,0,4,1,0,2,0,1,0
HZ_12,Grower_19,Grower_52,2021,Susceptible,1.2,SE,SE,0,243705-602241,0,0,8,4,6,2,3,3,0
HZ_4,Grower_259,Grower_9,2020,Verysusceptible,0.8,E,E,0,049337-361574,0,0,6,0,2,0,0,0,0
HZ_2,Grower_259,Grower_165,2021,Tolerant,1.6,SE,SE,0,048849-365843,0,0,5,2,2,0,0,2,0
HZ_37,Grower_122,Grower_44,2022,Tolerant,0.66,SE,-,0,175704-589858,0,0,2,0,0,0,0,2,0
HZ_4,Grower_161,Grower_1,2019,Verysusceptible,1.2,E,A,0,170298-504610,0,0,7,7,5,0,2,0,0
HZ_24,Grower_119,Grower_40,2020,Tolerant,0.9,SE,SE,0,174512-583078,0,0,4,1,1,0,0,0,0
HZ_5,Grower_249,Grower_83,2021,Susceptible,1.0,SE,SE,0,058022-363618,0,0,2,1,1,0,0,1,0
HZ_40,Grower_201,Grower_65,2023,Tolerant,2.2,SE,SE,0,089240-402167,0,0,0,0,0,0,0,0,0
HZ_3,Grower_330,Grower_42,2019,Tolerant,1.0,SE,A,0,174487-589823,0,0,2,1,1,0,0,0,0
HZ_3,Grower_133,Grower_42,2023,Tolerant,1.0,SE,SE,0,169637-586916,0,0,1,0,1,0,0,0,0
HZ_47,Grower_282,Grower_44,2023,Verysusceptible,0.61,SE,E,1,231087-436367,0,0,7,3,7,0,4,0,0
HZ_16,Grower_23,Grower_8,2022,Susceptible,1.39,SE,SE,0,239375-605412,0,0,3,1,1,1,0,8,1
HZ_3,Grower_222,Grower_65,2022,Tolerant,2.5,SE,SE,0,124172-540461,0,0,6,2,3,2,4,7,0
HZ_22,Grower_172,Grower_183,2019,Tolerant,1.4,SE,SE,0,187180-530339,0,0,0,0,0,0,0,0,0
HZ_34,Grower_19,Grower_113,2021,Verysusceptible,0.98,SE,E,1,243705-602241,0,0,4,1,1,0,0,4,1
HZ_24,Grower_64,Grower_24,2020,Tolerant,0.75,SE,-,0,225150-600654,0,0,1,1,0,0,0,0,0
HZ_5,Grower_8,Grower_20,2019,Susceptible,2.52,E,E,0,250174-596103,0,0,0,0,0,0,0,0,0
HZ_24,Grower_198,Grower_48,2022,Tolerant,0.75,SE,SE,0,117072-564066,0,0,4,7,2,2,5,7,2
HZ_43,Grower_202,Grower_18,2021,Tolerant,1.1,SE,SE,0,120705-571443,0,0,1,0,0,0,1,3,0
HZ_3,Grower_10,Grower_47,2019,Tolerant,1.75,SE,A,0,262179-585225,0,0,1,0,0,0,0,0,0
HZ_3,Grower_91,Grower_163,2019,Tolerant,1.05,SE,A,0,197730-599611,0,0,0,0,0,0,0,0,0
HZ_34,Grower_104,Grower_49,2023,Verysusceptible,0.75,SE,A,1,181675-593113,0,0,3,1,1,0,1,3,0
HZ_15,Grower_203,Grower_21,2023,Verysusceptible,0.27,SE,AF,0,230503-435690,0,0,5,0,4,0,0,0,0
HZ_88,Grower_203,Grower_10,2019,Susceptible,3.07,SE,SE,0,239288-436828,0,0,0,0,0,0,0,0,0
HZ_8,Grower_5,Grower_86,2020,Tolerant,1.42,E,E,0,250521-600644,0,0,0,0,0,0,0,0,0
HZ_27,Grower_322,Grower_68,2020,Tolerant,1.35,SE,SE,0,201918-599616,0,0,5,1,2,0,0,0,0
HZ_12,Grower_211,Grower_125,2020,Susceptible,2.02,E,E,0,130664-537393,0,0,0,0,0,0,0,0,0
HZ_5,Grower_428,Grower_83,2019,Susceptible,0.9,SE,A,0,135472-529162,0,0,0,0,0,0,0,0,0
HZ_5,Grower_252,Grower_20,2019,Susceptible,3.4,E,E,0,056052-373514,0,0,0,0,0,0,0,0,0
HZ_38,Grower_351,Grower_4,2020,Tolerant,1.49,E,E,0,132927-538847,0,0,0,0,0,0,0,0,0
HZ_51,Grower_290,Grower_5,2021,Susceptible,1.0,E,E,0,244171-599052,0,0,1,0,0,1,0,0,0
HZ_1,Grower_157,Grower_82,2019,Tolerant,0.75,SE,SE,0,170774-528288,0,0,0,0,0,0,0,0,0
HZ_20,Grower_230,Grower_51,2023,Tolerant,2.5,SE,-,0,124410-536352,0,0,8,2,2,1,1,8,0
HZ_5,Grower_244,Grower_90,2022,Susceptible,0.5,SE,AF,1,049418-370826,0,0,2,0,1,3,0,5,0
HZ_52,Grower_319,Grower_113,2022,Tolerant,2.55,SE,SE,0,212447-589135,0,0,1,0,0,1,0,3,0
HZ_3,Grower_160,Grower_82,2023,Tolerant,0.6,SE,A,0,180527-500834,0,0,3,0,2,0,0,1,0
HZ_5,Grower_91,Grower_5,2023,Susceptible,1.32,PB4,-,0,196069-599735,0,0,0,0,0,0,0,0,0
HZ_5,Grower_3,Grower_5,2020,Susceptible,2.88,SE,E,0,246891-592806,0,0,0,0,0,0,0,0,0
HZ_20,Grower_94,Grower_58,2023,Tolerant,0.75,SE,E,0,185168-596559,0,0,0,0,0,0,0,0,0
HZ_5,Grower_91,Grower_61,2019,Susceptible,3.0,SE,E,0,195430-599721,0,0,8,1,3,0,0,0,0
HZ_17,Grower_93,Grower_58,2023,Susceptible,0.8,SE,SE,0,180196-592961,0,0,0,0,0,0,0,0,0
HZ_29,Grower_182,Grower_18,2021,Tolerant,3.9,SE,E,0,190193-529076,0,0,1,0,0,0,0,0,1
HZ_4,Grower_32,Grower_4,2023,Verysusceptible,0.53,SE,SE,0,242655-601958,0,0,7,1,2,0,1,5,0
HZ_39,Grower_105,Grower_42,2022,Tolerant,1.0,PB4,SE,0,119370-570193,0,0,5,0,0,3,5,3,0
HZ_61,Grower_374,Grower_168,2019,Susceptible,3.7,SE,E,1,098928-471540,0,0,0,0,0,0,0,0,0
HZ_20,Grower_89,Grower_116,2020,Tolerant,3.4,SE,SE,0,194085-600465,0,0,1,0,0,0,0,0,0
HZ_35,Grower_224,Grower_48,2023,Tolerant,1.58,E,E,0,128020-535505,0,0,6,1,0,1,0,1,0
HZ_3,Grower_234,Grower_74,2019,Tolerant,0.5,SE,E,0,119533-521883,0,0,0,0,0,0,0,0,0
HZ_5,Grower_172,Grower_86,2022,Susceptible,2.8,SE,E,0,186815-529869,0,0,0,0,0,0,0,0,0
HZ_39,Grower_141,Grower_36,2019,Tolerant,2.6,E,E,0,158989-580649,0,0,7,2,4,0,1,0,0
HZ_31,Grower_273,Grower_58,2020,Tolerant,0.88,SE,SE,0,089140-397482,0,0,4,1,1,0,0,0,0
HZ_46,Grower_187,Grower_75,2023,Susceptible,2.07,SE,E,1,061167-372484,0,0,0,0,0,0,0,0,0
HZ_49,Grower_161,Grower_131,2022,Susceptible,3.4,E,E,0,159394-490479,0,0,0,0,0,0,0,0,0
HZ_20,Grower_208,Grower_2,2022,Tolerant,0.7,SE,SE,0,128172-541730,0,0,4,0,1,0,0,3,0
HZ_20,Grower_102,Grower_76,2021,Tolerant,6.6,S,S,0,181987-593878,0,0,8,5,2,0,2,5,0
HZ_7,Grower_301,Grower_59,2020,Tolerant,2.72,SE,SE,0,252408-603064,0,0,3,2,1,0,0,0,0
HZ_4,Grower_248,Grower_52,2020,Verysusceptible,2.33,SE,E,0,061692-368345,0,0,5,0,2,0,1,0,0
HZ_20,Grower_46,Grower_112,2021,Tolerant,1.64,SE,E,1,224509-593659,0,0,8,2,3,0,0,3,0
HZ_4,Grower_277,Grower_2,2022,Verysusceptible,2.1,SE,SE,0,076543-397043,0,0,6,1,2,4,4,8,0
HZ_17,Grower_322,Grower_65,2021,Susceptible,0.4,SE,SE,0,202629-600448,0,0,7,1,3,0,1,6,0
HZ_3,Grower_150,Grower_86,2021,Tolerant,1.32,SE,SE,0,176421-530873,0,0,0,0,0,0,0,0,0
HZ_17,Grower_93,Grower_40,2019,Susceptible,0.75,SE,SE,0,188005-595690,0,0,8,8,5,0,4,0,0
HZ_24,Grower_330,Grower_40,2021,Tolerant,1.07,SE,SE,0,174588-589386,0,0,7,4,4,0,0,1,1
HZ_27,Grower_156,Grower_16,2023,Tolerant,0.9,SE,SE,0,176758-534829,0,0,0,0,0,0,0,1,0
HZ_5,Grower_300,Grower_47,2021,Susceptible,2.97,E,A,1,243833-605570,0,0,1,1,0,0,0,1,0
HZ_12,Grower_129,Grower_52,2020,Susceptible,1.45,SE,SE,0,157606-552875,0,0,7,1,3,0,0,0,0
HZ_13,Grower_360,Grower_153,2019,Tolerant,0.7,E,E,0,270130-574015,0,0,1,1,0,0,0,0,0
HZ_38,Grower_195,Grower_115,2022,Tolerant,1.2,SE,E,0,118505-571030,0,0,4,0,0,0,1,2,0
HZ_20,Grower_204,Grower_147,2021,Tolerant,0.9,SE,SE,0,118642-563612,0,0,6,4,3,0,0,2,1
HZ_22,Grower_72,Grower_17,2023,Tolerant,0.7,SE,SE,0,223613-597953,0,0,3,0,0,0,0,1,0
HZ_4,Grower_225,Grower_17,2019,Verysusceptible,0.53,SE,-,1,131754-537517,0,0,8,6,6,0,0,0,0
HZ_31,Grower_240,Grower_58,2020,Tolerant,1.6,SE,SE,0,029005-376683,0,0,0,0,0,0,0,0,0
HZ_3,Grower_186,Grower_48,2019,Tolerant,0.5,SE,A,0,175571-517334,0,0,8,0,3,0,0,0,0
HZ_12,Grower_218,Grower_146,2021,Susceptible,1.78,E,E,0,117679-538966,0,0,3,0,1,0,0,2,0
HZ_3,Grower_77,Grower_53,2022,Tolerant,1.47,SE,SE,0,205037-599413,0,0,6,2,0,0,0,7,0
HZ_42,Grower_283,Grower_66,2021,Verysusceptible,4.0,SE,SE,0,172903-426579,0,0,4,2,2,0,0,4,0
HZ_3,Grower_364,Grower_113,2020,Tolerant,1.7,SE,E,0,245782-607638,0,0,3,0,1,0,0,0,0
HZ_14,Grower_35,Grower_7,2021,Susceptible,0.8,E,E,0,246369-606380,0,0,8,0,3,0,0,1,0
HZ_3,Grower_8,Grower_2,2022,Tolerant,2.18,E,E,0,247398-595950,0,0,3,0,0,0,1,2,0
HZ_17,Grower_106,Grower_47,2021,Susceptible,2.4,E,E,0,130105-532526,0,0,5,0,2,0,1,4,0
HZ_20,Grower_344,Grower_82,2022,Tolerant,1.0,SE,SE,0,183627-523621,0,0,2,1,1,1,0,1,1
HZ_33,Grower_143,Grower_179,2019,Tolerant,0.78,E,A,1,177850-519778,0,0,0,0,0,0,0,0,0
HZ_4,Grower_250,Grower_1,2023,Verysusceptible,4.45,SE,E,0,021101-371586,0,0,0,0,0,0,0,0,0
HZ_23,Grower_14,Grower_32,2020,Verysusceptible,2.1,E,AF,0,257775-575552,0,0,8,8,5,0,0,0,0
HZ_9,Grower_244,Grower_67,2022,Verysusceptible,0.75,SE,SE,0,048654-369257,0,0,6,7,1,0,0,4,0
HZ_20,Grower_372,Grower_49,2020,Tolerant,0.6,E,E,0,132834-537877,0,0,8,2,3,0,0,0,0
HZ_5,Grower_99,Grower_20,2021,Susceptible,1.27,E,E,0,174717-587901,0,0,8,0,3,0,0,2,0
HZ_11,Grower_138,Grower_19,2023,Tolerant,0.85,SE,-,0,172309-582232,0,0,1,0,1,0,0,0,0
HZ_8,Grower_175,Grower_114,2019,Tolerant,1.5,SE,SE,0,184274-528119,0,0,2,0,1,0,0,0,0
HZ_19,Grower_286,Grower_24,2020,Verysusceptible,1.29,SE,E,0,253922-600198,0,0,4,1,1,0,0,0,0
HZ_1,Grower_275,Grower_71,2021,Tolerant,1.15,SE,A,0,096375-406072,0,0,6,5,5,0,0,3,0
HZ_4,Grower_255,Grower_1,2020,Verysusceptible,2.1,SE,E,1,043028-368782,0,0,8,3,4,0,7,0,0
HZ_47,Grower_255,Grower_167,2019,Verysusceptible,0.6,E,A,1,044819-369813,0,0,0,0,0,0,0,0,0
HZ_23,Grower_143,Grower_30,2023,Verysusceptible,2.52,SE,A,0,180600-526962,0,0,6,1,6,0,0,4,0
HZ_2,Grower_275,Grower_2,2019,Tolerant,3.5,SE,SE,0,102049-411308,0,0,2,0,1,0,0,0,0
HZ_12,Grower_236,Grower_15,2021,Susceptible,3.6,E,E,0,136466-524504,0,0,5,0,2,0,0,3,0
HZ_12,Grower_15,Grower_125,2020,Susceptible,2.13,E,A,0,241140-606780,0,0,0,0,0,0,0,0,0
HZ_13,Grower_10,Grower_22,2023,Tolerant,0.88,SE,E,0,261144-586036,0,0,6,2,5,1,0,2,0
HZ_15,Grower_259,Grower_21,2022,Verysusceptible,0.9,SE,E,0,052479-362539,0,0,5,1,4,0,1,4,1
HZ_47,Grower_282,Grower_44,2020,Verysusceptible,2.49,SE,E,0,231746-440938,0,0,8,0,3,0,0,0,0
HZ_3,Grower_119,Grower_52,2022,Tolerant,0.92,SE,SE,0,175413-582870,0,0,0,0,0,0,0,1,0
HZ_1,Grower_233,Grower_82,2020,Tolerant,1.9,E,E,0,122487-531758,0,0,1,0,0,0,0,0,0
HZ_20,Grower_199,Grower_1,2022,Tolerant,2.55,E,A,1,117264-563880,0,0,4,1,1,0,1,6,0
HZ_17,Grower_95,Grower_32,2021,Susceptible,1.59,PB4,PB4,0,184016-593248,0,0,8,2,3,0,1,0,1
HZ_38,Grower_351,Grower_4,2020,Tolerant,1.9,E,E,0,131747-540052,0,0,0,0,0,0,0,0,0
HZ_5,Grower_54,Grower_8,2019,Susceptible,2.4,SE,SE,0,217733-594162,0,0,2,2,0,0,0,0,0
HZ_1,Grower_314,Grower_1,2020,Tolerant,0.98,SE,SE,0,252640-599532,0,0,3,0,1,0,0,0,0
HZ_46,Grower_115,Grower_49,2022,Susceptible,0.98,PB4,E,1,182765-593881,0,0,4,2,0,0,0,6,0
HZ_30,Grower_114,Grower_75,2023,Verysusceptible,1.15,E,E,0,170168-590094,0,0,6,1,1,0,0,2,0
HZ_24,Grower_77,Grower_40,2021,Tolerant,0.91,SE,A,0,205538-599709,0,0,7,4,4,0,0,1,1
HZ_4,Grower_303,Grower_188,2020,Verysusceptible,0.61,PB3,PB3,0,247747-600217,0,0,0,0,0,0,0,0,0
HZ_65,Grower_117,Grower_198,2019,Tolerant,0.55,E,A,0,167810-588481,0,0,6,4,3,0,0,0,0
HZ_3,Grower_71,Grower_2,2019,Tolerant,3.0,SE,SE,0,228459-602721,0,0,1,1,0,0,0,0,0
HZ_14,Grower_312,Grower_29,2020,Susceptible,6.0,SE,SE,0,090363-402686,0,0,1,0,0,0,0,0,0
HZ_65,Grower_186,Grower_104,2021,Tolerant,1.6,SE,SE,0,173845-514472,0,0,4,4,2,0,0,0,0
HZ_16,Grower_353,Grower_17,2021,Susceptible,2.9,SE,SE,0,180443-550535,0,0,0,0,0,0,0,0,0
HZ_3,Grower_200,Grower_32,2021,Tolerant,0.75,PB4,PB4,0,117499-571505,0,0,5,0,2,0,0,5,0
HZ_46,Grower_203,Grower_3,2020,Susceptible,0.94,SE,E,0,234289-436450,0,0,2,0,1,0,0,0,0
HZ_3,Grower_143,Grower_82,2021,Tolerant,1.28,SE,SE,0,177471-519491,0,0,2,0,1,0,0,0,0
HZ_3,Grower_342,Grower_88,2022,Tolerant,0.4,E,A,0,187656-517269,0,0,1,2,0,0,0,3,0
HZ_20,Grower_236,Grower_82,2022,Tolerant,2.5,E,E,0,145000-525221,0,0,2,1,1,1,0,1,1
HZ_9,Grower_135,Grower_72,2023,Verysusceptible,1.0,SE,SE,0,157663-570177,0,0,3,0,2,0,0,0,0
HZ_14,Grower_301,Grower_29,2022,Susceptible,3.21,SE,SE,0,249442-606548,0,0,2,0,1,0,0,1,0
HZ_17,Grower_213,Grower_52,2020,Susceptible,2.0,E,AF,0,134766-543387,0,0,5,3,3,0,0,0,0
HZ_37,Grower_281,Grower_55,2019,Tolerant,3.0,SE,SE,0,076870-401368,0,0,5,0,2,0,0,0,0
HZ_2,Grower_154,Grower_81,2023,Tolerant,0.47,SE,E,0,171541-532865,0,0,0,0,0,0,0,0,0
HZ_4,Grower_91,Grower_64,2020,Verysusceptible,1.88,SE,SE,0,197483-598422,0,0,4,0,1,0,0,0,0
HZ_4,Grower_108,Grower_80,2022,Verysusceptible,2.12,E,E,0,180740-584983,0,0,8,6,8,0,0,2,0
HZ_17,Grower_9,Grower_22,2020,Susceptible,1.08,E,E,0,261943-580129,0,0,7,8,5,2,0,0,0
HZ_12,Grower_65,Grower_36,2022,Susceptible,1.21,SE,A,1,226658-603555,0,0,4,5,2,0,4,4,1
HZ_31,Grower_203,Grower_29,2022,Tolerant,1.41,SE,SE,0,229999-431639,0,0,2,2,1,0,2,2,1
HZ_5,Grower_236,Grower_5,2023,Susceptible,2.0,E,E,0,139455-521532,0,0,0,0,0,0,0,0,0
HZ_5,Grower_277,Grower_112,2020,Susceptible,3.1,SE,A,0,075804-392832,0,0,7,7,5,0,0,0,0
HZ_20,Grower_112,Grower_76,2020,Tolerant,0.48,SE,SE,0,167189-588300,0,0,7,4,4,0,0,0,0
HZ_20,Grower_287,Grower_28,2020,Tolerant,1.37,SE,SE,0,248558-606922,0,0,2,1,1,0,0,0,0
HZ_20,Grower_212,Grower_83,2019,Tolerant,0.3,PB3,-,0,133917-535933,0,0,5,4,3,1,0,0,0
HZ_36,Grower_90,Grower_53,2021,Tolerant,0.8,SE,SE,0,197771-600736,0,0,0,0,0,0,0,1,0
HZ_46,Grower_201,Grower_75,2020,Susceptible,1.8,SE,SE,0,088948-402608,0,0,0,0,0,0,0,0,0
HZ_3,Grower_261,Grower_49,2019,Tolerant,1.7,SE,A,0,058763-413180,0,0,2,2,0,0,0,0,0
HZ_5,Grower_203,Grower_86,2023,Susceptible,0.56,SE,SE,0,229875-433241,0,0,0,0,0,0,0,0,0
HZ_20,Grower_290,Grower_99,2022,Tolerant,0.7,E,E,0,243665-598868,0,0,1,0,0,0,1,3,0
HZ_24,Grower_260,Grower_48,2020,Tolerant,0.6,SE,E,0,058723-378924,0,0,2,0,1,0,0,0,0
HZ_11,Grower_202,Grower_12,2021,Tolerant,1.37,SE,SE,0,120705-571443,0,0,0,0,0,0,0,0,0
HZ_12,Grower_187,Grower_2,2022,Susceptible,0.6,PB3,A,0,061737-372150,0,0,1,0,0,0,1,0,0
HZ_43,Grower_75,Grower_65,2021,Tolerant,1.85,SE,E,1,198690-600194,0,0,6,1,2,0,1,2,0
HZ_24,Grower_179,Grower_48,2019,Tolerant,2.08,PB3,PB3,0,180816-523200,0,0,8,6,6,0,0,0,0
HZ_37,Grower_63,Grower_44,2019,Tolerant,3.46,SE,E,1,228440-598830,0,0,6,1,2,0,0,0,0
HZ_4,Grower_209,Grower_2,2020,Verysusceptible,1.4,E,A,0,131455-532095,0,0,6,4,3,0,2,0,0
HZ_56,Grower_151,Grower_22,2020,Susceptible,2.7,SE,SE,0,169370-545445,0,0,5,0,2,0,0,0,0
HZ_3,Grower_96,Grower_68,2021,Tolerant,0.5,SE,SE,0,182657-590058,0,0,2,0,1,0,0,0,0
HZ_3,Grower_16,Grower_18,2021,Tolerant,0.9,SE,SE,0,244817-600553,0,0,0,0,0,0,0,0,0
HZ_22,Grower_245,Grower_88,2023,Tolerant,1.3,SE,SE,0,031065-373344,0,0,0,0,0,0,0,0,0
HZ_20,Grower_148,Grower_86,2021,Tolerant,1.05,SE,E,1,176008-528718,0,0,7,3,5,0,0,4,0
HZ_5,Grower_203,Grower_47,2022,Susceptible,0.68,SE,A,0,229984-438512,0,0,0,0,0,0,0,0,0
HZ_5,Grower_203,Grower_20,2021,Susceptible,0.24,SE,SE,0,233076-434410,0,0,4,2,2,0,0,3,0
HZ_17,Grower_214,Grower_147,2021,Susceptible,0.32,E,E,0,131102-544233,0,0,1,0,0,0,0,1,0
HZ_3,Grower_46,Grower_36,2019,Tolerant,1.05,SE,SE,0,218539-590571,0,0,2,1,1,0,0,0,0
HZ_17,Grower_87,Grower_58,2023,Susceptible,0.5,SE,SE,0,203837-592279,0,0,0,0,0,0,0,0,0
HZ_20,Grower_155,Grower_12,2022,Tolerant,1.85,E,E,0,173170-524392,0,0,4,1,2,0,1,4,0
HZ_20,Grower_148,Grower_71,2023,Tolerant,1.6,SE,A,0,175982-529800,0,0,1,0,0,0,0,0,0
HZ_36,Grower_101,Grower_53,2021,Tolerant,2.6,SE,SE,0,186771-595662,0,0,0,0,0,0,0,1,0
HZ_3,Grower_11,Grower_53,2022,Tolerant,1.72,E,E,0,251089-599786,0,0,0,0,0,0,0,0,0
HZ_4,Grower_129,Grower_61,2020,Verysusceptible,1.5,SE,SE,0,159112-578959,0,0,5,0,2,1,0,0,0
HZ_3,Grower_154,Grower_42,2021,Tolerant,0.33,E,E,0,172007-533644,0,0,2,1,1,0,0,0,0
HZ_20,Grower_311,Grower_1,2020,Tolerant,5.31,SE,SE,0,218092-591614,0,0,5,0,2,0,0,0,0
HZ_4,Grower_303,Grower_1,2020,Verysusceptible,1.63,SE,A,1,247747-600217,0,0,6,2,2,0,3,0,0
HZ_16,Grower_174,Grower_8,2021,Susceptible,1.29,SE,SE,0,050639-370150,0,0,4,0,1,0,0,1,0
HZ_17,Grower_114,Grower_133,2019,Susceptible,1.15,SE,SE,0,175520-591092,0,0,8,7,4,0,4,0,0
HZ_3,Grower_34,Grower_3,2023,Tolerant,0.52,SE,A,0,246791-606984,0,0,0,0,0,0,0,0,0
HZ_17,Grower_99,Grower_68,2020,Susceptible,3.0,SE,A,1,187562-595415,0,0,8,7,4,0,0,0,0
HZ_4,Grower_32,Grower_2,2022,Verysusceptible,0.54,SE,SE,0,242881-601929,0,0,6,1,2,4,4,8,0
HZ_17,Grower_195,Grower_42,2022,Susceptible,2.3,E,E,0,120435-567893,0,0,2,1,1,1,1,2,0
HZ_43,Grower_206,Grower_18,2020,Tolerant,1.65,E,E,0,115368-568350,0,0,0,0,0,0,0,0,0
HZ_9,Grower_255,Grower_67,2023,Verysusceptible,1.6,SE,SE,0,043838-368414,0,0,3,0,3,0,0,0,0
HZ_1,Grower_122,Grower_1,2021,Tolerant,1.0,SE,-,0,174916-589672,0,0,8,3,4,0,0,8,0
HZ_43,Grower_342,Grower_18,2022,Tolerant,2.04,E,A,0,187843-520936,0,0,4,1,1,1,1,2,1
HZ_5,Grower_141,Grower_61,2020,Susceptible,0.54,SE,SE,0,159519-580492,0,0,1,0,0,1,0,0,0
HZ_4,Grower_85,Grower_64,2019,Verysusceptible,0.45,SE,A,1,214000-594104,0,0,7,4,4,1,1,0,0
HZ_14,Grower_252,Grower_29,2020,Susceptible,1.9,SE,SE,0,051110-372451,0,0,1,0,0,0,0,0,0
HZ_16,Grower_282,Grower_1,2023,Susceptible,3.33,SE,E,0,230058-431814,0,0,3,0,2,0,0,0,0
HZ_27,Grower_87,Grower_68,2020,Tolerant,0.5,PB3,E,0,204755-592368,0,0,6,2,2,0,0,0,0
HZ_17,Grower_60,Grower_93,2021,Susceptible,1.0,SE,SE,0,173563-517036,0,0,0,0,0,0,0,0,0
HZ_3,Grower_89,Grower_163,2020,Tolerant,3.2,SE,A,0,196854-601053,0,0,6,0,2,0,0,0,0
HZ_3,Grower_408,Grower_113,2019,Tolerant,2.4,SE,SE,0,246816-598729,0,0,0,0,0,0,0,0,0
HZ_12,Grower_263,Grower_95,2020,Susceptible,2.12,SE,SE,0,037241-370259,0,0,0,0,0,0,0,0,0
HZ_4,Grower_284,Grower_1,2020,Verysusceptible,3.4,SE,A,0,085354-401271,0,0,6,2,2,0,3,0,0
HZ_35,Grower_209,Grower_48,2023,Tolerant,0.9,S,AF,0,132486-534789,0,0,6,2,2,1,3,4,0
HZ_20,Grower_68,Grower_90,2021,Tolerant,0.27,PB4,-,0,118088-563323,0,0,0,0,0,0,0,0,0
HZ_3,Grower_152,Grower_82,2021,Tolerant,0.89,SE,E,0,173933-532470,0,0,2,0,1,0,0,0,0
HZ_2,Grower_275,Grower_81,2020,Tolerant,2.55,SE,SE,0,078414-402955,0,0,0,0,0,0,0,0,0
HZ_22,Grower_164,Grower_88,2020,Tolerant,1.75,SE,SE,0,153117-482837,0,0,3,0,1,0,0,0,0
HZ_20,Grower_236,Grower_98,2023,Tolerant,4.2,E,A,0,135986-527480,0,0,6,0,7,0,1,5,0
HZ_21,Grower_53,Grower_28,2022,Verysusceptible,1.2,E,E,0,220139-588221,0,0,6,4,4,0,0,8,0
HZ_3,Grower_134,Grower_42,2022,Tolerant,0.82,SE,A,0,171055-581068,0,0,1,0,0,0,1,1,0
HZ_65,Grower_2,Grower_49,2019,Tolerant,0.7,SE,E,0,251288-602931,0,0,4,2,2,0,0,0,0
HZ_36,Grower_134,Grower_11,2023,Tolerant,0.98,E,E,0,171309-581057,0,0,8,1,4,0,0,3,0
HZ_3,Grower_71,Grower_2,2019,Tolerant,2.8,SE,SE,0,228749-602715,0,0,1,1,0,0,0,0,0
HZ_43,Grower_23,Grower_18,2020,Tolerant,0.6,SE,SE,0,239197-606616,0,0,1,0,0,0,0,0,0
HZ_3,Grower_180,Grower_2,2022,Tolerant,0.4,SE,E,0,180368-537367,0,0,2,0,0,0,0,3,0
HZ_3,Grower_261,Grower_2,2020,Tolerant,5.7,SE,A,0,057321-412268,0,0,5,0,2,0,0,0,0
HZ_13,Grower_27,Grower_34,2021,Tolerant,2.03,SE,SE,0,243194-607773,0,0,0,0,0,0,0,0,0
HZ_17,Grower_66,Grower_50,2023,Susceptible,0.49,SE,SE,0,229364-597888,0,0,8,6,6,7,0,4,0
HZ_3,Grower_151,Grower_82,2022,Tolerant,4.2,SE,SE,0,168964-544745,0,0,1,0,1,0,0,0,0
HZ_4,Grower_261,Grower_1,2022,Verysusceptible,1.1,SE,SE,0,050172-416078,0,0,1,0,0,0,1,4,0
HZ_20,Grower_148,Grower_112,2021,Tolerant,1.3,SE,SE,0,176024-530043,0,0,8,2,3,0,0,3,0
HZ_2,Grower_275,Grower_2,2020,Tolerant,2.45,SE,SE,0,078414-402955,0,0,0,0,0,0,0,0,0
HZ_47,Grower_322,Grower_167,2021,Verysusceptible,1.3,SE,A,1,202432-601116,0,0,7,7,5,0,2,7,0
HZ_4,Grower_219,Grower_17,2019,Verysusceptible,1.9,SE,SE,0,122211-536594,0,0,8,6,6,0,0,0,0
HZ_1,Grower_122,Grower_71,2020,Tolerant,0.9,SE,-,0,175322-588776,0,0,1,0,0,0,0,0,0
HZ_46,Grower_275,Grower_99,2019,Susceptible,2.0,E,A,0,085851-399048,0,0,4,1,1,0,0,0,0
HZ_27,Grower_137,Grower_2,2022,Tolerant,1.7,E,E,0,165788-581460,0,0,2,1,1,0,1,1,1
HZ_20,Grower_186,Grower_82,2019,Tolerant,1.05,SE,SE,0,175571-517334,0,0,1,1,0,0,0,0,0
HZ_20,Grower_89,Grower_116,2022,Tolerant,0.96,PB3,PB3,0,197876-601624,0,0,4,1,1,1,0,1,0
HZ_13,Grower_247,Grower_40,2020,Tolerant,1.5,SE,SE,0,038341-373159,0,0,5,1,2,0,2,0,0
HZ_8,Grower_236,Grower_9,2023,Tolerant,4.0,E,A,0,135324-522196,0,0,4,0,3,0,0,0,0
HZ_20,Grower_220,Grower_49,2020,Tolerant,1.19,SE,E,0,129585-543768,0,0,8,2,3,0,0,0,0
HZ_39,Grower_141,Grower_133,2019,Tolerant,1.5,E,E,0,158989-580649,0,0,1,0,0,0,3,0,0
HZ_4,Grower_255,Grower_90,2022,Verysusceptible,2.8,SE,E,0,045389-370555,0,0,8,7,3,2,0,1,0
HZ_5,Grower_54,Grower_47,2020,Susceptible,2.75,SE,SE,0,218006-593949,0,0,0,0,0,0,0,0,0
HZ_55,Grower_162,Grower_31,2021,Tolerant,0.69,SE,SE,0,165557-491267,0,0,8,3,4,0,0,3,0
HZ_17,Grower_332,Grower_42,2021,Susceptible,1.1,SE,A,0,177730-592592,0,0,0,0,0,0,0,0,0
HZ_2,Grower_282,Grower_2,2020,Tolerant,0.29,SE,SE,0,233300-441116,0,0,1,0,0,0,0,0,0
HZ_22,Grower_150,Grower_82,2020,Tolerant,1.52,SE,SE,0,176720-532198,0,0,2,0,1,0,0,0,0
HZ_55,Grower_376,Grower_64,2020,Tolerant,0.3,PB4,SE,0,204388-593260,0,0,0,0,0,0,0,0,0
HZ_20,Grower_28,Grower_1,2022,Tolerant,2.75,SE,E,1,246707-597886,0,0,2,1,0,0,0,2,0
HZ_22,Grower_266,Grower_88,2021,Tolerant,0.9,SE,SE,0,047837-395667,0,0,3,1,1,0,0,0,0
HZ_24,Grower_18,Grower_24,2022,Tolerant,0.34,SE,SE,0,233532-601316,0,0,6,6,1,0,0,2,0
HZ_5,Grower_15,Grower_47,2021,Susceptible,2.15,E,E,0,239855-605880,0,0,1,1,0,0,0,1,0
HZ_35,Grower_279,Grower_201,2019,Tolerant,3.0,SE,A,0,084455-397955,0,0,8,8,5,0,4,0,0
HZ_55,Grower_236,Grower_64,2020,Tolerant,0.75,SE,E,0,137308-525122,0,0,0,0,0,0,0,0,0
HZ_43,Grower_109,Grower_61,2020,Tolerant,0.83,SE,SE,0,177112-589181,0,0,4,0,1,0,0,0,0
HZ_15,Grower_259,Grower_21,2020,Verysusceptible,1.2,SE,SE,0,049846-362075,0,0,0,0,0,0,0,0,0
HZ_3,Grower_197,Grower_83,2020,Tolerant,0.35,PB3,-,0,118181-564763,0,0,2,0,1,0,1,0,0
HZ_4,Grower_270,Grower_16,2023,Verysusceptible,3.23,SE,A,0,086079-403834,0,0,1,0,0,0,0,4,0
HZ_23,Grower_328,Grower_32,2022,Verysusceptible,1.95,SE,SE,0,184453-594216,0,0,8,0,0,0,2,1,0
HZ_12,Grower_244,Grower_95,2021,Susceptible,0.75,SE,E,0,048033-368081,0,0,5,4,3,2,0,6,0
HZ_4,Grower_175,Grower_1,2022,Verysusceptible,3.9,SE,AF,0,189395-515697,0,0,2,0,1,0,1,6,0
HZ_30,Grower_42,Grower_1,2023,Verysusceptible,1.1,PB4,PB4,0,247851-600868,0,0,0,0,0,0,0,0,0
HZ_4,Grower_225,Grower_80,2022,Verysusceptible,3.2,E,E,0,131704-537108,0,0,8,6,8,0,0,2,0
HZ_11,Grower_263,Grower_9,2020,Tolerant,1.1,SE,E,0,037146-371142,0,0,6,2,2,0,1,0,0
HZ_20,Grower_425,Grower_83,2020,Tolerant,0.8,SE,B,0,118403-565415,0,0,4,0,1,0,0,0,0
HZ_3,Grower_205,Grower_112,2021,Tolerant,1.2,SE,AF,0,117037-571117,0,0,1,0,0,0,0,1,0
HZ_3,Grower_119,Grower_52,2021,Tolerant,0.72,SE,SE,0,175703-582656,0,0,0,0,0,0,0,0,0
HZ_20,Grower_324,Grower_76,2019,Tolerant,0.8,SE,SE,0,190436-598920,0,0,8,2,3,0,0,0,0
HZ_64,Grower_261,Grower_49,2021,Tolerant,2.0,SE,A,0,057608-412893,0,0,0,0,0,0,0,0,0
HZ_24,Grower_68,Grower_40,2021,Tolerant,0.46,SE,SE,0,117984-563252,0,0,7,4,4,0,0,1,1
HZ_3,Grower_56,Grower_16,2023,Tolerant,0.56,E,E,0,225869-592390,0,0,0,0,0,0,0,0,0
HZ_17,Grower_316,Grower_50,2022,Susceptible,1.67,SE,SE,0,228459-597219,0,0,8,5,8,6,3,8,2
HZ_24,Grower_37,Grower_24,2022,Tolerant,0.9,SE,SE,0,246669-605636,0,0,6,6,1,0,0,2,0
HZ_12,Grower_224,Grower_6,2023,Susceptible,0.48,SE,SE,0,127922-535223,0,0,8,0,7,2,0,8,0
HZ_12,Grower_178,Grower_146,2020,Susceptible,0.65,SE,A,0,182697-529456,0,0,2,1,1,0,0,0,0
HZ_3,Grower_446,Grower_86,2019,Tolerant,4.07,SE,SE,0,177934-532605,0,0,0,0,0,0,0,0,0
HZ_20,Grower_334,Grower_40,2022,Tolerant,2.01,E,A,0,182455-594403,0,0,5,1,2,0,1,0,0
HZ_20,Grower_46,Grower_28,2020,Tolerant,1.98,E,E,0,224305-593746,0,0,2,1,1,0,0,0,0
HZ_3,Grower_423,Grower_18,2019,Tolerant,1.72,SE,A,0,169749-507908,0,0,1,1,0,0,0,0,0
HZ_22,Grower_341,Grower_88,2019,Tolerant,2.48,E,E,0,169414-508490,0,0,4,3,2,0,2,0,0
HZ_51,Grower_314,Grower_132,2021,Susceptible,1.4,E,E,0,253591-600087,0,0,7,5,6,1,3,6,1
HZ_24,Grower_205,Grower_81,2020,Tolerant,0.2,SE,A,0,120739-565793,0,0,0,0,0,0,0,0,0
HZ_3,Grower_108,Grower_44,2020,Tolerant,1.1,SE,A,0,181129-584806,0,0,4,1,1,0,0,0,0
HZ_20,Grower_83,Grower_116,2020,Tolerant,4.0,SE,SE,0,193010-598049,0,0,1,1,0,0,0,0,0
HZ_20,Grower_40,Grower_11,2019,Tolerant,0.3,SE,AF,0,247424-603327,0,0,4,1,1,0,1,0,0
HZ_37,Grower_44,Grower_59,2020,Tolerant,1.26,SE,SE,0,230792-602093,0,0,0,0,0,0,0,0,0
HZ_20,Grower_206,Grower_83,2020,Tolerant,1.4,E,E,0,121170-565512,0,0,4,1,1,0,0,0,0
HZ_37,Grower_13,Grower_55,2019,Tolerant,0.58,SE,SE,0,247357-593435,0,0,0,0,0,0,0,0,0
HZ_20,Grower_228,Grower_36,2023,Tolerant,1.65,SE,E,0,124918-544517,0,0,4,0,3,0,0,2,0
HZ_4,Grower_201,Grower_205,2019,Verysusceptible,2.2,SE,SE,0,089730-402560,0,0,8,1,3,0,0,0,0
HZ_39,Grower_2,Grower_36,2020,Tolerant,1.18,SE,SE,0,251550-603255,0,0,8,0,3,0,1,0,0
HZ_20,Grower_209,Grower_1,2023,Tolerant,1.7,E,E,0,115375-528123,0,0,0,0,0,0,0,0,0
HZ_12,Grower_23,Grower_125,2021,Susceptible,0.4,SE,E,1,238698-606795,0,0,7,5,6,0,3,2,0
HZ_4,Grower_261,Grower_117,2019,Verysusceptible,1.7,E,A,0,059170-412520,0,0,6,2,2,0,0,0,0
HZ_22,Grower_72,Grower_17,2023,Tolerant,0.35,SE,SE,0,223608-598930,0,0,3,0,0,0,0,1,0
HZ_54,Grower_265,Grower_75,2019,Verysusceptible,0.4,SE,A,0,179287-529217,0,0,8,2,3,0,2,0,0
HZ_22,Grower_174,Grower_88,2020,Tolerant,3.04,SE,SE,0,057305-369667,0,0,3,0,1,0,0,0,0
HZ_17,Grower_226,Grower_52,2023,Susceptible,3.75,SE,SE,0,123983-538779,0,0,8,4,7,1,0,0,0
HZ_21,Grower_446,Grower_89,2019,Verysusceptible,2.02,SE,SE,0,178525-532264,0,0,1,1,0,0,0,0,0
HZ_20,Grower_206,Grower_28,2023,Tolerant,0.9,PB4,SE,0,117878-566372,0,0,2,1,1,0,0,2,0
HZ_80,Grower_71,Grower_37,2019,Verysusceptible,1.1,SE,SE,0,228749-602715,0,0,1,1,0,0,0,0,0
HZ_12,Grower_138,Grower_61,2022,Susceptible,1.2,SE,E,0,168374-580580,0,0,8,0,0,2,8,8,1
HZ_3,Grower_116,Grower_52,2023,Tolerant,1.81,E,E,0,179565-590148,0,0,1,1,0,0,0,0,0
HZ_23,Grower_22,Grower_32,2020,Verysusceptible,1.34,E,A,1,237364-605522,0,0,8,8,5,0,0,0,0
HZ_3,Grower_154,Grower_42,2021,Tolerant,0.94,E,E,0,171603-533001,0,0,2,1,1,0,0,0,0
HZ_17,Grower_236,Grower_47,2019,Susceptible,0.9,SE,SE,0,136161-523230,0,0,8,8,5,0,0,0,0
HZ_3,Grower_167,Grower_66,2020,Tolerant,3.0,SE,A,0,186478-511472,0,0,1,0,0,0,0,0,0
HZ_46,Grower_182,Grower_33,2023,Susceptible,1.1,SE,A,0,184762-530652,0,0,1,0,0,0,0,4,0
HZ_22,Grower_275,Grower_155,2019,Tolerant,1.5,SE,SE,0,085851-399048,0,0,2,3,0,0,0,0,0
HZ_61,Grower_374,Grower_58,2020,Susceptible,4.5,SE,E,0,103943-470995,0,0,0,0,0,0,0,0,0
HZ_17,Grower_368,Grower_61,2020,Susceptible,0.4,SE,SE,0,160384-579415,0,0,8,5,2,0,1,0,0
HZ_35,Grower_228,Grower_40,2020,Tolerant,5.42,E,A,0,124799-538333,0,0,6,5,5,0,7,0,0
HZ_3,Grower_322,Grower_53,2021,Tolerant,4.01,SE,SE,0,202548-600918,0,0,1,1,0,0,0,2,0
HZ_3,Grower_180,Grower_93,2020,Tolerant,0.5,E,E,0,180492-537462,0,0,0,0,0,0,0,0,0
HZ_39,Grower_141,Grower_36,2021,Tolerant,0.6,SE,A,0,158493-579993,0,0,7,3,5,0,1,7,0
HZ_4,Grower_332,Grower_17,2019,Verysusceptible,0.85,SE,-,0,178690-592322,0,0,8,6,6,0,0,0,0
HZ_20,Grower_199,Grower_11,2022,Tolerant,0.75,SE,SE,0,117264-563880,0,0,6,3,4,0,0,3,0
HZ_30,Grower_105,Grower_1,2023,Verysusceptible,1.2,PB4,E,1,122006-569501,0,0,0,0,0,0,0,0,0
HZ_20,Grower_285,Grower_82,2022,Tolerant,1.8,SE,SE,0,246668-602120,0,0,2,1,1,1,0,1,1
HZ_53,Grower_277,Grower_1,2019,Tolerant,0.4,SE,B,0,076396-396249,0,0,8,3,4,0,1,0,0
HZ_19,Grower_286,Grower_24,2019,Verysusceptible,0.72,SE,A,0,254693-600359,0,0,8,8,5,0,0,0,0
HZ_17,Grower_99,Grower_32,2021,Susceptible,1.02,PB4,SE,0,193917-598397,0,0,8,2,3,0,1,0,1
HZ_12,Grower_27,Grower_15,2021,Susceptible,1.8,E,A,1,241435-605180,0,0,5,0,2,0,0,3,0
HZ_3,Grower_102,Grower_156,2020,Tolerant,1.85,S,SE,0,183199-592980,0,0,0,0,0,0,0,0,0
HZ_12,Grower_40,Grower_210,2019,Susceptible,0.45,SE,A,0,246964-604415,0,0,0,0,0,0,0,0,0
HZ_58,Grower_73,Grower_17,2021,Susceptible,0.9,SE,A,1,232025-603069,0,0,6,5,5,0,6,6,0
HZ_5,Grower_133,Grower_61,2020,Susceptible,1.25,SE,SE,0,162963-581689,0,0,1,0,0,1,0,0,0
HZ_17,Grower_129,Grower_40,2019,Susceptible,1.3,SE,E,0,157602-553067,0,0,8,8,5,0,4,0,0
HZ_17,Grower_319,Grower_65,2021,Susceptible,1.62,SE,SE,0,211409-589953,0,0,7,1,3,0,1,6,0
HZ_5,Grower_174,Grower_8,2022,Susceptible,2.53,SE,SE,0,050635-369457,0,0,0,0,0,0,0,1,0
HZ_84,Grower_44,Grower_4,2019,Tolerant,0.95,SE,SE,0,231420-600860,0,0,4,1,1,0,0,0,0
HZ_39,Grower_124,Grower_61,2021,Tolerant,3.6,E,A,1,159067-568131,0,0,3,0,1,0,0,0,0
HZ_12,Grower_240,Grower_205,2019,Susceptible,1.75,SE,SE,0,028814-376567,0,0,8,6,6,2,0,0,0
HZ_20,Grower_296,Grower_11,2019,Tolerant,1.39,SE,A,0,240549-601000,0,0,4,1,1,0,1,0,0
HZ_3,Grower_227,Grower_163,2020,Tolerant,0.46,SE,SE,0,125300-538803,0,0,6,0,2,0,0,0,0
HZ_12,Grower_244,Grower_146,2021,Susceptible,1.16,E,E,0,048033-368081,0,0,0,0,0,0,0,0,0
HZ_20,Grower_2,Grower_28,2021,Tolerant,0.54,SE,SE,0,251696-602808,0,0,4,0,1,0,0,2,0
HZ_4,Grower_162,Grower_89,2021,Verysusceptible,2.0,E,E,0,161856-491862,0,0,2,1,1,0,0,0,0
HZ_27,Grower_137,Grower_2,2022,Tolerant,1.4,SE,SE,0,166059-581410,0,0,2,1,1,0,1,1,1
HZ_20,Grower_276,Grower_1,2023,Tolerant,3.7,SE,A,0,098897-401487,0,0,0,0,0,0,0,0,0
HZ_20,Grower_395,Grower_83,2019,Tolerant,0.02,SE,AF,0,117162-564949,0,0,8,3,4,0,0,0,0
HZ_5,Grower_289,Grower_3,2019,Susceptible,0.84,SE,A,0,275041-582657,0,0,0,0,0,0,0,0,0
HZ_2,Grower_332,Grower_165,2021,Tolerant,1.15,SE,-,0,177730-592592,0,0,5,2,2,0,0,2,0
HZ_20,Grower_105,Grower_83,2019,Tolerant,1.25,SE,SE,0,119589-569988,0,0,8,4,6,1,0,0,0
HZ_20,Grower_332,Grower_40,2019,Tolerant,1.0,SE,-,0,178542-592381,0,0,8,8,5,0,1,0,0
HZ_46,Grower_312,Grower_33,2021,Susceptible,3.0,SE,E,1,088833-401806,0,0,6,1,2,0,0,2,0
HZ_17,Grower_104,Grower_133,2021,Susceptible,1.55,SE,SE,0,180502-591502,0,0,6,4,3,0,0,3,0
HZ_35,Grower_336,Grower_40,2019,Tolerant,0.38,SE,SE,0,176583-528113,0,0,8,8,5,0,3,0,0
HZ_20,Grower_223,Grower_1,2022,Tolerant,1.84,E,E,0,120311-538233,0,0,3,1,1,0,1,4,0
HZ_3,Grower_68,Grower_74,2019,Tolerant,3.74,E,E,0,120301-576033,0,0,0,0,0,0,0,0,0
HZ_24,Grower_275,Grower_48,2021,Tolerant,3.21,SE,SE,0,086205-399156,0,0,3,0,1,0,0,1,0
HZ_16,Grower_282,Grower_8,2023,Susceptible,1.3,SE,SE,0,237013-434422,0,0,1,0,0,0,0,1,0
HZ_46,Grower_203,Grower_75,2019,Susceptible,0.21,SE,SE,0,237330-440770,0,0,3,1,1,0,0,0,0
HZ_14,Grower_247,Grower_29,2023,Susceptible,1.0,S,S,0,Baecke hof Noord,0,0,0,0,0,0,0,0,0
HZ_20,Grower_197,Grower_29,2023,Tolerant,1.0,PB4,PB4,0,118816-564472,0,0,0,0,0,0,0,0,0
HZ_12,Grower_129,Grower_52,2021,Susceptible,1.0,SE,-,0,157536-552542,0,0,8,4,6,2,3,3,0
HZ_39,Grower_124,Grower_61,2023,Tolerant,4.4,E,E,0,159288-567776,0,0,8,0,2,0,0,8,0
HZ_22,Grower_255,Grower_48,2022,Tolerant,2.8,SE,SE,0,039816-366806,0,0,2,1,2,0,0,3,1
HZ_11,Grower_26,Grower_12,2021,Tolerant,0.4,SE,SE,0,234485-601481,0,0,0,0,0,0,0,0,0
HZ_5,Grower_17,Grower_20,2022,Susceptible,1.1,SE,E,0,234774-599694,0,0,2,0,1,0,0,0,0
HZ_17,Grower_47,Grower_47,2023,Susceptible,1.15,SE,SE,0,220383-590855,0,0,3,0,2,1,0,1,0
HZ_65,Grower_261,Grower_49,2019,Tolerant,2.5,SE,SE,0,057845-413238,0,0,4,2,2,0,0,0,0
HZ_50,Grower_270,Grower_47,2020,Tolerant,2.6,SE,SE,0,084569-400633,0,0,2,0,1,0,0,0,0
HZ_1,Grower_233,Grower_82,2020,Tolerant,0.21,E,E,0,122487-531758,0,0,1,0,0,0,0,0,0
HZ_20,Grower_269,Grower_49,2022,Tolerant,2.1,SE,A,0,058590-404539,0,0,5,2,3,0,0,4,1
HZ_17,Grower_114,Grower_42,2021,Susceptible,0.45,SE,SE,0,170882-588918,0,0,8,4,6,0,1,0,0
HZ_4,Grower_161,Grower_1,2022,Verysusceptible,2.8,SE,SE,0,175705-508033,0,0,1,0,0,0,1,4,0
HZ_17,Grower_121,Grower_42,2021,Susceptible,0.3,SE,SE,0,177960-582216,0,0,8,4,6,0,1,0,0
HZ_46,Grower_203,Grower_75,2019,Susceptible,2.29,SE,A,0,233198-440277,0,0,3,1,1,0,0,0,0
HZ_8,Grower_277,Grower_146,2021,Tolerant,1.1,SE,E,0,084772-396970,0,0,2,1,1,0,0,0,0
HZ_4,Grower_278,Grower_56,2020,Verysusceptible,5.0,SE,A,0,088036-399298,0,0,0,0,0,0,0,0,0
HZ_1,Grower_342,Grower_82,2020,Tolerant,2.01,SE,SE,0,187564-518997,0,0,1,0,0,0,0,0,0
HZ_19,Grower_288,Grower_24,2021,Verysusceptible,1.06,SE,SE,0,253626-600749,0,0,2,0,1,0,0,1,1
HZ_11,Grower_105,Grower_12,2022,Tolerant,1.25,PB4,PB4,0,119370-570193,0,0,0,0,0,0,0,0,0
HZ_12,Grower_173,Grower_95,2023,Susceptible,4.2,E,A,0,190732-519455,0,0,7,1,4,1,0,6,0
HZ_4,Grower_241,Grower_2,2022,Verysusceptible,4.2,SE,SE,0,017690-372555,0,0,6,1,2,3,4,8,1
HZ_51,Grower_224,Grower_61,2022,Susceptible,0.95,SE,E,1,124618-534077,0,0,1,0,0,0,0,1,0
HZ_43,Grower_407,Grower_18,2020,Tolerant,0.48,E,E,0,239060-599927,0,0,1,0,0,0,0,0,0
HZ_3,Grower_62,Grower_1,2023,Tolerant,1.25,E,E,0,226370-598603,0,0,1,0,0,0,0,0,0
HZ_12,Grower_136,Grower_61,2023,Susceptible,1.65,SE,A,0,164593-579338,0,0,0,0,0,1,0,2,0
HZ_17,Grower_87,Grower_68,2020,Susceptible,4.66,SE,SE,0,204237-590993,0,0,8,7,4,0,0,0,0
HZ_20,Grower_330,Grower_136,2020,Tolerant,0.75,SE,A,0,174749-592128,0,0,5,1,2,0,0,0,0
HZ_5,Grower_168,Grower_86,2022,Susceptible,2.4,SE,SE,0,179374-529804,0,0,0,0,0,0,0,0,0
HZ_17,Grower_220,Grower_46,2021,Susceptible,1.03,SE,SE,0,129831-543725,0,0,4,1,1,0,1,0,0
HZ_3,Grower_390,Grower_52,2021,Tolerant,2.4,SE,SE,0,168132-503315,0,0,0,0,0,0,0,0,0
HZ_20,Grower_426,Grower_83,2019,Tolerant,0.56,SE,E,0,134229-536473,0,0,7,1,3,0,0,0,0
HZ_3,Grower_63,Grower_1,2021,Tolerant,1.25,E,E,0,228848-598423,0,0,5,2,2,0,0,5,1
HZ_65,Grower_70,Grower_49,2021,Tolerant,0.56,SE,SE,0,226555-594469,0,0,4,0,1,0,0,1,0
HZ_29,Grower_163,Grower_86,2019,Tolerant,1.07,E,A,0,153963-490725,0,0,0,0,0,0,0,0,0
HZ_3,Grower_321,Grower_112,2021,Tolerant,3.92,SE,SE,0,244883-607628,0,0,1,0,0,0,0,1,0
HZ_15,Grower_174,Grower_21,2020,Verysusceptible,2.31,SE,A,0,051011-369835,0,0,0,0,0,0,0,0,0
HZ_12,Grower_129,Grower_6,2023,Susceptible,0.75,PB4,E,0,157301-552659,0,0,8,0,7,2,0,8,0
HZ_20,Grower_227,Grower_50,2022,Tolerant,0.35,PB4,PB4,0,125682-539224,0,0,8,1,3,0,0,6,1
HZ_4,Grower_241,Grower_117,2019,Verysusceptible,5.62,SE,A,1,018230-373953,0,0,7,4,4,0,0,0,0
HZ_46,Grower_142,Grower_75,2023,Susceptible,1.92,PB4,E,0,176518-537970,0,0,0,0,0,0,0,0,0
HZ_5,Grower_15,Grower_8,2021,Susceptible,4.0,E,A,1,238623-605193,0,0,0,0,0,0,0,2,0
HZ_30,Grower_130,Grower_61,2022,Verysusceptible,0.42,PB4,-,0,166800-582537,0,0,6,0,0,0,0,8,0
HZ_51,Grower_224,Grower_12,2021,Susceptible,2.65,E,E,0,124785-533835,0,0,0,0,0,0,0,0,0
HZ_13,Grower_312,Grower_22,2021,Tolerant,3.2,SE,E,0,093361-403740,0,0,3,1,1,0,0,1,0
HZ_20,Grower_247,Grower_90,2022,Tolerant,1.25,SE,SE,0,036762-373285,0,0,1,1,0,0,0,0,0
HZ_20,Grower_220,Grower_90,2022,Tolerant,1.24,SE,SE,0,129316-543679,0,0,2,0,0,4,0,3,1
HZ_46,Grower_275,Grower_99,2022,Susceptible,3.0,SE,E,1,086560-398822,0,0,4,1,1,1,0,2,0
HZ_17,Grower_83,Grower_32,2020,Susceptible,0.96,SE,SE,0,196738-595022,0,0,0,0,0,0,0,0,0
HZ_4,Grower_272,Grower_86,2021,Verysusceptible,2.2,SE,SE,0,090674-398185,0,0,0,0,0,1,0,1,0
HZ_20,Grower_155,Grower_82,2023,Tolerant,1.2,SE,A,0,171959-524281,0,0,4,1,2,0,0,0,0
HZ_20,Grower_217,Grower_29,2021,Tolerant,1.56,E,E,0,118835-540733,0,0,1,0,0,0,0,0,0
HZ_12,Grower_107,Grower_36,2023,Susceptible,0.42,SE,E,0,180447-588939,0,0,8,3,0,2,0,7,0
HZ_43,Grower_80,Grower_65,2021,Tolerant,0.39,SE,SE,0,200690-601046,0,0,8,0,3,0,0,1,0
HZ_39,Grower_345,Grower_42,2022,Tolerant,1.8,PB4,PB4,0,186477-527695,0,0,5,0,0,3,5,3,0
HZ_4,Grower_373,Grower_122,2019,Verysusceptible,4.6,SE,AF,0,102823-472288,0,0,8,6,6,0,6,0,0
HZ_4,Grower_277,Grower_33,2021,Verysusceptible,2.55,SE,A,1,076839-397129,0,0,6,0,2,0,1,1,0
HZ_5,Grower_207,Grower_83,2019,Susceptible,2.4,SE,E,0,136157-539238,0,0,0,0,0,0,0,0,0
HZ_51,Grower_105,Grower_119,2020,Susceptible,0.9,SE,SE,0,119291-566479,0,0,6,3,4,0,1,0,0
HZ_6,Grower_3,Grower_113,2022,Tolerant,0.71,E,E,0,248165-596437,0,0,3,1,0,1,0,6,0
HZ_5,Grower_203,Grower_47,2021,Susceptible,3.38,SE,SE,0,229990-436080,0,0,1,1,0,0,0,1,0
HZ_7,Grower_3,Grower_6,2021,Tolerant,1.09,SE,SE,0,243532-594058,0,0,0,0,0,0,0,0,0
HZ_34,Grower_94,Grower_2,2021,Verysusceptible,0.38,SE,SE,0,185608-595556,0,0,0,0,0,0,0,5,0
HZ_20,Grower_355,Grower_58,2022,Tolerant,1.7,E,E,0,123069-530116,0,0,1,0,0,0,0,0,0
HZ_36,Grower_114,Grower_11,2021,Tolerant,0.9,SE,SE,0,170882-588918,0,0,6,0,2,0,0,0,0
HZ_4,Grower_275,Grower_16,2023,Verysusceptible,4.0,SE,SE,0,082826-398314,0,0,1,0,0,0,0,4,0
HZ_17,Grower_202,Grower_42,2022,Susceptible,0.9,PB4,PB4,0,120916-571721,0,0,0,0,0,0,0,0,0
HZ_17,Grower_197,Grower_19,2019,Susceptible,0.75,SE,A,1,118424-563994,0,0,8,8,5,1,0,0,0
HZ_35,Grower_97,Grower_40,2019,Tolerant,1.4,SE,A,0,188503-597509,0,0,0,0,0,0,0,0,0
HZ_16,Grower_26,Grower_17,2019,Susceptible,0.84,E,E,0,236529-605662,0,0,8,7,4,0,0,0,0
HZ_3,Grower_158,Grower_82,2021,Tolerant,1.2,E,E,0,170455-508550,0,0,1,0,0,0,0,0,0
HZ_5,Grower_239,Grower_83,2022,Susceptible,1.01,SE,A,0,039081-367648,0,0,8,5,2,0,2,8,1
HZ_48,Grower_255,Grower_112,2021,Verysusceptible,2.2,SE,A,0,044736-367602,0,0,0,0,0,0,0,0,0
HZ_35,Grower_336,Grower_51,2019,Tolerant,1.29,E,A,0,176583-528113,0,0,8,8,5,0,5,0,0
HZ_17,Grower_275,Grower_52,2023,Susceptible,2.0,SE,E,0,083314-401519,0,0,8,4,7,1,0,0,0
HZ_34,Grower_27,Grower_75,2021,Verysusceptible,1.7,SE,E,1,243131-607327,0,0,8,0,3,0,0,1,0
HZ_4,Grower_356,Grower_1,2021,Verysusceptible,2.5,SE,SE,0,101316-476601,0,0,6,1,2,0,0,8,0
HZ_4,Grower_319,Grower_64,2020,Verysusceptible,0.5,SE,-,0,212235-590168,0,0,0,0,0,0,0,0,0
HZ_3,Grower_287,Grower_3,2019,Tolerant,1.7,SE,SE,0,247594-597866,0,0,1,0,0,0,0,0,0
HZ_5,Grower_236,Grower_86,2022,Susceptible,3.5,E,E,0,136848-521281,0,0,1,0,1,0,0,1,0
HZ_3,Grower_114,Grower_112,2021,Tolerant,0.8,SE,SE,0,174612-591230,0,0,1,0,0,0,0,1,0
HZ_17,Grower_83,Grower_65,2021,Susceptible,5.0,SE,E,1,196131-598184,0,0,7,1,3,0,1,0,0
HZ_3,Grower_22,Grower_113,2019,Tolerant,2.25,E,E,0,237478-605082,0,0,0,0,0,0,0,0,0
HZ_20,Grower_218,Grower_90,2021,Tolerant,1.58,PB4,PB4,0,117361-538755,0,0,7,3,5,0,0,0,0
HZ_3,Grower_302,Grower_163,2020,Tolerant,1.45,SE,A,0,243023-604756,0,0,6,0,2,0,0,0,0
HZ_4,Grower_241,Grower_17,2019,Verysusceptible,3.33,SE,A,1,018108-372998,0,0,8,6,6,0,0,0,0
HZ_3,Grower_332,Grower_40,2022,Tolerant,1.5,SE,SE,0,178919-592277,0,0,0,0,0,0,0,1,0
HZ_36,Grower_134,Grower_11,2022,Tolerant,2.33,E,E,0,170623-580527,0,0,7,5,6,0,3,0,3
HZ_5,Grower_74,Grower_38,2020,Susceptible,0.95,SE,SE,0,228132-595089,0,0,0,0,0,0,0,0,0
HZ_38,Grower_236,Grower_38,2020,Tolerant,0.8,SE,A,0,144743-525195,0,0,0,0,0,0,0,0,0
HZ_52,Grower_104,Grower_113,2021,Tolerant,1.0,PB4,PB4,0,181452-592794,0,0,1,1,0,0,0,1,1
HZ_43,Grower_83,Grower_65,2020,Tolerant,3.29,SE,SE,0,192338-597493,0,0,6,4,3,0,2,0,0
HZ_37,Grower_287,Grower_44,2019,Tolerant,1.08,SE,SE,0,248227-596979,0,0,8,1,3,0,0,0,0
HZ_46,Grower_201,Grower_75,2022,Susceptible,0.6,SE,SE,0,089732-402340,0,0,0,0,0,0,0,0,0
HZ_5,Grower_133,Grower_33,2022,Susceptible,1.2,E,E,0,163632-579815,0,0,0,0,0,0,0,0,0
HZ_3,Grower_204,Grower_83,2020,Tolerant,0.3,PB3,PB3,0,119048-562454,0,0,2,0,1,0,1,0,0
HZ_35,Grower_147,Grower_51,2023,Tolerant,0.5,E,E,0,178542-534466,0,0,7,1,3,0,3,7,0
HZ_20,Grower_355,Grower_90,2022,Tolerant,2.5,E,E,0,123011-533154,0,0,2,0,0,4,0,3,1
HZ_14,Grower_44,Grower_43,2023,Susceptible,5.31,S,E,1,230826-602587,0,0,0,0,0,0,0,0,0
HZ_20,Grower_218,Grower_1,2022,Tolerant,3.36,E,E,0,118014-536557,0,0,4,1,1,0,1,6,0
HZ_4,Grower_166,Grower_89,2019,Verysusceptible,2.0,SE,E,0,168006-500357,0,0,1,1,0,0,0,0,0
HZ_46,Grower_259,Grower_49,2022,Susceptible,3.0,SE,A,0,051640-361437,0,0,4,2,0,0,0,6,0
HZ_12,Grower_102,Grower_125,2021,Susceptible,0.55,SE,E,0,180204-591632,0,0,7,5,6,0,3,2,0
HZ_17,Grower_202,Grower_52,2023,Susceptible,0.43,PB4,PB4,0,121217-571526,0,0,8,4,7,1,0,0,0
HZ_17,Grower_275,Grower_42,2023,Susceptible,1.41,SE,E,0,086904-399056,0,0,0,0,0,0,0,0,0
HZ_46,Grower_203,Grower_75,2019,Susceptible,1.01,E,A,0,232340-440527,0,0,3,1,1,0,0,0,0
HZ_20,Grower_206,Grower_1,2022,Tolerant,0.25,E,E,0,115083-567094,0,0,4,1,1,0,1,6,0
HZ_4,Grower_262,Grower_11,2022,Verysusceptible,1.81,SE,SE,0,017612-375899,0,0,6,4,4,2,3,8,0
HZ_3,Grower_121,Grower_52,2020,Tolerant,1.0,SE,SE,0,172500-579917,0,0,0,0,0,0,0,0,0
HZ_3,Grower_302,Grower_113,2019,Tolerant,2.85,SE,SE,0,244163-605690,0,0,0,0,0,0,0,0,0
HZ_16,Grower_87,Grower_66,2021,Susceptible,4.8,SE,SE,0,202483-600016,0,0,8,3,4,1,2,2,0
HZ_7,Grower_79,Grower_205,2019,Tolerant,0.85,SE,SE,0,202597-594913,0,0,0,0,0,0,0,0,0
HZ_20,Grower_50,Grower_36,2020,Tolerant,1.58,SE,SE,0,213755-593247,0,0,8,1,3,0,1,0,0
HZ_50,Grower_327,Grower_58,2020,Tolerant,2.3,SE,SE,0,186354-593928,0,0,8,1,3,0,0,0,0
HZ_42,Grower_152,Grower_66,2021,Verysusceptible,0.73,SE,E,1,173777-536001,0,0,4,1,1,0,0,4,0
HZ_4,Grower_253,Grower_1,2022,Verysusceptible,6.95,SE,SE,0,055180-408344,0,0,2,2,0,0,1,6,0
HZ_8,Grower_348,Grower_58,2022,Tolerant,2.2,SE,SE,0,205064-593937,0,0,6,1,0,0,1,7,1
HZ_55,Grower_226,Grower_114,2021,Tolerant,0.3,SE,SE,0,121354-541420,0,0,0,0,0,0,0,5,0
HZ_3,Grower_216,Grower_61,2019,Tolerant,0.5,SE,SE,0,118075-537166,0,0,5,0,2,0,0,0,0
HZ_12,Grower_154,Grower_14,2023,Susceptible,1.22,E,A,0,171111-532702,0,0,1,0,1,0,0,1,0
HZ_65,Grower_83,Grower_49,2019,Tolerant,2.5,SE,A,0,200892-601707,0,0,4,2,2,0,0,0,0
HZ_3,Grower_186,Grower_48,2019,Tolerant,1.0,SE,A,0,175571-517334,0,0,8,0,3,0,0,0,0
HZ_20,Grower_215,Grower_8,2019,Tolerant,1.0,E,E,0,120398-536458,0,0,6,4,3,0,0,0,0
HZ_17,Grower_104,Grower_99,2020,Susceptible,0.55,E,E,0,181732-592175,0,0,0,0,0,0,0,0,0
HZ_29,Grower_182,Grower_86,2023,Tolerant,0.5,SE,AF,0,189071-530042,0,0,0,0,0,0,0,0,0
HZ_3,Grower_135,Grower_41,2019,Tolerant,2.75,E,A,0,158402-570395,0,0,1,1,0,0,0,0,0
HZ_41,Grower_134,Grower_41,2022,Tolerant,0.77,SE,-,0,170808-580520,0,0,8,1,2,0,5,8,0
HZ_20,Grower_451,Grower_98,2019,Tolerant,2.4,E,E,0,129870-541314,0,0,8,8,5,0,4,0,0
HZ_21,Grower_161,Grower_29,2022,Verysusceptible,2.75,SE,SE,0,161548-491239,0,0,1,1,0,0,0,1,2
HZ_20,Grower_212,Grower_147,2020,Tolerant,0.5,S,E,0,135232-535708,0,0,0,0,0,0,0,0,0
HZ_20,Grower_31,Grower_49,2019,Tolerant,1.95,SE,A,0,244196-604808,0,0,7,5,6,0,0,0,0
HZ_35,Grower_97,Grower_51,2019,Tolerant,0.8,SE,A,0,189318-597245,0,0,8,8,5,0,5,0,0
HZ_2,Grower_314,Grower_2,2020,Tolerant,2.79,E,E,0,253464-599112,0,0,1,0,0,0,0,0,0
HZ_20,Grower_199,Grower_90,2023,Tolerant,0.94,SE,A,0,115881-560928,0,0,1,0,1,0,0,0,0
HZ_3,Grower_87,Grower_163,2020,Tolerant,0.3,SE,E,0,200188-600084,0,0,6,0,2,0,0,0,0
HZ_4,Grower_255,Grower_64,2019,Verysusceptible,2.65,SE,E,1,044819-369813,0,0,7,4,4,1,1,0,0
HZ_65,Grower_261,Grower_11,2021,Tolerant,1.7,SE,SE,0,057608-412893,0,0,7,7,5,0,2,7,0
HZ_46,Grower_275,Grower_33,2021,Susceptible,1.0,SE,E,0,087203-399155,0,0,5,1,2,0,0,4,0
HZ_3,Grower_208,Grower_83,2020,Tolerant,0.7,SE,E,0,128735-542934,0,0,1,0,0,0,1,0,0
HZ_3,Grower_370,Grower_8,2021,Tolerant,1.19,E,E,0,221593-603186,0,0,0,0,0,0,0,0,0
HZ_20,Grower_212,Grower_1,2020,Tolerant,0.7,SE,SE,0,133969-536585,0,0,7,1,3,0,0,0,0
HZ_12,Grower_226,Grower_95,2019,Susceptible,2.0,SE,SE,0,123160-536933,0,0,3,0,1,0,0,0,0
HZ_20,Grower_220,Grower_90,2021,Tolerant,0.51,SE,SE,0,129831-543725,0,0,2,0,1,0,0,1,0
HZ_17,Grower_214,Grower_147,2021,Susceptible,0.35,SE,SE,0,131102-544233,0,0,1,0,0,0,0,1,0
HZ_15,Grower_203,Grower_21,2020,Verysusceptible,5.16,SE,SE,0,231801-441021,0,0,0,0,0,0,0,0,0
HZ_16,Grower_321,Grower_1,2021,Susceptible,0.83,SE,A,1,244265-608273,0,0,8,6,6,0,0,3,1
HZ_34,Grower_102,Grower_49,2023,Verysusceptible,0.02,E,AF,0,182544-592376,0,0,3,1,1,0,1,3,0
HZ_20,Grower_281,Grower_13,2023,Tolerant,3.1,SE,A,0,075299-399313,0,0,1,0,1,0,0,0,0
HZ_20,Grower_153,Grower_82,2023,Tolerant,1.1,E,A,0,174265-537925,0,0,4,1,2,0,0,0,0
HZ_51,Grower_305,Grower_55,2021,Susceptible,1.04,SE,SE,0,247840-603224,0,0,8,4,6,0,1,5,0
HZ_20,Grower_44,Grower_2,2020,Tolerant,2.61,SE,SE,0,231694-600940,0,0,2,1,1,0,0,0,0
HZ_20,Grower_110,Grower_40,2023,Tolerant,0.67,SE,E,0,169024-587245,0,0,0,0,0,0,0,0,0
HZ_3,Grower_114,Grower_42,2021,Tolerant,2.0,SE,SE,0,175808-591058,0,0,2,1,1,0,0,0,0
HZ_4,Grower_209,Grower_2,2023,Verysusceptible,2.3,SE,AF,0,130376-533289,0,0,2,0,2,0,0,3,0
HZ_35,Grower_228,Grower_48,2023,Tolerant,3.0,S,E,0,125410-536581,0,0,6,2,3,2,6,6,0
HZ_17,Grower_206,Grower_23,2019,Susceptible,1.9,E,E,0,114170-564879,0,0,7,6,4,0,0,0,0
HZ_4,Grower_278,Grower_9,2020,Verysusceptible,5.0,SE,E,0,088036-399298,0,0,6,0,2,0,0,0,0
HZ_24,Grower_173,Grower_48,2022,Tolerant,1.4,SE,SE,0,183356-522551,0,0,4,7,2,2,5,7,2
HZ_11,Grower_267,Grower_102,2021,Tolerant,2.15,SE,SE,0,093683-424344,0,0,0,0,0,0,0,0,0
HZ_39,Grower_130,Grower_78,2023,Tolerant,0.5,PB4,-,0,166987-582873,0,0,1,0,0,0,0,2,0
HZ_54,Grower_123,Grower_61,2019,Verysusceptible,0.26,SE,A,0,170763-588111,0,0,4,4,2,0,0,0,0
HZ_3,Grower_211,Grower_18,2022,Tolerant,0.4,SE,SE,0,129494-542915,0,0,1,1,1,1,0,3,1
HZ_17,Grower_151,Grower_46,2021,Susceptible,3.0,SE,SE,0,186206-531330,0,0,4,1,1,0,1,0,0
HZ_10,Grower_37,Grower_17,2023,Tolerant,0.65,SE,A,0,248130-607850,0,0,0,0,0,0,0,0,0
HZ_3,Grower_114,Grower_42,2021,Tolerant,1.05,SE,SE,0,175808-591058,0,0,2,1,1,0,0,0,0
HZ_17,Grower_98,Grower_44,2022,Susceptible,0.25,SE,SE,0,181968-594087,0,0,4,3,3,1,0,1,0
HZ_20,Grower_429,Grower_98,2019,Tolerant,2.8,E,E,0,120012-524878,0,0,8,7,4,0,4,0,0
HZ_35,Grower_228,Grower_40,2020,Tolerant,1.8,E,A,0,124436-538169,0,0,6,5,5,0,7,0,0
HZ_5,Grower_106,Grower_90,2021,Susceptible,1.09,SE,E,1,129914-532621,0,0,1,2,0,0,0,1,0
HZ_17,Grower_102,Grower_58,2022,Susceptible,1.74,E,E,0,176931-582635,0,0,1,0,0,0,0,2,0
HZ_20,Grower_66,Grower_50,2020,Tolerant,1.55,SE,SE,0,232851-599991,0,0,6,4,3,0,0,0,0
HZ_12,Grower_50,Grower_36,2019,Susceptible,0.15,SE,-,0,220775-592838,0,0,8,7,4,0,4,0,0
HZ_4,Grower_250,Grower_205,2019,Verysusceptible,2.4,SE,E,1,018166-372007,0,0,8,7,4,0,4,0,0
HZ_4,Grower_106,Grower_2,2022,Verysusceptible,2.65,E,E,0,129837-531913,0,0,5,1,1,2,3,7,2
HZ_5,Grower_54,Grower_8,2021,Susceptible,0.55,SE,SE,0,217831-593497,0,0,0,0,0,0,0,2,0
HZ_4,Grower_161,Grower_122,2019,Verysusceptible,2.6,E,A,0,183097-506711,0,0,8,6,6,0,6,0,0
HZ_5,Grower_225,Grower_90,2021,Susceptible,0.5,E,E,0,131958-537063,0,0,2,3,0,0,0,2,0
HZ_20,Grower_337,Grower_12,2021,Tolerant,2.65,SE,E,0,177356-534561,0,0,7,2,4,0,1,6,1
HZ_46,Grower_182,Grower_3,2019,Susceptible,1.0,SE,A,0,185153-530728,0,0,6,0,2,0,0,0,0
HZ_17,Grower_2,Grower_39,2020,Susceptible,1.16,SE,SE,0,251550-603255,0,0,0,0,0,0,0,0,0
HZ_5,Grower_4,Grower_47,2020,Susceptible,2.39,SE,SE,0,253538-602744,0,0,0,0,0,0,0,0,0
HZ_20,Grower_242,Grower_68,2021,Tolerant,1.8,SE,SE,0,192726-596576,0,0,8,6,6,0,0,0,0
HZ_14,Grower_35,Grower_19,2022,Susceptible,3.9,SE,E,1,247618-607558,0,0,0,1,0,0,0,0,0
HZ_5,Grower_121,Grower_38,2022,Susceptible,2.1,E,E,0,177712-584127,0,0,8,2,0,1,0,8,0
HZ_4,Grower_276,Grower_64,2020,Verysusceptible,4.0,SE,A,0,095179-401623,0,0,0,0,0,0,0,0,0
HZ_5,Grower_41,Grower_111,2022,Susceptible,2.7,SE,SE,0,242207-597178,0,0,1,0,1,0,0,2,0
HZ_46,Grower_277,Grower_75,2020,Susceptible,2.65,SE,SE,0,085064-396787,0,0,0,0,0,0,0,0,0
HZ_13,Grower_27,Grower_153,2021,Tolerant,1.78,S,E,1,243194-607773,1,0,6,1,2,0,0,7,0
HZ_4,Grower_201,Grower_17,2021,Verysusceptible,0.6,SE,E,0,089597-402804,0,0,2,0,1,0,0,0,0
HZ_3,Grower_107,Grower_205,2019,Tolerant,0.8,SE,-,0,179766-588411,0,0,3,0,1,0,0,0,0
HZ_17,Grower_255,Grower_39,2020,Susceptible,1.75,SE,SE,0,039579-366883,0,0,3,0,1,0,0,0,0
HZ_5,Grower_207,Grower_33,2019,Susceptible,1.4,E,E,0,135786-540885,0,0,1,1,0,0,0,0,0
HZ_14,Grower_301,Grower_29,2022,Susceptible,5.11,E,E,0,251992-602577,0,0,2,0,1,0,0,1,0
HZ_5,Grower_209,Grower_20,2021,Susceptible,3.45,SE,SE,0,126712-525230,0,0,8,0,3,0,0,2,0
HZ_48,Grower_113,Grower_75,2022,Verysusceptible,1.7,E,A,1,172618-586877,0,0,5,1,1,0,0,1,0
HZ_3,Grower_204,Grower_83,2023,Tolerant,0.6,SE,SE,0,118270-561878,0,0,0,0,0,0,0,0,0
HZ_3,Grower_168,Grower_228,2019,Tolerant,2.6,PB3,PB3,0,186823-531968,0,0,0,0,0,0,0,0,0
HZ_17,Grower_102,Grower_156,2020,Susceptible,2.5,PB4,PB4,0,176397-581604,0,0,0,0,0,0,0,0,0
HZ_4,Grower_182,Grower_90,2022,Verysusceptible,3.5,E,E,0,188112-532033,0,0,8,7,3,2,0,1,0
HZ_20,Grower_153,Grower_82,2021,Tolerant,0.8,SE,SE,0,175598-534018,0,0,1,0,0,0,0,0,0
HZ_5,Grower_134,Grower_42,2019,Susceptible,2.0,SE,E,0,170726-581260,0,0,0,0,0,0,0,0,0
HZ_3,Grower_137,Grower_66,2020,Tolerant,0.5,E,E,0,165530-580610,0,0,1,0,0,0,0,0,0
HZ_51,Grower_50,Grower_132,2021,Susceptible,0.3,E,A,1,220244-592951,0,0,6,6,1,1,2,5,0
HZ_16,Grower_161,Grower_66,2021,Susceptible,2.1,SE,SE,0,183081-507034,0,0,8,3,4,1,2,2,0
HZ_9,Grower_130,Grower_2,2022,Verysusceptible,1.07,SE,SE,0,165574-582602,0,0,4,1,0,0,8,6,0
HZ_29,Grower_69,Grower_2,2019,Tolerant,2.75,E,E,0,226260-603530,0,0,3,1,1,0,0,0,0
HZ_36,Grower_334,Grower_11,2021,Tolerant,0.67,E,E,0,178672-592061,0,0,6,0,2,0,0,0,0
HZ_20,Grower_2,Grower_12,2020,Tolerant,0.54,SE,E,0,251550-603255,0,0,6,0,2,0,0,0,0
HZ_11,Grower_189,Grower_12,2021,Tolerant,1.66,SE,SE,0,174412-519539,0,0,0,0,0,0,0,0,0
HZ_46,Grower_142,Grower_75,2022,Susceptible,2.14,SE,SE,0,176680-538118,0,0,0,0,0,0,0,0,0
HZ_26,Grower_187,Grower_113,2021,Tolerant,3.69,SE,SE,0,062104-373237,0,0,5,2,2,0,0,4,0
HZ_3,Grower_397,Grower_112,2021,Tolerant,0.7,SE,SE,0,114087-564466,0,0,1,0,0,0,0,1,0
HZ_4,Grower_255,Grower_9,2023,Verysusceptible,2.2,SE,SE,0,044815-369810,0,0,7,1,2,0,0,6,0
HZ_7,Grower_133,Grower_178,2019,Tolerant,1.15,E,A,0,163085-580186,0,0,6,1,2,0,0,0,0
HZ_46,Grower_180,Grower_75,2023,Susceptible,0.7,SE,A,0,180062-537437,0,0,0,0,0,0,0,0,0
HZ_20,Grower_286,Grower_28,2020,Tolerant,1.2,E,E,0,248967-599115,0,0,2,1,1,0,0,0,0
HZ_20,Grower_209,Grower_50,2022,Tolerant,1.6,SE,E,1,132184-543645,0,0,5,3,4,0,0,3,0
HZ_4,Grower_275,Grower_63,2020,Verysusceptible,4.5,SE,SE,0,082648-398231,0,0,4,0,1,0,1,0,0
HZ_47,Grower_275,Grower_167,2021,Verysusceptible,2.73,SE,SE,0,086671-394531,0,0,7,7,5,0,2,7,0
HZ_65,Grower_2,Grower_17,2020,Tolerant,0.65,SE,SE,0,251550-603255,0,0,4,0,1,0,0,0,0
HZ_18,Grower_389,Grower_151,2020,Tolerant,0.55,SE,SE,0,175660-533636,0,0,5,2,2,0,0,0,0
HZ_19,Grower_14,Grower_24,2022,Verysusceptible,1.25,SE,SE,0,257825-575670,0,0,5,2,0,0,0,1,1
HZ_3,Grower_8,Grower_36,2020,Tolerant,1.78,SE,SE,0,247388-595649,0,0,1,0,0,0,0,0,0
HZ_51,Grower_223,Grower_55,2021,Susceptible,0.53,SE,SE,0,128597-538725,0,0,8,4,6,0,1,5,0
HZ_17,Grower_95,Grower_12,2021,Susceptible,1.3,SE,SE,0,183786-592945,0,0,6,3,4,0,0,2,0
HZ_17,Grower_114,Grower_61,2023,Susceptible,1.1,SE,A,0,171341-590055,0,0,2,0,0,1,0,2,0
HZ_4,Grower_228,Grower_64,2023,Verysusceptible,1.0,SE,SE,0,125410-536581,0,0,3,0,0,0,0,3,0
HZ_31,Grower_203,Grower_29,2021,Tolerant,2.34,SE,E,0,223981-445207,0,0,0,0,0,0,0,1,0
HZ_46,Grower_93,Grower_75,2023,Susceptible,0.4,SE,E,0,180069-592826,0,0,0,0,0,0,0,0,0
HZ_17,Grower_206,Grower_52,2019,Susceptible,1.0,E,E,0,114170-564879,0,0,8,0,3,1,0,0,0
HZ_3,Grower_55,Grower_49,2019,Tolerant,0.4,SE,SE,0,227802-602636,0,0,2,2,0,0,0,0,0
HZ_4,Grower_129,Grower_52,2022,Verysusceptible,0.4,SE,-,0,159327-579108,0,0,2,0,1,0,0,0,0
HZ_20,Grower_105,Grower_32,2021,Tolerant,0.95,PB4,PB4,0,117747-566275,0,0,6,3,4,0,0,1,1
HZ_3,Grower_35,Grower_3,2021,Tolerant,0.5,SE,SE,0,246213-606415,0,0,2,2,0,0,1,3,0
HZ_72,Grower_160,Grower_78,2021,Tolerant,0.29,PB2,-,0,173541-492638,0,0,0,0,0,0,0,0,0
HZ_39,Grower_77,Grower_133,2019,Tolerant,1.57,E,A,0,205520-600223,0,0,1,0,0,0,3,0,0
HZ_5,Grower_252,Grower_90,2019,Susceptible,1.75,SE,SE,0,053432-373426,0,0,0,0,0,0,0,0,0
HZ_40,Grower_44,Grower_11,2022,Tolerant,3.05,E,E,0,230898-601203,0,0,8,1,5,0,1,7,1
HZ_4,Grower_344,Grower_86,2021,Verysusceptible,0.32,SE,A,1,184847-523159,0,0,0,0,0,1,0,1,0
HZ_11,Grower_69,Grower_102,2021,Tolerant,2.1,E,E,0,226184-602357,0,0,0,0,0,0,0,0,0
HZ_4,Grower_279,Grower_90,2022,Verysusceptible,2.25,SE,SE,0,076114-393663,0,0,8,7,3,2,0,1,0
HZ_17,Grower_197,Grower_23,2020,Susceptible,1.0,SE,SE,0,118181-564763,0,0,6,4,3,0,1,0,0
HZ_20,Grower_355,Grower_58,2022,Tolerant,0.3,E,E,0,123404-530188,0,0,1,0,0,0,0,0,0
HZ_15,Grower_259,Grower_68,2019,Verysusceptible,1.3,SE,SE,0,048871-362844,0,0,5,1,2,0,0,0,0
HZ_17,Grower_129,Grower_166,2019,Susceptible,3.9,E,A,1,160816-565562,0,0,8,8,5,0,6,0,0
HZ_5,Grower_209,Grower_83,2019,Susceptible,1.27,PB3,-,0,129700-542216,0,0,0,0,0,0,0,0,0
HZ_3,Grower_60,Grower_95,2020,Tolerant,1.03,SE,A,0,173863-517868,0,0,1,0,0,0,0,0,0
HZ_44,Grower_83,Grower_66,2023,Susceptible,1.0,SE,SE,0,198586-599718,0,0,0,0,0,0,0,0,0
HZ_2,Grower_93,Grower_6,2022,Tolerant,0.55,SE,SE,0,187878-595912,0,0,1,0,1,0,0,0,0
HZ_3,Grower_197,Grower_208,2019,Tolerant,0.5,PB3,SE,0,118424-563994,0,0,0,0,0,0,0,0,0
HZ_29,Grower_301,Grower_132,2020,Tolerant,1.76,SE,A,0,252408-603064,0,0,4,1,1,0,1,0,0
HZ_4,Grower_231,Grower_82,2020,Verysusceptible,0.4,SE,E,1,122210-537449,0,0,1,0,0,0,0,0,0
HZ_3,Grower_120,Grower_52,2022,Tolerant,0.77,SE,SE,0,174749-592297,0,0,0,0,0,0,0,1,0
HZ_20,Grower_275,Grower_49,2023,Tolerant,2.6,SE,A,0,087187-399536,0,0,0,0,0,0,0,1,0
HZ_20,Grower_61,Grower_11,2020,Tolerant,1.45,SE,SE,0,220648-602050,0,0,4,1,1,0,0,0,0
HZ_51,Grower_119,Grower_61,2021,Susceptible,1.2,SE,SE,0,175824-583057,0,0,2,0,1,0,0,0,0
HZ_12,Grower_143,Grower_67,2022,Susceptible,1.85,SE,AF,0,174231-531965,0,0,0,0,0,0,0,1,0
HZ_20,Grower_364,Grower_8,2019,Tolerant,1.13,SE,A,0,245789-603816,0,0,8,2,3,0,0,0,0
HZ_15,Grower_174,Grower_19,2021,Verysusceptible,0.94,SE,SE,0,050943-370111,0,0,4,1,1,0,0,1,1
HZ_3,Grower_151,Grower_89,2019,Tolerant,0.8,SE,SE,0,177263-537174,0,0,0,0,0,0,0,0,0
HZ_3,Grower_137,Grower_75,2021,Tolerant,0.5,SE,SE,0,165390-581352,0,0,7,0,3,0,0,3,0
HZ_28,Grower_104,Grower_41,2023,Tolerant,0.18,PB4,A,0,181178-592069,0,0,0,0,0,0,0,0,0
HZ_22,Grower_104,Grower_33,2019,Tolerant,2.15,SE,A,0,187084-597218,0,0,8,5,2,0,5,0,0
HZ_20,Grower_354,Grower_112,2020,Tolerant,2.16,E,A,0,135529-527162,0,0,7,2,4,0,0,0,0
HZ_16,Grower_205,Grower_1,2019,Susceptible,1.7,E,A,0,121064-566108,0,0,4,3,2,0,2,0,0
HZ_12,Grower_173,Grower_146,2021,Susceptible,3.0,E,A,1,182783-521801,0,0,3,0,1,0,0,2,0
HZ_3,Grower_332,Grower_65,2022,Tolerant,1.65,PB4,PB4,0,179205-591434,0,0,6,2,3,2,4,7,0
HZ_12,Grower_177,Grower_95,2021,Susceptible,1.4,SE,SE,0,183198-516458,0,0,5,4,3,2,0,6,0
HZ_1,Grower_155,Grower_82,2019,Tolerant,0.55,SE,SE,0,171969-524206,0,0,0,0,0,0,0,0,0
HZ_65,Grower_70,Grower_17,2019,Tolerant,2.15,E,E,0,226042-595515,0,0,6,1,2,0,0,0,0
HZ_3,Grower_182,Grower_74,2019,Tolerant,1.3,SE,B,0,185256-530937,0,0,0,0,0,0,0,0,0
HZ_4,Grower_162,Grower_86,2021,Verysusceptible,2.62,E,E,0,161856-491862,0,0,2,2,0,1,0,2,0
HZ_3,Grower_24,Grower_110,2022,Tolerant,0.96,SE,SE,0,242521-600184,0,0,1,0,0,0,0,1,1
HZ_5,Grower_203,Grower_20,2019,Susceptible,3.41,SE,SE,0,233760-437925,0,0,0,0,0,0,0,0,0
HZ_39,Grower_118,Grower_42,2022,Tolerant,0.7,SE,SE,0,170525-590155,0,0,0,0,0,0,0,0,0
HZ_8,Grower_342,Grower_86,2020,Tolerant,0.25,SE,SE,0,187102-517308,0,0,0,0,0,0,0,0,0
HZ_11,Grower_247,Grower_12,2023,Tolerant,1.7,SE,SE,0,035373-370145,0,0,2,0,0,0,0,1,0
HZ_29,Grower_105,Grower_18,2020,Tolerant,2.6,E,E,0,122166-569691,0,0,0,0,0,1,0,0,0
HZ_5,Grower_90,Grower_214,2019,Susceptible,3.0,SE,A,0,198019-601237,0,0,0,0,0,0,0,0,0
HZ_2,Grower_282,Grower_2,2019,Tolerant,2.45,SE,SE,0,228783-431387,0,0,0,0,0,0,0,0,0
HZ_2,Grower_56,Grower_22,2019,Tolerant,1.0,SE,SE,0,225887-593761,0,0,8,4,6,0,0,0,0
HZ_3,Grower_18,Grower_2,2023,Tolerant,0.46,PB4,PB4,0,233581-600984,0,0,0,0,0,0,0,0,0
HZ_9,Grower_92,Grower_72,2023,Verysusceptible,0.49,SE,SE,0,191471-598238,0,0,3,0,2,0,0,0,0
HZ_19,Grower_283,Grower_50,2020,Verysusceptible,2.2,SE,AF,0,173211-426186,0,0,8,0,3,0,0,0,0
HZ_35,Grower_224,Grower_40,2023,Tolerant,1.85,E,E,0,128020-535505,0,0,5,4,4,0,0,1,0
HZ_20,Grower_440,Grower_8,2019,Tolerant,4.8,SE,SE,0,220313-591958,0,0,6,5,5,0,0,0,0
HZ_21,Grower_456,Grower_90,2019,Verysusceptible,3.75,SE,AF,1,086779-399318,0,0,8,8,5,0,0,0,0
HZ_20,Grower_199,Grower_11,2020,Tolerant,0.9,SE,E,0,117668-563974,0,0,4,1,1,0,0,0,0
HZ_20,Grower_46,Grower_36,2019,Tolerant,0.73,E,E,0,223051-592342,0,0,0,0,0,0,0,0,0
HZ_13,Grower_7,Grower_17,2023,Tolerant,1.2,SE,SE,0,268797-583982,0,0,0,0,0,0,0,0,0
HZ_2,Grower_255,Grower_6,2022,Tolerant,1.8,SE,SE,0,043022-371578,0,0,1,0,1,0,0,0,0
HZ_3,Grower_199,Grower_32,2021,Tolerant,0.88,PB4,PB4,0,117505-563839,0,0,5,0,2,0,0,5,0
HZ_29,Grower_151,Grower_18,2020,Tolerant,0.9,SE,E,0,177556-537356,0,0,0,0,0,1,0,0,0
HZ_5,Grower_331,Grower_33,2022,Susceptible,1.11,SE,SE,0,181923-594745,0,0,0,0,0,0,0,0,0
HZ_20,Grower_203,Grower_29,2023,Tolerant,1.53,SE,SE,0,228566-433296,0,0,0,0,0,0,0,0,0
HZ_20,Grower_157,Grower_71,2023,Tolerant,1.32,SE,SE,0,170721-528677,0,0,1,0,0,0,0,0,0
HZ_3,Grower_166,Grower_78,2023,Tolerant,2.1,SE,AF,0,167358-501885,0,0,1,0,0,0,0,0,0
HZ_17,Grower_2,Grower_23,2022,Susceptible,0.82,SE,SE,0,251531-603867,0,0,7,1,2,2,0,0,0
HZ_4,Grower_277,Grower_1,2020,Verysusceptible,1.3,SE,A,0,076264-397011,0,0,8,3,4,0,7,0,0
HZ_8,Grower_348,Grower_48,2020,Tolerant,1.4,E,A,0,204697-593347,0,0,2,1,1,0,0,0,0
HZ_31,Grower_203,Grower_29,2021,Tolerant,3.28,SE,SE,0,223505-445354,0,0,0,0,0,0,0,1,0
HZ_43,Grower_62,Grower_18,2021,Tolerant,2.35,E,E,0,215462-581914,0,0,1,0,0,0,1,3,0
HZ_53,Grower_168,Grower_228,2019,Tolerant,1.7,PB3,A,0,189433-525701,0,0,0,0,0,0,0,0,0
HZ_3,Grower_69,Grower_1,2023,Tolerant,0.85,SE,SE,0,226041-602923,0,0,0,0,0,0,0,1,0
HZ_4,Grower_244,Grower_11,2019,Verysusceptible,1.7,SE,A,1,054016-370352,0,0,8,3,4,5,2,0,0
HZ_29,Grower_39,Grower_132,2020,Tolerant,0.1,SE,AF,0,245892-604397,0,0,4,1,1,0,1,0,0
HZ_3,Grower_296,Grower_110,2021,Tolerant,1.08,SE,SE,0,240089-601822,0,0,5,0,2,0,0,0,0
HZ_3,Grower_379,Grower_65,2020,Tolerant,0.14,SE,E,0,204954-592111,0,0,3,0,1,0,0,0,0
HZ_12,Grower_102,Grower_125,2021,Susceptible,1.7,SE,E,1,182411-594016,0,0,7,5,6,0,3,2,0
HZ_12,Grower_67,Grower_146,2020,Susceptible,2.51,SE,E,0,233531-599529,0,0,2,1,1,0,0,0,0
HZ_17,Grower_134,Grower_166,2019,Susceptible,0.6,E,A,0,170726-581260,0,0,8,8,5,0,6,0,0
HZ_4,Grower_3,Grower_17,2020,Verysusceptible,4.9,E,E,0,243904-593997,0,0,6,0,2,0,0,0,0
HZ_19,Grower_14,Grower_184,2020,Verysusceptible,1.45,SE,E,0,258123-576414,0,0,5,0,2,0,4,0,0
HZ_11,Grower_26,Grower_12,2020,Tolerant,0.87,SE,SE,0,234605-604445,0,0,5,0,2,0,0,0,0
HZ_20,Grower_110,Grower_1,2020,Tolerant,0.65,SE,E,0,169095-587389,0,0,7,1,3,0,0,0,0
HZ_5,Grower_134,Grower_61,2023,Susceptible,0.65,PB4,-,0,171350-580142,0,0,0,0,0,0,0,0,0
HZ_39,Grower_313,Grower_36,2020,Tolerant,0.17,SE,-,0,231142-604100,0,0,8,0,3,0,1,0,0
HZ_20,Grower_362,Grower_28,2020,Tolerant,1.1,SE,SE,0,238328-602763,0,0,2,1,1,0,0,0,0
HZ_87,Grower_141,Grower_18,2019,Tolerant,1.0,SE,SE,0,158713-580360,0,0,0,0,0,0,0,0,0
HZ_4,Grower_261,Grower_9,2020,Verysusceptible,3.8,SE,A,0,050033-415882,0,0,6,2,2,0,0,0,0
HZ_20,Grower_204,Grower_50,2023,Tolerant,2.2,SE,SE,0,117518-564547,0,0,7,0,3,0,0,4,0
HZ_20,Grower_276,Grower_90,2021,Tolerant,2.0,SE,E,0,100395-403495,0,0,2,0,1,0,0,1,0
HZ_58,Grower_90,Grower_17,2019,Susceptible,0.4,SE,-,0,198019-601237,0,0,7,4,4,0,4,0,0
HZ_20,Grower_111,Grower_49,2020,Tolerant,0.82,SE,SE,0,173609-591174,0,0,8,2,3,0,0,0,0
HZ_20,Grower_281,Grower_82,2019,Tolerant,3.5,SE,A,0,075312-398626,0,0,0,0,0,0,0,0,0
HZ_4,Grower_249,Grower_49,2019,Verysusceptible,0.4,SE,A,0,052640-362011,0,0,7,3,5,0,2,0,0
HZ_4,Grower_175,Grower_95,2019,Verysusceptible,4.6,SE,A,0,189368-515664,0,0,4,3,2,0,0,0,0
HZ_20,Grower_44,Grower_57,2023,Tolerant,0.24,PB3,-,0,231037-602093,0,0,0,0,0,0,0,0,0
HZ_17,Grower_105,Grower_52,2020,Susceptible,1.0,SE,SE,0,114549-568637,0,0,7,4,4,0,0,0,0
HZ_24,Grower_143,Grower_48,2021,Tolerant,4.23,SE,SE,0,179291-527439,0,0,3,0,1,0,0,1,0
HZ_4,Grower_241,Grower_86,2021,Verysusceptible,3.95,SE,A,1,017226-373305,0,0,0,0,0,1,0,1,0
HZ_20,Grower_66,Grower_40,2019,Tolerant,1.6,SE,A,0,228906-596382,0,0,8,6,6,0,2,0,0
HZ_20,Grower_453,Grower_90,2019,Tolerant,1.7,SE,A,0,137655-525381,0,0,7,7,5,0,5,0,0
HZ_20,Grower_40,Grower_1,2021,Tolerant,1.0,SE,SE,0,248901-604357,0,0,0,0,0,0,0,0,0
HZ_20,Grower_209,Grower_90,2019,Tolerant,1.37,SE,E,0,132814-534700,0,0,0,0,0,0,0,0,0
HZ_20,Grower_19,Grower_1,2020,Tolerant,2.21,E,E,0,243083-602784,0,0,7,1,3,0,0,0,0
HZ_13,Grower_321,Grower_153,2019,Tolerant,4.85,SE,E,0,242442-606257,0,0,1,1,0,0,0,0,0
HZ_72,Grower_155,Grower_151,2019,Tolerant,1.0,SE,A,0,173175-524458,0,0,0,0,0,0,0,0,0
HZ_20,Grower_99,Grower_58,2019,Tolerant,3.0,E,A,0,193157-599229,0,0,8,8,5,0,1,0,0
HZ_3,Grower_126,Grower_75,2021,Tolerant,0.4,SE,-,0,164488-580006,0,0,7,0,3,0,0,3,0
HZ_17,Grower_77,Grower_19,2019,Susceptible,0.58,SE,A,1,205520-600223,0,0,8,8,5,0,0,0,0
HZ_4,Grower_241,Grower_80,2020,Verysusceptible,3.86,SE,B,0,018494-373785,0,0,8,4,6,0,0,0,0
HZ_3,Grower_141,Grower_41,2019,Tolerant,0.45,E,A,0,156272-570067,0,0,1,1,0,0,0,0,0
HZ_53,Grower_281,Grower_12,2020,Tolerant,1.9,SE,A,0,078250-398881,0,0,8,5,2,0,0,0,0
HZ_5,Grower_74,Grower_38,2022,Susceptible,0.9,SE,SE,0,226235-594647,0,0,8,2,0,1,0,8,0
HZ_31,Grower_273,Grower_58,2020,Tolerant,0.5,SE,SE,0,088818-397131,0,0,4,1,1,0,0,0,0
HZ_20,Grower_208,Grower_83,2020,Tolerant,1.4,SE,E,0,128735-542934,0,0,4,0,1,0,0,0,0
HZ_3,Grower_108,Grower_33,2021,Tolerant,1.48,E,E,0,181208-584631,0,0,2,0,1,0,0,2,0
HZ_17,Grower_204,Grower_42,2019,Susceptible,1.1,SE,SE,0,120412-565338,0,0,8,1,3,0,0,0,0
HZ_40,Grower_326,Grower_44,2022,Tolerant,0.19,PB4,-,0,183496-595404,0,0,0,0,0,0,0,0,0
HZ_20,Grower_202,Grower_32,2021,Tolerant,0.8,PB4,PB4,0,119568-570412,0,0,6,3,4,0,0,1,1
HZ_8,Grower_107,Grower_114,2022,Tolerant,1.5,SE,SE,0,180336-588689,0,0,1,0,0,0,0,6,0
HZ_4,Grower_129,Grower_80,2022,Verysusceptible,0.8,E,E,0,157449-553023,0,0,8,6,8,0,0,2,0
HZ_20,Grower_99,Grower_58,2020,Tolerant,1.5,SE,SE,0,195579-601317,0,0,7,5,6,0,0,0,0
HZ_26,Grower_26,Grower_33,2021,Tolerant,0.97,SE,SE,0,239930-599194,0,0,1,0,0,0,0,0,0
HZ_22,Grower_172,Grower_88,2019,Tolerant,2.33,SE,SE,0,186864-529834,0,0,2,1,1,0,0,0,0
HZ_4,Grower_159,Grower_1,2022,Verysusceptible,2.7,SE,E,0,169291-490412,0,0,2,0,1,0,1,6,0
HZ_22,Grower_101,Grower_32,2020,Tolerant,2.0,SE,SE,0,186921-596710,0,0,0,0,0,0,0,0,0
HZ_39,Grower_141,Grower_42,2022,Tolerant,1.1,SE,E,1,158774-580450,0,0,0,0,0,0,0,0,0
HZ_20,Grower_122,Grower_9,2020,Tolerant,1.0,SE,-,0,175322-588776,0,0,6,1,2,0,3,0,0
HZ_3,Grower_321,Grower_49,2021,Tolerant,2.45,SE,SE,0,245857-604739,0,0,4,2,2,0,0,4,0
HZ_20,Grower_216,Grower_90,2019,Tolerant,0.2,SE,A,0,119727-537555,0,0,0,0,0,0,0,0,0
HZ_53,Grower_160,Grower_1,2019,Tolerant,0.85,SE,SE,0,167491-493231,0,0,8,3,4,0,1,0,0
HZ_3,Grower_31,Grower_112,2022,Tolerant,3.98,SE,SE,0,241832-605902,0,0,5,1,2,1,1,4,1
HZ_8,Grower_192,Grower_58,2022,Tolerant,2.22,SE,A,0,223736-603274,0,0,6,1,0,0,1,7,1
HZ_24,Grower_249,Grower_40,2021,Tolerant,0.8,SE,E,0,052759-363222,0,0,7,4,4,0,0,1,1
HZ_20,Grower_206,Grower_112,2020,Tolerant,0.3,E,E,0,115795-562456,0,0,8,2,3,0,0,0,0
HZ_20,Grower_215,Grower_8,2019,Tolerant,1.86,E,E,0,120340-536023,0,0,6,4,3,0,0,0,0
HZ_2,Grower_259,Grower_6,2023,Tolerant,2.1,SE,SE,0,050073-363057,0,0,0,0,0,0,0,0,0
HZ_56,Grower_182,Grower_93,2022,Susceptible,2.0,SE,A,0,185064-531039,0,0,3,1,1,1,0,0,0
HZ_16,Grower_59,Grower_1,2022,Susceptible,0.62,SE,-,0,234064-600395,0,0,1,0,1,0,1,1,0
HZ_4,Grower_3,Grower_1,2021,Verysusceptible,1.39,SE,SE,0,246560-592989,0,0,6,1,2,0,0,8,0
HZ_4,Grower_275,Grower_1,2022,Verysusceptible,4.5,SE,SE,0,083311-401734,0,0,2,2,0,0,1,6,0
HZ_21,Grower_279,Grower_90,2019,Verysusceptible,3.1,SE,AF,1,084812-398413,0,0,8,8,5,0,0,0,0
HZ_42,Grower_113,Grower_66,2023,Verysusceptible,1.7,SE,SE,0,176333-592257,0,0,8,2,6,0,0,3,1
HZ_36,Grower_64,Grower_53,2023,Tolerant,0.85,SE,A,0,227211-600093,0,0,4,3,2,0,0,0,0
HZ_9,Grower_112,Grower_72,2023,Verysusceptible,0.76,SE,SE,0,167233-587556,0,0,3,0,2,0,0,0,0
HZ_4,Grower_279,Grower_2,2022,Verysusceptible,3.05,SE,E,0,088733-408058,0,0,6,1,2,4,4,8,0
HZ_20,Grower_229,Grower_29,2023,Tolerant,1.33,SE,SE,0,130186-541878,0,0,0,0,0,0,0,0,0
HZ_3,Grower_197,Grower_83,2020,Tolerant,0.25,SE,SE,0,118001-563996,0,0,2,0,1,0,1,0,0
HZ_16,Grower_57,Grower_1,2020,Susceptible,4.0,E,E,0,226142-593427,0,0,1,2,0,0,0,0,0
HZ_31,Grower_42,Grower_29,2023,Tolerant,0.8,PB4,PB4,0,248630-600822,0,0,0,0,0,0,0,0,0
HZ_5,Grower_4,Grower_112,2020,Susceptible,4.85,E,E,0,253538-602744,0,0,2,1,1,0,0,0,0
HZ_29,Grower_105,Grower_2,2020,Tolerant,0.9,SE,A,0,122166-569691,0,0,1,0,0,0,0,0,0
HZ_3,Grower_151,Grower_89,2019,Tolerant,1.8,SE,SE,0,163769-542154,0,0,0,0,0,0,0,0,0
HZ_20,Grower_149,Grower_82,2021,Tolerant,2.0,E,E,0,177808-526454,0,0,1,0,0,1,0,0,0
HZ_61,Grower_354,Grower_107,2019,Susceptible,0.9,SE,E,1,135511-527488,0,0,5,2,2,0,1,0,0
HZ_12,Grower_186,Grower_95,2023,Susceptible,1.6,E,E,0,180797-519090,0,0,0,0,0,0,0,0,0
HZ_16,Grower_196,Grower_32,2021,Susceptible,1.05,SE,SE,0,118097-571311,0,0,5,4,3,0,0,2,0
HZ_17,Grower_84,Grower_32,2021,Susceptible,0.7,PB4,AF,0,192853-597501,0,0,8,2,3,0,1,0,1
HZ_12,Grower_389,Grower_146,2019,Susceptible,2.28,E,E,0,175418-533701,0,0,4,1,1,0,0,0,0
HZ_20,Grower_451,Grower_98,2019,Tolerant,1.8,E,E,0,119326-537827,0,0,8,8,5,0,4,0,0
HZ_20,Grower_413,Grower_49,2020,Tolerant,0.22,SE,SE,0,176596-591418,0,0,8,2,3,0,0,0,0
HZ_4,Grower_372,Grower_9,2020,Verysusceptible,0.93,SE,SE,0,133019-537077,0,0,6,0,2,0,0,0,0
HZ_5,Grower_332,Grower_33,2020,Susceptible,0.75,SE,-,0,178389-592687,0,0,0,0,0,0,0,0,0
HZ_3,Grower_118,Grower_40,2022,Tolerant,2.1,E,E,0,170555-589806,0,0,0,0,0,0,0,0,0
HZ_12,Grower_418,Grower_95,2020,Susceptible,0.75,SE,A,0,174177-537887,0,0,0,0,0,0,0,0,0
HZ_15,Grower_275,Grower_19,2019,Verysusceptible,1.01,SE,SE,0,088653-398991,0,0,8,8,5,0,0,0,0
HZ_17,Grower_102,Grower_156,2020,Susceptible,2.8,SE,E,1,177092-581796,0,0,0,0,0,0,0,0,0
HZ_8,Grower_342,Grower_119,2019,Tolerant,0.11,SE,A,0,187527-517546,0,0,4,1,1,0,1,0,0
HZ_14,Grower_35,Grower_152,2021,Susceptible,0.5,SE,SE,0,246369-606380,0,0,7,2,4,2,1,4,1
HZ_3,Grower_39,Grower_113,2022,Tolerant,0.85,SE,SE,0,246167-605425,0,0,1,0,0,1,0,1,0
HZ_61,Grower_382,Grower_107,2019,Susceptible,1.75,SE,A,0,048846-394233,0,0,5,2,2,0,1,0,0
HZ_3,Grower_89,Grower_53,2021,Tolerant,2.4,SE,SE,0,199653-600120,0,0,1,1,0,0,0,2,0
HZ_5,Grower_106,Grower_83,2019,Susceptible,3.18,E,E,0,129654-532998,0,0,0,0,0,0,0,0,0
HZ_17,Grower_99,Grower_47,2021,Susceptible,3.5,E,E,0,193769-598368,0,0,5,0,2,0,1,4,0
HZ_56,Grower_156,Grower_226,2019,Susceptible,0.4,E,E,0,175546-536262,0,0,6,1,2,0,0,0,0
HZ_39,Grower_77,Grower_133,2019,Tolerant,0.57,E,E,0,205520-600223,0,0,1,0,0,0,3,0,0
HZ_34,Grower_100,Grower_32,2022,Verysusceptible,0.81,SE,SE,0,179100-587850,0,0,7,1,0,1,0,1,0
HZ_61,Grower_354,Grower_86,2020,Susceptible,0.75,SE,-,0,132353-538322,0,0,0,0,0,0,0,0,0
HZ_5,Grower_59,Grower_47,2019,Susceptible,1.04,SE,SE,0,233913-599945,0,0,1,1,0,0,0,0,0
HZ_5,Grower_102,Grower_33,2019,Susceptible,3.5,SE,SE,0,182825-592555,0,0,2,1,1,0,0,0,0
HZ_17,Grower_83,Grower_47,2021,Susceptible,6.0,SE,SE,0,196291-598358,0,0,5,0,2,0,1,4,0
HZ_61,Grower_244,Grower_58,2019,Susceptible,1.5,SE,E,1,054016-370352,0,0,8,8,5,0,2,0,0
HZ_70,Grower_105,Grower_2,2020,Tolerant,2.0,E,E,0,119443-568211,0,0,1,1,0,0,0,0,0
HZ_3,Grower_111,Grower_112,2021,Tolerant,1.02,SE,SE,0,173838-590885,0,0,1,0,0,0,0,1,0
HZ_29,Grower_66,Grower_18,2020,Tolerant,0.86,SE,SE,0,229498-597024,0,0,0,0,0,1,0,0,0
HZ_19,Grower_248,Grower_82,2021,Verysusceptible,0.2,SE,A,0,057523-372352,0,0,0,0,0,0,0,0,0
HZ_20,Grower_89,Grower_116,2019,Tolerant,1.6,SE,SE,0,197955-601675,0,0,5,4,3,0,0,0,0
HZ_61,Grower_247,Grower_86,2021,Susceptible,2.95,SE,E,0,,0,0,4,2,2,1,1,5,1
HZ_5,Grower_3,Grower_47,2019,Susceptible,2.45,E,E,0,246790-593043,0,0,0,0,0,0,0,0,0
HZ_5,Grower_154,Grower_86,2022,Susceptible,0.48,SE,E,0,171883-533433,0,0,0,0,0,0,0,0,0
HZ_3,Grower_200,Grower_65,2019,Tolerant,0.69,SE,SE,0,121969-570147,0,0,1,0,0,0,0,0,0
HZ_23,Grower_303,Grower_32,2022,Verysusceptible,0.52,SE,SE,0,246628-604134,0,0,8,0,0,0,2,1,0
HZ_17,Grower_121,Grower_12,2020,Susceptible,1.0,SE,E,0,177967-582540,0,0,5,1,2,0,0,0,0
HZ_17,Grower_8,Grower_133,2021,Susceptible,1.74,SE,SE,0,246908-596382,0,0,6,4,3,0,0,3,0
HZ_5,Grower_99,Grower_83,2022,Susceptible,0.8,SE,SE,0,174921-588170,0,0,8,5,2,0,2,8,1
HZ_43,Grower_200,Grower_128,2020,Tolerant,0.6,SE,SE,0,117581-571623,0,0,0,0,0,0,0,0,0
HZ_5,Grower_154,Grower_146,2019,Susceptible,0.5,E,A,0,171877-533433,0,0,3,2,1,0,0,0,0
HZ_20,Grower_282,Grower_82,2021,Tolerant,4.98,SE,SE,0,234160-439902,0,0,1,0,0,0,0,0,0
HZ_12,Grower_174,Grower_36,2019,Susceptible,1.95,SE,A,0,050875-371439,0,0,8,7,4,0,4,0,0
HZ_43,Grower_91,Grower_53,2022,Tolerant,0.48,SE,SE,0,197943-598154,0,0,6,1,1,1,1,3,0
HZ_19,Grower_231,Grower_29,2023,Verysusceptible,0.77,SE,SE,0,120199-537760,0,0,0,0,0,0,0,0,0
HZ_17,Grower_114,Grower_52,2023,Susceptible,1.1,SE,SE,0,171341-590055,0,0,8,4,7,1,0,0,0
HZ_24,Grower_275,Grower_48,2019,Tolerant,2.0,SE,SE,0,089515-397814,0,0,8,6,6,0,0,0,0
HZ_38,Grower_236,Grower_40,2023,Tolerant,3.0,E,E,0,134878-522868,0,0,3,0,0,0,0,3,0
HZ_20,Grower_209,Grower_83,2019,Tolerant,1.67,E,E,0,130348-543756,0,0,8,3,4,1,0,0,0
HZ_7,Grower_125,Grower_178,2019,Tolerant,1.3,SE,-,0,160596-579106,0,0,6,1,2,0,0,0,0
HZ_44,Grower_96,Grower_66,2023,Susceptible,0.7,SE,SE,0,182639-591885,0,0,4,0,1,0,0,0,0
HZ_20,Grower_161,Grower_82,2022,Tolerant,3.1,SE,E,0,181568-501161,0,0,2,1,1,1,0,1,1
HZ_40,Grower_123,Grower_44,2022,Tolerant,1.0,SE,SE,0,170646-588304,0,0,0,0,0,0,0,1,0
HZ_19,Grower_23,Grower_29,2023,Verysusceptible,1.87,E,E,0,238536-607106,0,0,0,0,0,0,0,0,0
HZ_3,Grower_114,Grower_52,2021,Tolerant,3.3,SE,SE,0,174612-591230,0,0,2,0,1,0,0,0,0
HZ_43,Grower_116,Grower_61,2020,Tolerant,0.92,SE,SE,0,178529-590640,0,0,6,1,2,1,0,0,0
HZ_4,Grower_166,Grower_79,2020,Verysusceptible,4.02,E,A,0,168936-500376,0,0,1,0,0,0,2,0,0
HZ_3,Grower_49,Grower_18,2023,Tolerant,0.55,SE,SE,0,215348-590547,0,0,1,0,1,0,0,0,0
HZ_4,Grower_10,Grower_1,2020,Verysusceptible,1.62,SE,E,0,261838-585284,0,0,6,2,2,0,3,0,0
HZ_8,Grower_288,Grower_28,2021,Tolerant,2.81,E,E,0,253626-600749,0,0,1,0,0,0,0,0,1
HZ_20,Grower_204,Grower_90,2023,Tolerant,0.8,E,E,0,120481-566156,0,0,0,0,0,0,0,0,0
HZ_4,Grower_249,Grower_90,2021,Verysusceptible,0.9,SE,SE,0,057019-365347,0,0,0,0,0,0,0,0,0
HZ_4,Grower_358,Grower_1,2022,Verysusceptible,2.5,SE,SE,0,093970-401563,0,0,2,1,1,0,1,6,0
HZ_17,Grower_3,Grower_58,2022,Susceptible,1.73,E,E,0,249376-595017,0,0,1,0,0,0,0,2,0
HZ_23,Grower_246,Grower_30,2023,Verysusceptible,1.7,SE,AF,0,032314-375565,0,0,6,1,6,0,0,4,0
HZ_17,Grower_56,Grower_12,2020,Susceptible,1.35,E,A,1,225741-593779,0,0,6,5,5,0,0,0,0
HZ_20,Grower_28,Grower_8,2022,Tolerant,1.53,SE,SE,0,246707-597886,0,0,6,0,5,0,1,6,0
HZ_20,Grower_362,Grower_28,2020,Tolerant,2.7,SE,SE,0,238328-602763,0,0,2,1,1,0,0,0,0
HZ_4,Grower_277,Grower_33,2020,Verysusceptible,3.6,SE,E,0,076324-396438,0,0,7,0,3,0,1,0,0
HZ_17,Grower_3,Grower_12,2021,Susceptible,0.56,E,E,0,249667-594968,0,0,6,3,4,0,0,2,0
HZ_17,Grower_202,Grower_52,2019,Susceptible,1.71,SE,SE,0,121186-572054,0,0,8,0,3,1,0,0,0
HZ_20,Grower_351,Grower_83,2020,Tolerant,0.59,PB3,A,1,131747-540052,0,0,0,0,0,0,0,0,0
HZ_40,Grower_123,Grower_11,2022,Tolerant,1.7,E,E,0,170646-588304,0,0,8,2,5,0,1,6,1
HZ_24,Grower_46,Grower_208,2019,Tolerant,1.27,E,E,0,221172-591770,0,0,4,2,2,0,0,0,0
HZ_5,Grower_234,Grower_90,2023,Susceptible,4.7,E,E,0,121359-517996,0,0,0,0,0,0,0,0,0
HZ_20,Grower_197,Grower_2,2022,Tolerant,0.8,SE,SE,0,118613-564216,0,0,6,4,1,0,0,4,1
HZ_14,Grower_247,Grower_124,2022,Susceptible,0.7,PB4,PB4,0,038298-373096,0,0,0,0,0,0,0,0,0
HZ_4,Grower_87,Grower_66,2021,Verysusceptible,1.6,SE,SE,0,205166-600921,0,0,7,0,3,0,1,7,0
HZ_18,Grower_11,Grower_5,2022,Tolerant,0.95,SE,SE,0,251026-599524,0,0,8,1,3,3,0,6,1
HZ_8,Grower_11,Grower_114,2022,Tolerant,0.89,SE,SE,0,251092-601800,0,0,1,0,0,0,0,6,0
HZ_55,Grower_162,Grower_74,2023,Tolerant,0.67,SE,A,0,165893-490904,0,0,0,0,0,0,0,0,0
HZ_17,Grower_35,Grower_39,2020,Susceptible,1.8,SE,SE,0,245391-606386,0,0,0,0,0,0,0,0,0
HZ_4,Grower_166,Grower_89,2023,Verysusceptible,1.25,SE,-,0,167358-501885,0,0,1,0,1,0,0,0,0
HZ_5,Grower_428,Grower_83,2019,Susceptible,2.2,E,A,0,135472-529162,0,0,0,0,0,0,0,0,0
HZ_4,Grower_319,Grower_63,2021,Verysusceptible,1.77,SE,E,1,211743-590578,0,0,0,0,0,0,0,0,0
HZ_3,Grower_114,Grower_66,2023,Tolerant,3.9,SE,SE,0,168449-589488,0,0,0,0,0,0,0,0,0
HZ_54,Grower_93,Grower_3,2020,Verysusceptible,0.5,SE,SE,0,173781-592150,0,0,6,0,2,0,0,0,0
HZ_16,Grower_206,Grower_66,2020,Susceptible,1.15,E,A,1,113300-565439,0,0,6,3,4,0,0,0,0
HZ_20,Grower_114,Grower_12,2021,Tolerant,1.7,E,E,0,166986-587979,0,0,7,2,4,0,1,6,1
HZ_20,Grower_114,Grower_49,2020,Tolerant,0.8,SE,SE,0,169129-589875,0,0,8,2,3,0,0,0,0
HZ_66,Grower_282,Grower_2,2019,Verysusceptible,0.79,SE,AF,0,234553-436098,0,0,6,2,2,0,5,0,0
HZ_5,Grower_252,Grower_86,2022,Susceptible,1.2,SE,A,0,052904-374477,0,0,0,0,0,0,0,0,0
HZ_42,Grower_283,Grower_71,2020,Verysusceptible,2.75,SE,E,0,172137-426269,0,0,7,5,6,0,0,0,0
HZ_42,Grower_281,Grower_63,2023,Verysusceptible,3.2,SE,SE,0,078736-399900,0,0,0,0,0,0,0,0,0
HZ_17,Grower_86,Grower_19,2019,Susceptible,1.0,SE,A,1,198128-596948,0,0,8,8,5,1,0,0,0
HZ_5,Grower_289,Grower_20,2019,Susceptible,0.44,E,E,0,275041-582657,0,0,0,0,0,0,0,0,0
HZ_16,Grower_57,Grower_1,2020,Susceptible,0.8,SE,-,0,226142-593427,0,0,1,2,0,0,0,0,0
HZ_20,Grower_28,Grower_8,2023,Tolerant,1.0,SE,SE,0,246313-597842,0,0,3,0,3,0,0,1,0
HZ_17,Grower_330,Grower_52,2021,Susceptible,0.91,SE,SE,0,176055-588657,0,0,7,3,5,0,0,3,0
HZ_12,Grower_173,Grower_36,2023,Susceptible,2.5,SE,E,0,185087-522299,0,0,4,2,4,1,1,4,0
HZ_54,Grower_154,Grower_1,2022,Verysusceptible,0.72,E,E,0,170638-532991,0,0,0,0,0,0,8,4,2
HZ_16,Grower_161,Grower_32,2022,Susceptible,1.85,SE,SE,0,175460-508172,0,0,5,3,1,0,0,3,0
HZ_61,Grower_356,Grower_34,2022,Susceptible,0.97,SE,E,0,101059-476229,0,0,3,0,1,1,0,5,0
HZ_4,Grower_241,Grower_61,2023,Verysusceptible,1.5,SE,SE,0,018788-372778,0,0,6,0,1,1,0,6,0
HZ_65,Grower_92,Grower_132,2020,Tolerant,0.58,SE,E,0,190884-597708,0,0,0,0,0,0,0,0,0
HZ_17,Grower_104,Grower_32,2021,Susceptible,0.65,E,E,0,181390-592520,0,0,8,6,6,0,5,7,0
HZ_3,Grower_167,Grower_146,2021,Tolerant,1.75,SE,E,0,186029-511819,0,0,0,0,0,0,0,0,0
HZ_9,Grower_197,Grower_67,2023,Verysusceptible,1.75,PB4,PB4,0,118816-564472,0,0,3,0,3,0,0,0,0
HZ_3,Grower_392,Grower_93,2021,Tolerant,0.35,SE,SE,0,174011-519843,0,0,0,0,0,0,0,0,0
HZ_47,Grower_281,Grower_42,2022,Verysusceptible,1.5,E,AF,0,076921-395371,0,0,3,2,1,1,2,3,0
HZ_12,Grower_136,Grower_52,2020,Susceptible,1.6,SE,SE,0,167285-582087,0,0,7,1,3,0,0,0,0
HZ_12,Grower_154,Grower_125,2020,Susceptible,2.34,E,E,0,169329-530319,0,0,0,0,0,0,0,0,0
HZ_20,Grower_396,Grower_147,2021,Tolerant,0.62,SE,SE,0,118858-566985,0,0,6,4,3,0,0,2,1
HZ_11,Grower_22,Grower_12,2021,Tolerant,0.5,PB3,PB3,0,238585-605977,0,0,0,0,0,0,0,0,0
HZ_35,Grower_354,Grower_40,2020,Tolerant,1.85,E,AF,0,132961-536575,0,0,7,6,4,0,8,0,0
HZ_20,Grower_88,Grower_116,2021,Tolerant,0.61,SE,SE,0,212275-591904,0,0,7,5,6,0,1,4,0
HZ_61,Grower_97,Grower_205,2019,Susceptible,1.27,PB3,-,0,201816-600630,0,0,0,0,0,0,0,0,0
HZ_3,Grower_330,Grower_52,2019,Tolerant,0.51,E,E,0,174487-589823,0,0,0,0,0,0,0,0,0
HZ_11,Grower_263,Grower_102,2021,Tolerant,1.28,SE,SE,0,035417-370980,0,0,0,0,0,0,0,0,0
HZ_3,Grower_184,Grower_137,2022,Tolerant,2.3,SE,E,0,190863-526301,0,0,3,3,0,0,0,6,0
HZ_20,Grower_330,Grower_8,2020,Tolerant,0.17,E,AF,0,174445-590704,0,0,8,4,6,0,0,0,0
HZ_4,Grower_277,Grower_64,2019,Verysusceptible,4.0,SE,A,0,076535-397088,0,0,7,4,4,1,1,0,0
HZ_20,Grower_71,Grower_1,2023,Tolerant,3.52,SE,SE,0,228677-602472,0,0,0,0,0,0,0,0,0
HZ_11,Grower_174,Grower_19,2023,Tolerant,2.16,SE,SE,0,055412-371087,0,0,1,0,1,0,0,0,0
HZ_27,Grower_270,Grower_2,2019,Tolerant,3.6,SE,B,0,084291-400778,0,0,3,0,1,0,1,0,0
HZ_20,Grower_236,Grower_49,2019,Tolerant,7.2,E,A,0,143692-525137,0,0,6,5,5,0,0,0,0
HZ_17,Grower_333,Grower_52,2020,Susceptible,0.75,SE,A,1,174007-582160,0,0,7,4,4,0,0,0,0
HZ_52,Grower_136,Grower_113,2020,Tolerant,2.3,E,E,0,164890-580261,0,0,2,1,1,0,0,0,0
HZ_46,Grower_250,Grower_75,2023,Susceptible,3.05,SE,E,0,018708-370326,0,0,0,0,0,0,0,0,0
HZ_5,Grower_235,Grower_83,2019,Susceptible,3.5,E,A,0,125288-517312,0,0,0,0,0,0,0,0,0
HZ_11,Grower_202,Grower_19,2021,Tolerant,1.11,SE,SE,0,120705-571443,0,0,6,1,2,1,6,5,0
HZ_17,Grower_137,Grower_42,2022,Susceptible,1.0,SE,SE,0,166059-581410,0,0,2,1,1,1,1,2,0
HZ_14,Grower_259,Grower_19,2023,Susceptible,2.5,SE,SE,0,048921-362737,0,0,0,0,0,0,0,0,0
HZ_3,Grower_133,Grower_75,2021,Tolerant,0.91,SE,SE,0,163641-579683,0,0,7,0,3,0,0,3,0
HZ_89,Grower_201,Grower_74,2019,Verysusceptible,2.8,SE,SE,0,089730-402560,0,0,4,3,2,0,0,0,0
HZ_17,Grower_127,Grower_61,2021,Susceptible,0.93,SE,SE,0,168252-581532,0,0,7,2,4,0,0,1,0
HZ_3,Grower_167,Grower_13,2023,Tolerant,2.5,SE,AF,0,193484-514262,0,0,0,0,0,0,0,0,0
HZ_16,Grower_9,Grower_8,2022,Susceptible,1.7,E,E,0,263586-581369,0,0,3,1,1,1,0,8,1
HZ_20,Grower_204,Grower_116,2022,Tolerant,0.8,PB4,PB4,0,117635-564322,0,0,4,1,0,2,0,1,0
HZ_38,Grower_195,Grower_4,2019,Tolerant,0.9,SE,A,0,114900-566494,0,0,1,0,0,0,0,0,0
HZ_39,Grower_100,Grower_78,2023,Tolerant,0.93,SE,SE,0,179139-587045,0,0,1,0,0,0,0,2,0
HZ_39,Grower_118,Grower_133,2019,Tolerant,0.47,SE,SE,0,170563-589764,0,0,1,0,0,0,3,0,0
HZ_5,Grower_106,Grower_83,2019,Susceptible,2.08,E,E,0,129295-532988,0,0,0,0,0,0,0,0,0
HZ_13,Grower_232,Grower_22,2022,Tolerant,3.1,E,E,0,115460-526969,0,0,3,2,0,0,0,2,0
HZ_26,Grower_26,Grower_3,2023,Tolerant,0.19,E,E,0,237494-599442,0,0,0,0,0,0,0,0,0
HZ_20,Grower_330,Grower_40,2021,Tolerant,0.76,SE,E,1,174392-591081,0,0,8,4,6,0,0,5,0
HZ_13,Grower_244,Grower_101,2020,Tolerant,1.0,SE,A,0,051736-371296,0,0,3,1,1,0,0,0,0
HZ_48,Grower_113,Grower_61,2022,Verysusceptible,1.0,E,A,1,172767-586844,0,0,0,0,0,0,0,0,0
HZ_52,Grower_71,Grower_1,2022,Tolerant,1.2,SE,SE,0,228475-603186,0,0,2,1,0,0,0,2,1
HZ_22,Grower_173,Grower_48,2023,Tolerant,0.5,E,E,0,190611-517131,0,0,1,0,0,0,0,0,0
HZ_39,Grower_134,Grower_90,2022,Tolerant,0.77,SE,A,0,170808-580520,0,0,1,0,1,1,0,2,0
HZ_17,Grower_322,Grower_93,2021,Susceptible,1.52,SE,SE,0,202691-600302,0,0,0,0,0,0,0,0,0
HZ_5,Grower_53,Grower_47,2022,Susceptible,2.5,E,E,0,220018-587452,0,0,1,1,1,0,0,0,0
HZ_5,Grower_15,Grower_83,2021,Susceptible,1.0,PB3,-,0,239855-605880,0,0,0,0,0,0,0,0,0
HZ_43,Grower_89,Grower_65,2021,Tolerant,0.85,SE,AF,0,201576-599972,0,0,6,1,2,0,1,2,0
HZ_20,Grower_44,Grower_1,2022,Tolerant,2.65,SE,SE,0,231424-600856,0,0,2,0,1,0,1,6,1
HZ_20,Grower_94,Grower_128,2022,Tolerant,0.45,SE,A,0,185643-596205,0,0,0,0,0,0,0,0,0
HZ_3,Grower_286,Grower_110,2022,Tolerant,0.93,SE,SE,0,255140-599101,0,0,1,0,0,0,0,1,1
HZ_4,Grower_254,Grower_1,2023,Verysusceptible,3.24,SE,E,0,057540-366463,0,0,0,0,0,0,0,0,0
HZ_75,Grower_65,Grower_17,2019,Tolerant,2.64,E,E,0,226668-603601,0,0,6,1,2,0,0,0,0
HZ_3,Grower_86,Grower_65,2022,Tolerant,1.25,SE,SE,0,198249-600207,0,0,6,2,3,2,4,7,0
HZ_3,Grower_6,Grower_18,2020,Tolerant,2.15,E,E,0,267198-591130,0,0,0,0,0,0,0,0,0
HZ_51,Grower_171,Grower_12,2023,Susceptible,1.95,SE,SE,0,187743-532774,0,0,3,1,2,1,0,2,0
HZ_20,Grower_150,Grower_82,2023,Tolerant,1.6,SE,SE,0,177030-532549,0,0,4,1,2,0,0,0,0
HZ_4,Grower_250,Grower_90,2021,Verysusceptible,3.35,SE,E,1,014968-367063,0,0,0,0,0,0,0,0,0
HZ_43,Grower_105,Grower_18,2020,Tolerant,0.7,SE,SE,0,116237-560115,0,0,2,1,1,0,0,0,0
HZ_1,Grower_162,Grower_38,2021,Tolerant,1.3,SE,A,0,164262-494039,0,0,7,4,4,0,0,2,0
HZ_16,Grower_290,Grower_8,2021,Susceptible,0.97,SE,SE,0,244171-599052,0,0,4,0,1,0,0,1,0
HZ_43,Grower_124,Grower_61,2021,Tolerant,2.25,E,A,1,158335-567603,0,0,2,0,1,0,0,0,0
HZ_3,Grower_338,Grower_42,2021,Tolerant,1.01,SE,E,0,175379-537683,0,0,2,1,1,0,0,0,0
HZ_22,Grower_255,Grower_32,2021,Tolerant,1.5,SE,SE,0,044426-371827,0,0,3,0,1,0,0,0,0
HZ_47,Grower_252,Grower_44,2022,Verysusceptible,0.8,SE,A,0,052904-374477,0,0,6,4,1,0,0,0,0
HZ_12,Grower_174,Grower_205,2019,Susceptible,4.0,SE,A,0,050875-371439,0,0,8,6,6,2,0,0,0
HZ_24,Grower_187,Grower_48,2020,Tolerant,2.0,SE,A,0,062984-373186,0,0,2,0,1,0,0,0,0
HZ_15,Grower_259,Grower_68,2021,Verysusceptible,0.93,E,AF,1,051074-361844,0,0,8,7,4,0,5,3,0
HZ_3,Grower_114,Grower_40,2023,Tolerant,1.9,E,E,0,168449-589488,0,0,4,0,1,0,0,1,0
HZ_46,Grower_182,Grower_41,2022,Susceptible,1.0,SE,SE,0,185144-530711,0,0,3,0,0,0,1,8,0
HZ_39,Grower_141,Grower_61,2020,Tolerant,0.9,SE,SE,0,159519-580492,0,0,8,0,3,0,0,0,0
HZ_65,Grower_70,Grower_17,2020,Tolerant,0.6,SE,-,0,227008-594093,0,0,4,0,1,0,0,0,0
HZ_39,Grower_114,Grower_61,2020,Tolerant,0.8,SE,SE,0,171058-589387,0,0,8,0,3,0,0,0,0
HZ_56,Grower_182,Grower_65,2019,Susceptible,1.0,SE,SE,0,189732-528920,0,0,0,0,0,0,0,0,0
HZ_16,Grower_277,Grower_8,2020,Susceptible,3.85,SE,E,0,076264-397011,0,0,0,0,0,0,0,0,0
HZ_5,Grower_252,Grower_92,2023,Susceptible,2.8,SE,E,0,053354-373534,0,0,2,0,1,1,0,1,0
HZ_22,Grower_366,Grower_155,2019,Tolerant,1.51,E,E,0,247556-603998,0,0,0,0,0,0,0,0,0
HZ_48,Grower_105,Grower_99,2019,Verysusceptible,4.0,E,AF,1,122165-571609,0,0,8,8,5,0,8,0,0
HZ_17,Grower_332,Grower_40,2019,Susceptible,1.75,SE,-,0,178127-592914,0,0,8,8,5,0,4,0,0
HZ_10,Grower_27,Grower_17,2021,Tolerant,1.35,SE,SE,0,241435-605180,0,0,0,0,0,0,0,2,0
HZ_5,Grower_248,Grower_42,2020,Susceptible,1.0,SE,A,0,058758-377808,0,0,2,0,1,0,0,0,0
HZ_19,Grower_248,Grower_50,2021,Verysusceptible,0.59,SE,E,1,058821-376879,0,0,8,5,2,0,0,2,0
HZ_40,Grower_59,Grower_11,2022,Tolerant,0.71,SE,SE,0,233891-599973,0,0,8,2,6,0,1,4,1
HZ_20,Grower_286,Grower_36,2019,Tolerant,1.11,E,A,0,254693-600359,0,0,0,0,0,0,0,0,0
HZ_4,Grower_280,Grower_1,2021,Verysusceptible,1.6,SE,SE,0,089205-401010,0,0,6,1,2,0,0,7,0
HZ_19,Grower_23,Grower_24,2019,Verysusceptible,0.8,E,E,0,238605-606764,0,0,8,8,5,0,0,0,0
HZ_27,Grower_261,Grower_2,2023,Tolerant,3.6,SE,AF,0,046934-414045,0,0,1,0,0,0,0,1,0
HZ_12,Grower_391,Grower_146,2020,Susceptible,3.3,SE,A,0,185275-522268,0,0,2,1,1,0,0,0,0
HZ_4,Grower_187,Grower_63,2020,Verysusceptible,1.95,SE,E,0,055629-374682,0,0,4,0,1,0,1,0,0
HZ_17,Grower_102,Grower_40,2019,Susceptible,1.3,E,E,0,183528-592643,0,0,8,8,5,0,4,0,0
HZ_20,Grower_275,Grower_90,2019,Tolerant,3.57,SE,A,0,095720-405953,0,0,6,6,1,0,8,0,0
HZ_20,Grower_152,Grower_1,2021,Tolerant,2.4,E,E,0,173933-532470,0,0,8,2,3,0,0,8,0
HZ_22,Grower_36,Grower_33,2023,Tolerant,3.4,E,E,0,245458-609322,0,0,8,4,3,1,0,4,0
HZ_20,Grower_209,Grower_36,2019,Tolerant,2.37,E,A,0,132814-534700,0,0,0,0,0,0,0,0,0
HZ_61,Grower_154,Grower_34,2022,Susceptible,0.47,SE,SE,0,169552-530324,0,0,3,0,1,1,0,5,0
HZ_4,Grower_169,Grower_90,2020,Verysusceptible,2.6,SE,SE,0,188389-530106,0,0,0,0,0,0,0,0,0
HZ_6,Grower_8,Grower_56,2019,Tolerant,0.86,SE,A,0,248728-595491,0,0,7,5,6,0,1,0,0
HZ_12,Grower_65,Grower_15,2021,Susceptible,2.48,E,E,0,226905-603686,0,0,5,0,2,0,0,3,0
HZ_5,Grower_292,Grower_33,2021,Susceptible,0.79,SE,E,1,240400-599110,0,0,3,0,1,0,0,1,0
HZ_6,Grower_8,Grower_56,2019,Tolerant,2.4,E,A,0,248728-595491,0,0,7,5,6,0,1,0,0
HZ_20,Grower_68,Grower_98,2019,Tolerant,1.4,E,E,0,119872-575959,0,0,8,7,4,0,4,0,0
HZ_17,Grower_196,Grower_39,2020,Susceptible,1.33,SE,SE,0,119656-567689,0,0,0,0,0,0,0,0,0
HZ_4,Grower_403,Grower_1,2020,Verysusceptible,3.9,SE,E,0,086436-406222,0,0,6,2,2,0,3,0,0
HZ_20,Grower_66,Grower_2,2019,Tolerant,1.26,SE,A,0,233007-600166,0,0,7,3,5,0,1,0,0
HZ_20,Grower_212,Grower_1,2020,Tolerant,0.64,SE,SE,0,133969-536585,0,0,7,1,3,0,0,0,0
HZ_80,Grower_290,Grower_37,2020,Verysusceptible,0.89,SE,SE,0,243927-600344,0,0,4,2,2,0,0,0,0
HZ_20,Grower_255,Grower_90,2022,Tolerant,3.9,SE,A,0,044437-370422,0,0,2,0,0,4,0,3,1
HZ_24,Grower_46,Grower_24,2023,Tolerant,0.18,SE,-,0,218754-590355,0,0,0,0,0,0,0,0,0
HZ_39,Grower_124,Grower_61,2020,Tolerant,0.8,SE,E,0,159310-568973,0,0,8,0,3,0,0,0,0
HZ_12,Grower_5,Grower_14,2023,Susceptible,1.15,SE,SE,0,250593-600485,0,0,1,0,1,0,0,1,0
HZ_17,Grower_58,Grower_12,2020,Susceptible,1.07,SE,E,0,225780-600311,0,0,5,1,2,0,0,0,0
HZ_21,Grower_161,Grower_89,2019,Verysusceptible,3.0,SE,SE,0,159727-490100,0,0,1,1,0,0,0,0,0
HZ_17,Grower_351,Grower_147,2021,Susceptible,2.3,SE,SE,0,132941-540036,0,0,1,0,0,0,0,1,0
HZ_5,Grower_107,Grower_3,2020,Susceptible,0.45,SE,-,0,180006-589232,0,0,4,1,1,0,0,0,0
HZ_46,Grower_275,Grower_3,2019,Susceptible,0.9,SE,A,0,085851-399048,0,0,6,0,2,0,0,0,0
HZ_20,Grower_86,Grower_116,2020,Tolerant,0.34,SE,SE,0,196071-601364,0,0,0,0,0,0,0,0,0
HZ_12,Grower_130,Grower_205,2019,Susceptible,1.2,SE,SE,0,166373-583243,0,0,8,6,6,2,0,0,0
HZ_16,Grower_290,Grower_49,2022,Susceptible,1.85,SE,SE,0,243484-599552,0,0,8,4,2,2,0,7,0
HZ_55,Grower_162,Grower_91,2023,Tolerant,1.17,SE,E,0,165893-490904,0,0,1,0,1,0,0,0,0
HZ_3,Grower_228,Grower_74,2019,Tolerant,3.0,SE,A,0,125316-536579,0,0,0,0,0,0,0,0,0
HZ_20,Grower_212,Grower_1,2021,Tolerant,0.58,SE,SE,0,133706-536576,0,0,0,0,0,0,0,0,0
HZ_4,Grower_284,Grower_61,2020,Verysusceptible,3.1,SE,E,1,085354-401271,0,0,7,0,3,0,2,0,0
HZ_17,Grower_66,Grower_99,2022,Susceptible,0.9,SE,SE,0,228896-599643,0,0,5,2,4,0,0,4,0
HZ_4,Grower_278,Grower_66,2023,Verysusceptible,2.0,SE,A,0,088008-399366,0,0,2,1,1,1,0,1,1
HZ_13,Grower_14,Grower_17,2023,Tolerant,0.7,E,E,0,257838-575600,0,0,0,0,0,0,0,0,0
HZ_3,Grower_208,Grower_18,2022,Tolerant,0.7,SE,SE,0,130168-537566,0,0,1,1,1,1,0,3,1
HZ_4,Grower_455,Grower_132,2019,Verysusceptible,2.0,SE,SE,0,101174-402463,0,0,8,6,6,1,0,0,0
HZ_12,Grower_263,Grower_136,2020,Susceptible,2.98,SE,E,0,036578-369829,0,0,7,7,5,0,7,0,0
HZ_20,Grower_61,Grower_11,2023,Tolerant,1.85,PB4,PB4,0,229733-601708,0,0,7,6,4,1,0,8,0
HZ_2,Grower_255,Grower_6,2021,Tolerant,1.7,SE,SE,0,043964-371235,0,0,3,1,1,0,0,1,0
HZ_34,Grower_206,Grower_3,2023,Verysusceptible,0.82,E,E,0,114454-568217,0,0,1,1,0,0,0,0,0
HZ_46,Grower_259,Grower_75,2022,Susceptible,2.5,E,AF,0,041579-366291,0,0,8,5,0,1,8,8,0
HZ_24,Grower_344,Grower_48,2022,Tolerant,1.65,SE,E,0,185090-523123,0,0,5,6,3,1,0,7,4
HZ_17,Grower_100,Grower_61,2019,Susceptible,1.17,SE,SE,0,177020-587234,0,0,6,4,3,0,0,0,0
HZ_24,Grower_64,Grower_24,2023,Tolerant,0.7,SE,E,0,226776-598918,0,0,0,0,0,0,0,0,0
HZ_5,Grower_274,Grower_33,2022,Susceptible,2.75,SE,SE,0,076349-402840,0,0,5,0,2,0,0,5,0
HZ_5,Grower_89,Grower_33,2023,Susceptible,0.37,SE,SE,0,196699-598552,0,0,0,0,0,0,0,0,0
HZ_51,Grower_224,Grower_12,2021,Susceptible,2.48,E,E,0,124785-533835,0,0,0,0,0,0,0,0,0
HZ_34,Grower_256,Grower_2,2022,Verysusceptible,1.9,SE,SE,0,175569-532689,0,0,8,2,0,0,3,7,1
HZ_13,Grower_358,Grower_40,2020,Tolerant,0.65,SE,E,0,094449-401967,0,0,5,1,2,0,2,0,0
HZ_50,Grower_356,Grower_3,2019,Tolerant,2.94,SE,SE,0,100924-476536,0,0,6,3,4,0,0,0,0
HZ_13,Grower_232,Grower_22,2021,Tolerant,0.95,E,E,0,116164-526932,0,0,4,1,1,0,0,1,0
HZ_19,Grower_231,Grower_29,2023,Verysusceptible,1.81,E,E,0,120199-537760,0,0,0,0,0,0,0,0,0
HZ_20,Grower_153,Grower_71,2020,Tolerant,0.45,SE,SE,0,175796-533876,0,0,1,0,0,0,0,0,0
HZ_20,Grower_355,Grower_58,2022,Tolerant,1.7,E,E,0,123069-530116,0,0,1,0,0,0,0,0,0
HZ_20,Grower_247,Grower_82,2019,Tolerant,0.1,SE,AF,0,039237-373271,0,0,1,1,0,0,0,0,0
HZ_4,Grower_10,Grower_49,2021,Verysusceptible,1.92,SE,SE,0,262062-584654,0,0,4,2,2,0,0,1,0
HZ_5,Grower_289,Grower_47,2020,Susceptible,0.75,SE,SE,0,275270-582798,0,0,0,0,0,0,0,0,0
HZ_3,Grower_295,Grower_110,2020,Tolerant,0.9,E,E,0,235110-605535,0,0,5,0,2,0,0,0,0
HZ_4,Grower_93,Grower_33,2021,Verysusceptible,0.4,SE,A,1,173841-590429,0,0,6,0,2,0,1,1,0
HZ_3,Grower_186,Grower_94,2022,Tolerant,0.7,SE,E,0,173140-515109,0,0,0,0,0,0,0,1,0
HZ_20,Grower_84,Grower_116,2021,Tolerant,0.7,PB4,-,0,192853-597501,0,0,4,1,1,0,0,1,1
HZ_5,Grower_218,Grower_83,2021,Susceptible,0.68,E,E,0,118015-532452,0,0,2,1,1,0,0,1,0
HZ_3,Grower_83,Grower_65,2020,Tolerant,0.53,S,S,0,198237-599763,0,0,3,0,1,0,0,0,0
HZ_20,Grower_247,Grower_1,2020,Tolerant,3.4,SE,SE,0,037201-373687,0,0,7,1,3,0,0,0,0
HZ_5,Grower_277,Grower_92,2023,Susceptible,2.05,SE,E,0,075475-392487,0,0,2,0,1,1,0,1,0
HZ_17,Grower_83,Grower_65,2020,Susceptible,1.0,SE,SE,0,196048-597474,0,0,7,4,4,1,1,0,0
HZ_58,Grower_103,Grower_100,2022,Susceptible,0.9,E,E,0,184459-596547,0,0,5,3,3,0,6,8,0
HZ_3,Grower_122,Grower_75,2023,Tolerant,1.0,SE,-,0,175336-589074,0,0,1,0,0,0,0,0,0
HZ_2,Grower_255,Grower_81,2023,Tolerant,2.35,SE,SE,0,043508-371694,0,0,0,0,0,0,0,0,0
HZ_3,Grower_107,Grower_44,2022,Tolerant,0.4,PB4,PB4,0,180332-589791,0,0,0,0,0,0,0,0,0
HZ_3,Grower_79,Grower_53,2021,Tolerant,1.5,SE,SE,0,203235-594597,0,0,1,1,0,0,0,2,0
HZ_2,Grower_255,Grower_2,2022,Tolerant,2.0,SE,SE,0,043022-371578,0,0,8,2,4,0,1,8,3
HZ_36,Grower_67,Grower_163,2019,Tolerant,1.9,SE,A,0,234282-599089,0,0,6,1,2,0,0,0,0
HZ_28,Grower_105,Grower_37,2023,Tolerant,2.0,SE,SE,0,119526-567929,0,0,2,0,0,0,0,1,0
HZ_20,Grower_55,Grower_50,2021,Tolerant,0.35,E,E,0,227396-602380,0,0,4,1,1,0,0,1,0
HZ_35,Grower_354,Grower_201,2019,Tolerant,1.64,E,A,0,132619-538294,0,0,8,8,5,0,4,0,0
HZ_24,Grower_173,Grower_81,2020,Tolerant,5.0,SE,SE,0,190829-516856,0,0,0,0,0,0,0,0,0
HZ_20,Grower_195,Grower_83,2019,Tolerant,1.05,SE,SE,0,118619-571183,0,0,8,6,6,1,0,0,0
HZ_43,Grower_80,Grower_65,2020,Tolerant,1.16,SE,SE,0,200868-600931,0,0,6,4,3,0,2,0,0
HZ_35,Grower_27,Grower_51,2019,Tolerant,1.5,SE,A,0,242794-606219,0,0,8,8,5,0,5,0,0
HZ_24,Grower_203,Grower_48,2019,Tolerant,3.51,SE,A,0,231317-440915,0,0,5,4,3,0,0,0,0
HZ_20,Grower_203,Grower_76,2019,Tolerant,0.41,SE,SE,0,230488-435681,0,0,8,1,3,0,0,0,0
HZ_12,Grower_228,Grower_95,2022,Susceptible,0.35,SE,E,0,124797-538123,0,0,6,3,6,2,0,6,0
HZ_13,Grower_6,Grower_22,2021,Tolerant,3.9,E,E,0,266877-591271,0,0,3,1,1,0,0,1,0
HZ_20,Grower_223,Grower_8,2020,Tolerant,2.57,E,A,0,141841-526934,0,0,8,4,6,0,0,0,0
HZ_10,Grower_53,Grower_17,2021,Tolerant,1.14,E,A,0,219966-588328,0,0,0,0,0,0,0,2,0
HZ_3,Grower_103,Grower_44,2022,Tolerant,0.64,PB4,SE,0,183983-596336,0,0,0,0,0,0,0,0,0
HZ_54,Grower_171,Grower_18,2023,Verysusceptible,1.0,E,A,0,185543-528708,0,0,0,0,0,0,0,0,0
HZ_24,Grower_187,Grower_48,2023,Tolerant,2.29,SE,E,0,062175-371165,0,0,2,1,1,0,0,1,0
HZ_42,Grower_77,Grower_63,2023,Verysusceptible,1.05,SE,-,0,202278-597436,0,0,8,5,6,0,0,8,0
HZ_2,Grower_282,Grower_2,2021,Tolerant,0.91,SE,SE,0,232365-435447,0,0,2,0,1,0,0,1,0
HZ_17,Grower_104,Grower_32,2022,Susceptible,2.25,SE,SE,0,187102-597180,0,0,8,0,1,0,0,7,0
HZ_20,Grower_230,Grower_86,2019,Tolerant,3.2,SE,-,0,123576-534947,0,0,3,2,1,0,0,0,0
HZ_61,Grower_262,Grower_58,2023,Susceptible,1.53,SE,E,0,022410-379116,0,0,4,0,1,2,0,0,0
HZ_20,Grower_291,Grower_12,2021,Tolerant,2.46,SE,SE,0,236288-604464,0,0,7,2,4,0,1,6,1
HZ_14,Grower_247,Grower_29,2022,Susceptible,0.85,SE,SE,0,038298-373096,0,0,2,0,2,0,0,0,0
HZ_27,Grower_83,Grower_2,2019,Tolerant,1.5,SE,A,0,198841-599136,0,0,0,0,0,0,1,0,0
HZ_5,Grower_123,Grower_33,2021,Susceptible,4.9,E,E,0,168905-576688,0,0,3,0,1,0,0,1,0
HZ_4,Grower_77,Grower_1,2022,Verysusceptible,1.3,SE,SE,0,205378-600041,0,0,2,0,1,0,1,6,0
HZ_17,Grower_77,Grower_61,2020,Susceptible,0.45,SE,SE,0,205988-600275,0,0,8,5,2,0,1,0,0
HZ_15,Grower_275,Grower_21,2022,Verysusceptible,1.6,SE,E,0,087828-394824,0,0,7,2,4,0,1,3,1
HZ_20,Grower_230,Grower_12,2020,Tolerant,3.0,SE,-,0,124418-536354,0,0,6,0,2,0,0,0,0
HZ_30,Grower_86,Grower_1,2023,Verysusceptible,0.3,PB4,PB4,0,196243-600538,0,0,0,0,0,0,0,0,0
HZ_21,Grower_13,Grower_11,2019,Verysusceptible,0.97,SE,A,0,247357-593435,0,0,3,1,1,0,0,0,0
HZ_3,Grower_99,Grower_44,2021,Tolerant,2.8,E,E,0,193508-600415,0,0,4,0,1,0,0,5,0
HZ_43,Grower_188,Grower_65,2020,Tolerant,4.7,SE,SE,0,169191-522768,0,0,6,4,3,0,2,0,0
HZ_4,Grower_269,Grower_1,2019,Verysusceptible,1.04,SE,A,0,058590-404373,0,0,6,2,2,1,4,0,0
HZ_4,Grower_241,Grower_1,2020,Verysusceptible,1.82,SE,A,1,017346-373033,0,0,7,3,5,0,6,0,0
HZ_39,Grower_75,Grower_36,2021,Tolerant,1.0,SE,SE,0,198690-600194,0,0,4,0,1,0,1,3,0
HZ_20,Grower_396,Grower_147,2021,Tolerant,0.4,SE,SE,0,118662-566940,0,0,6,4,3,0,0,2,1
HZ_47,Grower_271,Grower_42,2023,Verysusceptible,2.35,SE,SE,0,093497-397717,0,0,1,1,0,0,0,0,0
HZ_47,Grower_275,Grower_44,2020,Verysusceptible,0.45,SE,A,0,087284-395156,0,0,8,0,3,0,0,0,0
HZ_3,Grower_302,Grower_150,2021,Tolerant,1.6,SE,SE,0,243076-605969,0,0,3,1,1,0,0,6,1
HZ_13,Grower_201,Grower_82,2020,Tolerant,3.0,SE,E,0,089660-401876,0,0,0,0,0,0,0,0,0
HZ_3,Grower_79,Grower_65,2023,Tolerant,0.25,SE,-,0,203126-593264,0,0,1,0,0,0,0,0,0
HZ_19,Grower_203,Grower_29,2023,Verysusceptible,1.14,SE,A,0,235146-436483,0,0,0,0,0,0,0,0,0
HZ_2,Grower_282,Grower_2,2019,Tolerant,2.9,SE,SE,0,229629-431064,0,0,0,0,0,0,0,0,0
HZ_43,Grower_80,Grower_18,2020,Tolerant,0.9,SE,SE,0,200661-600381,0,0,1,0,0,0,0,0,0
HZ_39,Grower_89,Grower_92,2022,Tolerant,3.45,SE,E,1,199938-600254,0,0,8,6,2,0,0,7,1
HZ_4,Grower_209,Grower_2,2022,Verysusceptible,2.2,E,E,0,126402-527172,0,0,5,1,1,2,3,7,2
HZ_22,Grower_255,Grower_115,2021,Tolerant,1.4,SE,SE,0,044426-371827,0,0,4,0,1,0,0,0,0
HZ_65,Grower_261,Grower_132,2020,Tolerant,0.68,SE,A,0,050033-415882,0,0,0,0,0,0,0,0,0
HZ_44,Grower_275,Grower_52,2023,Susceptible,2.0,SE,SE,0,083314-401519,0,0,1,0,0,0,0,0,0
HZ_4,Grower_37,Grower_1,2020,Verysusceptible,1.1,SE,E,0,247466-607111,0,0,6,2,2,0,3,0,0
HZ_3,Grower_18,Grower_18,2021,Tolerant,1.1,SE,SE,0,232542-602518,0,0,0,0,0,0,0,0,0
HZ_20,Grower_74,Grower_50,2023,Tolerant,0.9,SE,E,0,227602-594721,0,0,8,0,7,0,0,0,0
HZ_5,Grower_272,Grower_83,2022,Susceptible,2.8,SE,E,0,090980-398532,0,0,3,1,1,0,0,0,0
HZ_64,Grower_186,Grower_1,2020,Tolerant,1.1,SE,SE,0,175966-517086,0,0,3,0,1,0,0,0,0
HZ_3,Grower_150,Grower_86,2019,Tolerant,1.32,SE,SE,0,176715-530703,0,0,0,0,0,0,0,0,0
HZ_8,Grower_191,Grower_58,2019,Tolerant,2.9,E,E,0,169903-584727,0,0,8,3,4,0,0,0,0
HZ_51,Grower_105,Grower_119,2020,Susceptible,2.9,SE,SE,0,119640-568199,0,0,6,3,4,0,1,0,0
HZ_17,Grower_138,Grower_42,2022,Susceptible,1.15,SE,SE,0,170205-581793,0,0,2,1,1,1,1,2,0
HZ_3,Grower_129,Grower_75,2021,Tolerant,1.6,SE,E,0,157536-552542,0,0,7,0,3,0,0,3,0
HZ_20,Grower_164,Grower_46,2021,Tolerant,4.5,SE,SE,0,153052-483524,0,0,1,0,0,0,0,0,0
HZ_20,Grower_209,Grower_147,2020,Tolerant,2.6,SE,SE,0,131359-545150,0,0,0,0,0,0,0,0,0
HZ_20,Grower_230,Grower_29,2021,Tolerant,3.0,SE,SE,0,123527-535197,0,0,1,0,0,0,0,0,0
HZ_49,Grower_161,Grower_131,2022,Susceptible,1.04,SE,E,0,159394-490479,0,0,0,0,0,0,0,0,0
HZ_56,Grower_175,Grower_49,2019,Susceptible,2.9,SE,A,0,172244-520351,0,0,4,1,1,0,0,0,0
HZ_17,Grower_102,Grower_58,2019,Susceptible,1.0,SE,A,1,183405-593925,0,0,0,0,0,0,0,0,0
HZ_46,Grower_104,Grower_75,2019,Susceptible,3.31,E,A,0,180578-592979,0,0,3,1,1,0,0,0,0
HZ_47,Grower_282,Grower_99,2023,Verysusceptible,4.23,SE,SE,0,233251-440399,0,0,7,0,6,3,0,0,0
HZ_11,Grower_244,Grower_102,2022,Tolerant,1.95,SE,SE,0,049539-370110,0,0,0,0,0,0,0,0,0
HZ_54,Grower_154,Grower_1,2022,Verysusceptible,0.66,SE,A,0,171001-532033,0,0,0,0,0,0,8,4,2
HZ_39,Grower_134,Grower_78,2023,Tolerant,0.85,PB4,-,0,171350-580142,0,0,1,0,0,0,0,2,0
HZ_4,Grower_209,Grower_90,2022,Verysusceptible,2.2,E,E,0,130616-532983,0,0,8,7,3,2,0,1,0
HZ_20,Grower_209,Grower_2,2023,Tolerant,1.7,E,E,0,115375-528123,0,0,7,2,2,0,0,3,0
HZ_3,Grower_177,Grower_94,2021,Tolerant,2.25,SE,E,0,182496-522284,0,0,0,0,0,0,0,0,0
HZ_87,Grower_283,Grower_18,2019,Tolerant,4.1,SE,A,0,171352-426504,0,0,0,0,0,0,0,0,0
HZ_17,Grower_87,Grower_65,2020,Susceptible,2.7,SE,SE,0,203353-592091,0,0,8,4,6,1,1,0,0
HZ_3,Grower_166,Grower_65,2020,Tolerant,5.07,E,B,0,169104-500762,0,0,2,0,1,0,0,0,0
HZ_3,Grower_342,Grower_94,2022,Tolerant,0.52,SE,SE,0,187656-517269,0,0,0,0,0,0,0,1,0
HZ_47,Grower_255,Grower_167,2019,Verysusceptible,2.55,E,AF,1,039731-367380,0,0,0,0,0,0,0,0,0
HZ_3,Grower_342,Grower_94,2020,Tolerant,0.36,SE,E,0,187090-517656,0,0,2,1,1,0,0,0,0
HZ_5,Grower_108,Grower_92,2022,Susceptible,1.08,E,E,0,181509-582779,0,0,1,1,0,0,0,1,0
HZ_3,Grower_62,Grower_68,2021,Tolerant,0.5,SE,SE,0,226301-598563,0,0,7,2,4,0,0,2,0
HZ_39,Grower_134,Grower_61,2021,Tolerant,3.0,E,E,0,171223-580916,0,0,3,0,1,0,0,0,0
HZ_4,Grower_262,Grower_1,2023,Verysusceptible,0.8,SE,E,0,021365-379426,0,0,0,0,0,0,0,0,0
HZ_22,Grower_186,Grower_88,2020,Tolerant,1.0,SE,SE,0,175923-517354,0,0,3,0,1,0,0,0,0
HZ_16,Grower_174,Grower_49,2023,Susceptible,2.95,SE,E,0,055442-370481,0,0,0,0,0,0,0,0,0
HZ_29,Grower_36,Grower_2,2021,Tolerant,2.2,SE,SE,0,246520-609032,0,0,0,0,0,0,0,0,0
HZ_52,Grower_71,Grower_113,2021,Tolerant,0.92,SE,SE,0,228985-603901,0,0,0,0,0,0,0,1,1
HZ_20,Grower_111,Grower_40,2021,Tolerant,0.87,SE,SE,0,173870-590240,0,0,8,4,6,0,0,5,0
HZ_24,Grower_260,Grower_48,2023,Tolerant,2.1,SE,SE,0,058607-379112,0,0,2,1,1,0,0,1,0
HZ_24,Grower_241,Grower_48,2022,Tolerant,2.4,SE,SE,0,022972-371121,0,0,4,6,4,0,0,7,0
HZ_11,Grower_139,Grower_60,2023,Tolerant,1.1,SE,SE,0,161571-583478,0,0,0,0,0,0,0,0,0
HZ_22,Grower_269,Grower_88,2023,Tolerant,2.9,SE,SE,0,064236-409392,0,0,0,0,0,0,0,0,0
HZ_35,Grower_354,Grower_51,2022,Tolerant,1.54,SE,E,0,132933-536184,0,0,7,2,3,1,7,7,0
HZ_14,Grower_8,Grower_86,2022,Susceptible,1.11,SE,SE,0,248698-595459,0,0,0,0,0,0,0,0,0
HZ_17,Grower_379,Grower_47,2021,Susceptible,1.6,SE,SE,0,208336-592322,0,0,5,0,2,0,1,4,0
HZ_3,Grower_337,Grower_82,2022,Tolerant,0.85,E,E,0,177092-535062,0,0,1,0,1,0,0,0,0
HZ_39,Grower_114,Grower_133,2019,Tolerant,3.8,E,E,0,175520-591092,0,0,6,0,2,0,5,0,0
HZ_5,Grower_224,Grower_83,2019,Susceptible,0.22,E,A,0,134513-531967,0,0,0,0,0,0,0,0,0
HZ_17,Grower_102,Grower_112,2021,Susceptible,1.75,SE,SE,0,177485-582219,0,0,8,6,6,1,0,2,1
HZ_20,Grower_209,Grower_82,2022,Tolerant,1.0,E,E,0,130645-536881,0,0,2,1,1,1,0,1,1
HZ_17,Grower_231,Grower_133,2020,Susceptible,0.45,SE,SE,0,122210-537449,0,0,8,3,4,0,0,0,0
HZ_5,Grower_100,Grower_61,2023,Susceptible,1.1,SE,A,0,181194-590363,0,0,0,0,0,0,0,0,0
HZ_3,Grower_3,Grower_39,2019,Tolerant,1.33,SE,A,0,247714-595378,0,0,1,1,0,0,0,0,0
HZ_20,Grower_19,Grower_24,2020,Tolerant,1.75,SE,SE,0,244105-602085,0,0,1,0,0,0,0,0,0
HZ_43,Grower_131,Grower_61,2019,Tolerant,1.2,SE,SE,0,168684-586828,0,0,5,0,2,0,0,0,0
HZ_4,Grower_279,Grower_49,2021,Verysusceptible,3.0,SE,SE,0,075833-393731,0,0,6,1,2,0,0,4,0
HZ_36,Grower_138,Grower_11,2023,Tolerant,0.9,SE,-,0,170407-582559,0,0,8,1,4,0,0,3,0
HZ_4,Grower_238,Grower_82,2020,Verysusceptible,0.4,SE,A,0,059154-370991,0,0,1,0,0,0,0,0,0
HZ_17,Grower_90,Grower_65,2021,Susceptible,1.5,SE,SE,0,199292-600334,0,0,7,1,3,0,1,6,0
HZ_46,Grower_259,Grower_42,2023,Susceptible,2.5,SE,E,0,050073-363057,0,0,4,1,2,0,0,1,0
HZ_61,Grower_266,Grower_86,2021,Susceptible,4.07,E,E,0,047651-394469,0,0,4,2,2,1,1,5,1
HZ_5,Grower_236,Grower_90,2021,Susceptible,2.0,SE,E,1,134885-522874,0,0,1,1,0,0,0,1,0
HZ_12,Grower_253,Grower_146,2020,Susceptible,5.3,SE,SE,0,056867-408332,0,0,2,1,1,0,0,0,0
HZ_29,Grower_196,Grower_83,2019,Tolerant,0.29,PB3,-,0,118697-569836,0,0,1,1,0,0,0,0,0
HZ_20,Grower_217,Grower_1,2022,Tolerant,2.8,E,E,0,119286-541303,0,0,4,1,1,0,1,6,0
HZ_5,Grower_203,Grower_42,2019,Susceptible,4.21,SE,SE,0,225203-439521,0,0,0,0,0,0,0,0,0
HZ_16,Grower_196,Grower_32,2019,Susceptible,0.37,PB3,-,0,118697-569836,0,0,5,1,2,0,0,0,0
HZ_24,Grower_46,Grower_208,2019,Tolerant,1.08,SE,SE,0,221172-591770,0,0,4,2,2,0,0,0,0
HZ_3,Grower_304,Grower_150,2021,Tolerant,1.89,SE,SE,0,241233-597533,0,0,3,1,1,0,0,6,1
HZ_43,Grower_131,Grower_18,2021,Tolerant,1.1,SE,SE,0,172674-581290,0,0,1,0,0,0,1,3,0
HZ_3,Grower_107,Grower_58,2020,Tolerant,1.03,SE,-,0,180470-589275,0,0,0,0,0,0,0,0,0
HZ_51,Grower_63,Grower_55,2021,Susceptible,0.57,SE,SE,0,227905-597913,0,0,8,4,6,0,1,5,0
HZ_24,Grower_241,Grower_81,2019,Tolerant,2.08,SE,SE,0,020603-369818,0,0,0,0,0,0,0,0,0
HZ_16,Grower_206,Grower_1,2022,Susceptible,0.7,PB4,PB4,0,115159-568404,0,0,0,0,0,0,0,0,0
HZ_3,Grower_337,Grower_82,2022,Tolerant,0.63,SE,SE,0,177386-532937,0,0,1,0,1,0,0,0,0
HZ_19,Grower_203,Grower_24,2023,Verysusceptible,2.88,SE,SE,0,235110-436645,0,0,0,0,0,0,0,0,0
HZ_3,Grower_141,Grower_75,2020,Tolerant,2.18,E,E,0,157821-570632,0,0,1,0,0,0,0,0,0
HZ_12,Grower_65,Grower_16,2023,Susceptible,1.66,SE,SE,0,226497-603082,0,0,1,1,0,0,0,0,0
HZ_52,Grower_136,Grower_1,2023,Tolerant,0.7,E,E,0,164593-579338,0,0,1,0,0,0,0,0,0
HZ_20,Grower_294,Grower_11,2021,Tolerant,2.44,E,E,0,239276-606992,0,0,8,1,3,0,1,7,0
HZ_17,Grower_8,Grower_12,2019,Susceptible,1.33,SE,A,0,247201-596448,0,0,5,2,2,0,0,0,0
HZ_36,Grower_64,Grower_11,2022,Tolerant,1.0,SE,-,0,226984-599702,0,0,4,3,3,0,2,2,2
HZ_58,Grower_84,Grower_17,2020,Susceptible,1.5,SE,SE,0,194927-598058,0,0,8,5,2,0,0,0,0
HZ_39,Grower_105,Grower_78,2023,Tolerant,1.0,PB4,PB4,0,122006-569501,0,0,1,0,0,0,0,2,0
HZ_6,Grower_36,Grower_113,2022,Tolerant,1.9,SE,A,0,246280-609111,0,0,3,1,0,1,0,6,0
HZ_76,Grower_116,Grower_77,2019,Susceptible,0.66,SE,A,1,181614-594157,0,0,0,0,0,0,0,0,0
HZ_18,Grower_145,Grower_87,2023,Tolerant,0.85,SE,SE,0,175647-533624,0,0,0,0,0,0,0,0,0
HZ_37,Grower_7,Grower_44,2019,Tolerant,2.0,E,E,0,263972-590726,0,0,8,1,3,0,0,0,0
HZ_17,Grower_202,Grower_23,2020,Susceptible,0.9,SE,SE,0,121191-571376,0,0,6,4,3,0,1,0,0
HZ_20,Grower_143,Grower_71,2019,Tolerant,1.15,SE,SE,0,177662-519966,0,0,4,3,2,0,0,0,0
HZ_43,Grower_217,Grower_18,2021,Tolerant,1.12,SE,SE,0,118776-537285,0,0,1,0,0,0,1,3,0
HZ_4,Grower_231,Grower_1,2022,Verysusceptible,1.87,SE,E,1,121636-538314,0,0,2,2,0,0,1,6,0
HZ_27,Grower_290,Grower_159,2020,Tolerant,1.82,E,E,0,243982-599679,0,0,0,0,0,0,0,0,0
HZ_20,Grower_174,Grower_32,2023,Tolerant,3.4,S,A,0,050412-370164,0,0,7,2,1,0,0,0,0
HZ_20,Grower_117,Grower_58,2020,Tolerant,1.12,SE,SE,0,171821-590435,0,0,6,3,4,0,0,0,0
HZ_50,Grower_226,Grower_47,2021,Tolerant,1.0,SE,E,0,124761-538541,0,0,8,4,6,0,0,8,4
HZ_39,Grower_100,Grower_40,2021,Tolerant,0.85,SE,SE,0,180622-587331,0,0,8,4,6,0,0,5,0
HZ_70,Grower_105,Grower_2,2021,Tolerant,4.0,SE,SE,0,121812-572392,0,0,2,0,1,0,0,0,0
HZ_36,Grower_134,Grower_11,2023,Tolerant,0.51,E,E,0,171309-581057,0,0,8,1,4,0,0,3,0
HZ_14,Grower_18,Grower_7,2023,Susceptible,0.62,SE,SE,0,233810-601116,0,0,7,0,1,1,0,0,0
HZ_3,Grower_155,Grower_78,2023,Tolerant,0.75,SE,E,0,171959-524281,0,0,1,0,0,0,0,0,0
HZ_1,Grower_275,Grower_82,2019,Tolerant,6.0,SE,SE,0,088786-398727,0,0,0,0,0,0,0,0,0
HZ_22,Grower_64,Grower_115,2021,Tolerant,0.4,SE,E,0,224942-598690,0,0,4,0,1,0,0,0,0
HZ_3,Grower_93,Grower_58,2021,Tolerant,0.85,SE,SE,0,173841-590429,0,0,6,0,2,0,0,2,1
HZ_33,Grower_117,Grower_40,2020,Tolerant,1.0,SE,SE,0,172083-590209,0,0,3,0,1,0,0,0,0
HZ_3,Grower_114,Grower_40,2023,Tolerant,0.15,E,A,0,171654-590057,0,0,4,0,1,0,0,1,0
HZ_20,Grower_84,Grower_116,2022,Tolerant,0.6,PB4,SE,0,196370-598860,0,0,4,1,2,1,0,0,0
HZ_20,Grower_286,Grower_1,2021,Tolerant,1.22,SE,SE,0,254933-599471,0,0,3,1,1,0,0,2,0
HZ_50,Grower_226,Grower_47,2021,Tolerant,1.8,SE,E,1,126991-540384,0,0,8,4,6,0,0,8,4
HZ_37,Grower_281,Grower_44,2019,Tolerant,4.2,SE,SE,0,076870-401368,0,0,7,4,4,0,0,0,0
HZ_39,Grower_287,Grower_133,2020,Tolerant,1.99,E,A,0,249507-597586,0,0,1,0,0,0,0,0,0
HZ_3,Grower_104,Grower_33,2022,Tolerant,1.6,E,E,0,180570-593003,0,0,3,0,0,0,1,3,0
HZ_4,Grower_241,Grower_1,2021,Verysusceptible,2.01,SE,E,0,017226-373305,0,0,6,1,2,0,0,8,0
HZ_3,Grower_450,Grower_65,2019,Tolerant,0.53,SE,A,0,131121-543835,0,0,1,0,0,0,0,0,0
HZ_61,Grower_244,Grower_107,2019,Susceptible,0.45,E,A,0,048334-365934,0,0,5,2,2,0,1,0,0
HZ_61,Grower_305,Grower_58,2021,Susceptible,0.64,SE,SE,0,247840-603224,0,0,0,0,0,0,0,0,0
HZ_2,Grower_282,Grower_2,2022,Tolerant,1.87,SE,E,0,234962-439425,0,0,8,2,4,0,1,8,3
HZ_39,Grower_322,Grower_36,2020,Tolerant,0.55,SE,SE,0,202179-601726,0,0,8,0,3,0,1,0,0
HZ_17,Grower_329,Grower_52,2022,Susceptible,0.99,PB4,PB4,0,166051-586711,0,0,3,0,1,0,0,2,0
HZ_20,Grower_392,Grower_28,2021,Tolerant,0.48,PB4,PB4,0,174011-519843,0,0,4,0,1,0,0,2,0
HZ_19,Grower_401,Grower_45,2019,Verysusceptible,2.4,SE,SE,0,059200-399997,0,0,7,2,4,0,0,0,0
HZ_20,Grower_50,Grower_12,2023,Tolerant,0.67,PB4,AF,0,220321-592422,0,0,7,0,5,4,0,0,0
HZ_4,Grower_401,Grower_49,2019,Verysusceptible,3.0,SE,SE,0,059578-400081,0,0,7,3,5,0,2,0,0
HZ_20,Grower_89,Grower_116,2019,Tolerant,2.2,SE,SE,0,197955-601675,0,0,5,4,3,0,0,0,0
HZ_5,Grower_172,Grower_8,2023,Susceptible,1.15,SE,A,0,186389-530202,0,0,1,0,0,0,0,0,0
HZ_43,Grower_204,Grower_65,2022,Tolerant,0.5,PB4,PB4,0,117635-564322,0,0,3,0,3,0,0,1,0
HZ_61,Grower_265,Grower_228,2019,Susceptible,1.46,PB3,PB3,0,179287-529217,0,0,0,0,0,0,0,0,0
HZ_23,Grower_148,Grower_12,2023,Verysusceptible,1.4,SE,SE,0,175986-529138,0,0,0,0,0,0,0,1,0
HZ_12,Grower_389,Grower_125,2020,Susceptible,1.92,E,A,0,175660-533636,0,0,0,0,0,0,0,0,0
HZ_53,Grower_277,Grower_12,2020,Tolerant,2.9,SE,A,0,076240-396513,0,0,8,5,2,0,0,0,0
HZ_7,Grower_114,Grower_205,2019,Tolerant,1.0,SE,SE,0,175520-591092,0,0,0,0,0,0,0,0,0
HZ_20,Grower_145,Grower_82,2023,Tolerant,0.65,SE,SE,0,175647-533624,0,0,4,1,2,0,0,0,0
HZ_66,Grower_274,Grower_16,2023,Verysusceptible,2.4,SE,SE,0,075435-402907,0,0,0,0,0,0,0,2,0
HZ_5,Grower_107,Grower_83,2022,Susceptible,1.29,E,E,0,180575-588725,0,0,8,5,2,0,2,8,1
HZ_13,Grower_239,Grower_22,2022,Tolerant,0.78,SE,E,1,039318-369835,0,0,3,2,0,0,0,2,0
HZ_4,Grower_241,Grower_1,2020,Verysusceptible,3.79,SE,A,1,015027-369766,0,0,7,3,5,0,6,0,0
HZ_12,Grower_27,Grower_125,2021,Susceptible,2.3,SE,E,1,242449-605891,0,0,7,5,6,0,3,2,0
HZ_5,Grower_172,Grower_47,2020,Susceptible,1.8,SE,E,0,186505-530523,0,0,0,0,0,0,0,0,0
HZ_22,Grower_173,Grower_88,2020,Tolerant,3.8,SE,SE,0,190719-519438,0,0,3,0,1,0,0,0,0
HZ_19,Grower_238,Grower_50,2022,Verysusceptible,0.2,SE,A,0,058227-363026,0,0,6,3,2,0,4,7,4
HZ_43,Grower_99,Grower_68,2020,Tolerant,0.1,SE,A,0,195582-601054,0,0,8,5,2,0,1,0,0
HZ_17,Grower_202,Grower_147,2021,Susceptible,3.65,SE,SE,0,120705-571443,0,0,1,0,0,0,0,1,0
HZ_5,Grower_224,Grower_83,2019,Susceptible,0.57,E,E,0,116505-533284,0,0,0,0,0,0,0,0,0
HZ_20,Grower_110,Grower_36,2020,Tolerant,1.5,E,E,0,169121-588128,0,0,8,1,3,0,1,0,0
HZ_5,Grower_289,Grower_5,2020,Susceptible,0.98,SE,SE,0,275270-582798,0,0,0,0,0,0,0,0,0
HZ_43,Grower_108,Grower_53,2022,Tolerant,0.65,SE,SE,0,181102-585112,0,0,6,1,1,1,1,3,0
HZ_13,Grower_251,Grower_101,2020,Tolerant,1.0,SE,E,1,058407-372648,0,0,3,1,1,0,0,0,0
HZ_20,Grower_121,Grower_11,2019,Tolerant,1.0,SE,-,0,171846-579047,0,0,4,1,1,0,1,0,0
HZ_43,Grower_141,Grower_61,2019,Tolerant,3.0,E,E,0,156126-570045,0,0,6,1,2,0,0,0,0
HZ_22,Grower_340,Grower_88,2019,Tolerant,0.28,SE,SE,0,172278-527829,0,0,2,1,1,0,0,0,0
HZ_17,Grower_322,Grower_23,2020,Susceptible,0.64,SE,SE,0,202198-601206,0,0,6,4,3,0,1,0,0
HZ_2,Grower_259,Grower_6,2022,Tolerant,1.8,SE,SE,0,049352-362924,0,0,1,0,1,0,0,0,0
HZ_27,Grower_137,Grower_2,2021,Tolerant,0.5,SE,SE,0,165390-581352,0,0,0,0,0,0,0,0,0
HZ_8,Grower_33,Grower_58,2020,Tolerant,1.05,SE,E,0,247312-608256,0,0,2,1,1,0,0,0,0
HZ_5,Grower_134,Grower_33,2020,Susceptible,2.7,E,E,0,171320-581039,0,0,0,0,0,0,0,0,0
HZ_13,Grower_310,Grower_17,2019,Tolerant,2.75,SE,SE,0,218233-594601,0,0,8,4,6,0,0,0,0
HZ_5,Grower_10,Grower_92,2021,Susceptible,2.75,SE,SE,0,264126-585584,0,0,0,0,0,0,0,0,0
HZ_4,Grower_241,Grower_17,2019,Verysusceptible,4.18,SE,A,1,017005-371163,0,0,8,6,6,0,0,0,0
HZ_20,Grower_236,Grower_82,2022,Tolerant,2.5,E,E,0,143254-525171,0,0,2,1,1,1,0,1,1
HZ_6,Grower_8,Grower_113,2020,Tolerant,2.35,SE,SE,0,247388-595649,0,0,4,1,1,0,0,0,0
HZ_20,Grower_354,Grower_90,2019,Tolerant,1.2,SE,A,1,128188-536873,0,0,0,0,0,0,0,0,0
HZ_4,Grower_430,Grower_89,2019,Verysusceptible,4.1,SE,A,0,098430-452308,0,0,1,1,0,0,0,0,0
HZ_12,Grower_195,Grower_67,2022,Susceptible,1.0,SE,E,0,118513-570804,0,0,0,0,0,0,0,1,0
HZ_3,Grower_137,Grower_66,2020,Tolerant,1.65,E,E,0,165530-580610,0,0,1,0,0,0,0,0,0
HZ_39,Grower_108,Grower_61,2023,Tolerant,2.22,E,A,0,183035-585213,0,0,8,0,2,0,0,8,0
HZ_7,Grower_3,Grower_6,2021,Tolerant,3.77,E,E,0,243532-594058,0,0,0,0,0,0,0,0,0
HZ_17,Grower_121,Grower_52,2022,Susceptible,0.8,SE,SE,0,177958-582366,0,0,4,0,2,0,0,0,0
HZ_17,Grower_102,Grower_32,2022,Susceptible,1.16,PB4,-,0,176931-582635,0,0,8,0,1,0,0,7,0
HZ_17,Grower_134,Grower_61,2023,Susceptible,0.42,PB4,PB4,0,171350-580142,0,0,3,0,0,1,0,3,0
HZ_12,Grower_159,Grower_210,2019,Susceptible,1.9,SE,A,0,176435-493131,0,0,1,1,0,0,0,0,0
HZ_47,Grower_282,Grower_16,2023,Verysusceptible,3.09,SE,SE,0,231087-436367,0,0,1,1,0,0,0,0,0
HZ_17,Grower_87,Grower_42,2019,Susceptible,1.1,S,S,0,204102-592957,0,0,8,1,3,0,0,0,0
HZ_19,Grower_270,Grower_24,2022,Verysusceptible,3.12,SE,SE,0,084307-402538,0,0,5,2,0,0,0,1,1
HZ_13,Grower_251,Grower_22,2023,Tolerant,2.1,SE,E,0,059333-368717,0,0,6,2,5,1,0,2,0
HZ_4,Grower_108,Grower_52,2022,Verysusceptible,0.92,SE,A,0,180740-584983,0,0,1,0,0,0,0,0,0
HZ_52,Grower_71,Grower_1,2022,Tolerant,3.52,E,E,0,228475-603186,0,0,2,1,0,0,0,2,1
HZ_17,Grower_3,Grower_133,2019,Susceptible,2.56,E,E,0,247887-596066,0,0,8,7,4,0,4,0,0
HZ_4,Grower_158,Grower_89,2020,Verysusceptible,0.82,SE,-,0,179481-498776,0,0,0,0,0,0,0,0,0
HZ_3,Grower_211,Grower_36,2021,Tolerant,0.6,SE,SE,0,129268-542976,0,0,0,0,0,0,0,0,0
HZ_20,Grower_196,Grower_82,2020,Tolerant,0.17,E,E,0,117736-570725,0,0,1,0,0,1,0,0,0
HZ_52,Grower_63,Grower_1,2022,Tolerant,0.9,SE,SE,0,230677-600316,0,0,2,1,0,0,0,2,1
HZ_17,Grower_196,Grower_147,2021,Susceptible,1.17,SE,SE,0,120300-567804,0,0,1,0,0,0,0,1,0
HZ_5,Grower_272,Grower_83,2020,Susceptible,1.1,SE,E,0,089984-397422,0,0,2,0,1,0,0,0,0
HZ_20,Grower_155,Grower_222,2019,Tolerant,2.4,E,A,0,173175-524458,0,0,5,2,2,0,0,0,0
HZ_5,Grower_4,Grower_47,2022,Susceptible,3.19,SE,SE,0,252896-603554,0,0,1,1,1,0,0,0,0
HZ_3,Grower_154,Grower_82,2023,Tolerant,1.92,E,A,0,170887-531847,0,0,3,0,2,0,0,1,0
HZ_26,Grower_187,Grower_113,2019,Tolerant,3.86,SE,E,0,060853-372134,0,0,1,1,0,0,0,0,0
HZ_5,Grower_88,Grower_38,2021,Susceptible,0.41,PB4,A,1,215216-586926,0,0,6,0,2,0,0,0,0
HZ_23,Grower_174,Grower_30,2022,Verysusceptible,1.08,SE,SE,0,050635-369457,0,0,7,2,6,0,0,3,0
HZ_14,Grower_301,Grower_29,2022,Susceptible,0.97,SE,SE,0,251992-602577,0,0,2,0,1,0,0,1,0
HZ_4,Grower_432,Grower_86,2020,Verysusceptible,0.8,SE,AF,0,097866-452155,0,0,0,0,0,0,0,0,0
HZ_54,Grower_186,Grower_1,2021,Verysusceptible,1.3,SE,AF,1,173345-514893,0,0,7,6,4,0,3,7,0
HZ_22,Grower_28,Grower_155,2021,Tolerant,0.99,SE,SE,0,246480-599114,0,0,3,1,1,0,0,2,0
HZ_4,Grower_153,Grower_82,2023,Verysusceptible,1.3,SE,SE,0,172871-535888,0,0,0,0,0,0,0,0,0
HZ_24,Grower_203,Grower_48,2021,Tolerant,1.39,SE,SE,0,226026-438483,0,0,3,0,1,0,0,1,0
HZ_27,Grower_261,Grower_104,2023,Tolerant,1.88,SE,AF,0,046934-414045,0,0,0,0,0,0,0,0,0
HZ_3,Grower_423,Grower_119,2019,Tolerant,2.91,SE,B,0,169749-507908,0,0,3,2,1,0,0,0,0
HZ_38,Grower_236,Grower_4,2019,Tolerant,0.9,SE,SE,0,137032-521193,0,0,1,0,0,0,0,0,0
HZ_4,Grower_106,Grower_90,2020,Verysusceptible,4.0,SE,SE,0,130129-532189,0,0,0,0,0,0,0,0,0
HZ_72,Grower_158,Grower_6,2021,Tolerant,1.83,E,E,0,180329-499890,0,0,4,5,2,0,0,1,0
HZ_20,Grower_230,Grower_99,2023,Tolerant,3.0,SE,SE,0,124410-536352,0,0,3,2,1,1,0,2,0
HZ_38,Grower_122,Grower_115,2022,Tolerant,1.45,SE,SE,0,175704-589858,0,0,4,0,0,0,1,2,0
HZ_3,Grower_305,Grower_20,2020,Tolerant,2.12,SE,SE,0,246540-605745,0,0,2,0,1,0,0,0,0
HZ_55,Grower_376,Grower_64,2020,Tolerant,0.1,PB4,PB4,0,204388-593260,0,0,0,0,0,0,0,0,0
HZ_51,Grower_301,Grower_55,2021,Susceptible,0.6,SE,SE,0,247902-606074,0,0,8,4,6,0,1,5,0
HZ_5,Grower_100,Grower_33,2021,Susceptible,0.95,SE,SE,0,181834-588600,0,0,3,0,1,0,0,1,0
HZ_17,Grower_99,Grower_68,2020,Susceptible,2.0,SE,E,1,195579-601317,0,0,8,7,4,0,0,0,0
HZ_20,Grower_236,Grower_99,2022,Tolerant,2.5,E,E,0,145000-525221,0,0,1,0,0,0,1,3,0
HZ_46,Grower_275,Grower_33,2021,Susceptible,2.0,SE,A,0,087203-399155,0,0,5,1,2,0,0,4,0
HZ_20,Grower_281,Grower_82,2019,Tolerant,2.0,SE,A,0,076437-395281,0,0,0,0,0,0,0,0,0
HZ_12,Grower_188,Grower_146,2020,Susceptible,1.0,SE,SE,0,170374-522936,0,0,2,1,1,0,0,0,0
HZ_68,Grower_320,Grower_42,2021,Tolerant,0.28,SE,SE,0,210315-591878,0,0,1,0,0,0,0,0,0
HZ_20,Grower_21,Grower_28,2021,Tolerant,1.4,SE,SE,0,240723-605960,0,0,4,0,1,0,0,2,0
HZ_7,Grower_319,Grower_59,2020,Tolerant,0.9,SE,-,0,212311-589487,0,0,3,2,1,0,0,0,0
HZ_12,Grower_177,Grower_95,2023,Susceptible,1.81,SE,SE,0,170343-522332,0,0,6,0,6,1,0,6,0
HZ_3,Grower_379,Grower_65,2020,Tolerant,0.75,SE,SE,0,204326-598423,0,0,3,0,1,0,0,0,0
HZ_35,Grower_209,Grower_40,2023,Tolerant,1.0,SE,AF,0,132486-534789,0,0,5,4,4,0,0,1,0
HZ_47,Grower_322,Grower_42,2022,Verysusceptible,0.73,SE,SE,0,200619-600703,0,0,2,1,1,1,2,3,0
HZ_4,Grower_249,Grower_1,2022,Verysusceptible,3.0,SE,SE,0,063922-367595,0,0,1,0,0,0,1,4,0
HZ_39,Grower_108,Grower_90,2022,Tolerant,1.77,SE,A,0,181021-585272,0,0,1,0,1,1,0,2,0
HZ_5,Grower_89,Grower_213,2019,Susceptible,0.5,SE,SE,0,194250-599737,0,0,0,0,0,0,0,0,0
HZ_41,Grower_73,Grower_41,2023,Tolerant,4.29,SE,A,0,232407-603866,0,0,0,0,0,0,0,0,0
HZ_3,Grower_341,Grower_89,2020,Tolerant,1.95,SE,SE,0,169403-508207,0,0,0,0,0,0,0,0,0
HZ_19,Grower_238,Grower_24,2021,Verysusceptible,2.35,SE,E,0,058406-362934,0,0,2,0,1,0,0,1,1
HZ_3,Grower_65,Grower_136,2020,Tolerant,1.0,SE,SE,0,226460-602993,0,0,0,0,0,0,0,0,0
HZ_3,Grower_134,Grower_61,2020,Tolerant,1.05,SE,E,0,171532-580910,0,0,1,0,0,0,0,0,0
HZ_16,Grower_26,Grower_1,2020,Susceptible,3.52,E,E,0,239735-599366,0,0,1,2,0,0,0,0,0
HZ_3,Grower_36,Grower_113,2021,Tolerant,1.9,SE,SE,0,246162-608792,0,0,3,0,1,0,0,1,2
HZ_16,Grower_282,Grower_1,2021,Susceptible,3.71,SE,AF,0,236598-435754,0,0,8,6,6,0,0,3,1
HZ_3,Grower_83,Grower_65,2019,Tolerant,0.25,SE,SE,0,197782-599883,0,0,1,0,0,0,0,0,0
HZ_12,Grower_178,Grower_95,2021,Susceptible,0.55,SE,-,0,181760-529309,0,0,5,4,3,2,0,6,0
HZ_17,Grower_104,Grower_44,2022,Susceptible,2.5,E,E,0,187295-597337,0,0,4,3,3,1,0,1,0
HZ_20,Grower_209,Grower_83,2020,Tolerant,2.2,SE,SE,0,131359-545150,0,0,3,1,1,0,0,0,0
HZ_3,Grower_391,Grower_95,2020,Tolerant,3.2,SE,E,0,185150-522475,0,0,1,0,0,0,0,0,0
HZ_7,Grower_141,Grower_6,2022,Tolerant,1.6,E,E,0,159761-579619,0,0,1,0,1,0,0,0,0
HZ_36,Grower_67,Grower_11,2023,Tolerant,2.3,SE,SE,0,233954-598962,0,0,8,1,4,0,0,3,0
HZ_16,Grower_321,Grower_17,2021,Susceptible,3.47,SE,SE,0,244265-608273,0,0,0,0,0,0,0,0,0
HZ_42,Grower_155,Grower_63,2022,Verysusceptible,1.0,PB4,PB4,0,173135-524381,0,0,5,4,1,0,0,2,0
HZ_12,Grower_129,Grower_126,2022,Susceptible,1.5,E,E,0,157609-553076,0,0,0,0,0,0,0,0,0
HZ_35,Grower_147,Grower_40,2020,Tolerant,0.5,SE,A,0,178522-534565,0,0,6,6,1,0,8,0,0
HZ_3,Grower_421,Grower_104,2020,Tolerant,1.3,SE,SE,0,175865-519079,0,0,0,0,0,0,0,0,0
HZ_16,Grower_338,Grower_66,2020,Susceptible,1.35,SE,SE,0,180672-551582,0,0,6,3,4,0,0,0,0
HZ_17,Grower_129,Grower_52,2022,Susceptible,0.4,PB4,-,0,159327-579108,0,0,3,0,1,0,0,2,0
HZ_12,Grower_264,Grower_146,2021,Susceptible,1.4,E,E,0,062409-371921,0,0,0,0,0,0,0,0,0
HZ_19,Grower_353,Grower_24,2021,Verysusceptible,1.76,SE,SE,0,187819-521660,0,0,2,0,1,0,0,1,1
HZ_4,Grower_279,Grower_64,2019,Verysusceptible,1.3,SE,A,1,088871-408241,0,0,7,4,4,1,1,0,0
HZ_20,Grower_232,Grower_11,2021,Tolerant,0.52,E,E,0,116164-526932,0,0,7,2,4,0,0,6,0
HZ_47,Grower_271,Grower_16,2023,Verysusceptible,1.5,SE,SE,0,093497-397717,0,0,1,1,0,0,0,0,0
HZ_3,Grower_314,Grower_3,2019,Tolerant,1.36,SE,A,0,252688-599230,0,0,1,0,0,0,0,0,0
HZ_4,Grower_37,Grower_49,2021,Verysusceptible,0.7,SE,A,0,247732-607137,0,0,8,0,3,0,0,8,0
HZ_5,Grower_128,Grower_42,2022,Susceptible,1.5,SE,SE,0,172564-582168,0,0,2,0,0,0,0,1,0
HZ_5,Grower_128,Grower_42,2023,Susceptible,0.85,SE,A,0,174800-583181,0,0,0,0,0,0,0,0,0
HZ_14,Grower_259,Grower_29,2023,Susceptible,2.7,SE,SE,0,048921-362737,0,0,0,0,0,0,0,0,0
HZ_3,Grower_89,Grower_65,2023,Tolerant,0.62,SE,-,0,194101-600456,0,0,1,0,0,0,0,0,0
HZ_17,Grower_196,Grower_12,2021,Susceptible,2.08,SE,SE,0,120300-567804,0,0,6,3,4,0,0,2,0
HZ_5,Grower_235,Grower_83,2022,Susceptible,0.5,SE,E,0,124036-515650,0,0,6,3,2,0,0,7,0
HZ_12,Grower_174,Grower_146,2019,Susceptible,0.22,SE,A,0,054307-371795,0,0,1,1,0,0,0,0,0
HZ_20,Grower_200,Grower_90,2021,Tolerant,0.75,PB4,SE,0,117815-572382,0,0,4,2,2,0,0,0,0
HZ_3,Grower_11,Grower_112,2020,Tolerant,1.72,E,E,0,251497-600470,0,0,0,0,0,0,0,0,0
HZ_16,Grower_174,Grower_1,2021,Susceptible,3.74,SE,A,1,050639-370150,0,0,8,6,6,0,0,3,1
HZ_37,Grower_203,Grower_59,2021,Tolerant,2.54,SE,SE,0,236927-434991,0,0,0,0,0,0,0,0,0
HZ_5,Grower_133,Grower_42,2020,Susceptible,2.8,E,E,0,162963-581689,0,0,3,0,1,0,0,0,0
HZ_21,Grower_161,Grower_29,2022,Verysusceptible,2.75,SE,SE,0,161548-491239,0,0,1,1,0,0,0,1,2
HZ_4,Grower_264,Grower_63,2020,Verysusceptible,2.8,SE,A,1,060748-375412,0,0,4,0,1,0,0,0,0
HZ_12,Grower_188,Grower_95,2019,Susceptible,1.35,E,E,0,170352-522522,0,0,6,1,2,0,0,0,0
HZ_20,Grower_230,Grower_98,2019,Tolerant,0.69,SE,SE,0,123265-536162,0,0,8,8,5,0,4,0,0
HZ_22,Grower_31,Grower_155,2021,Tolerant,3.56,SE,SE,0,250936-606152,0,0,3,1,1,0,0,2,0
HZ_21,Grower_279,Grower_29,2023,Verysusceptible,2.35,SE,SE,0,084829-398662,0,0,0,0,0,1,0,0,0
HZ_3,Grower_39,Grower_150,2021,Tolerant,1.2,SE,E,0,246435-605892,0,0,3,1,1,0,0,6,1
HZ_54,Grower_143,Grower_66,2020,Verysusceptible,0.7,SE,SE,0,180573-526973,0,0,0,0,0,0,0,0,0
HZ_17,Grower_104,Grower_32,2021,Susceptible,2.35,E,E,0,180925-593379,0,0,8,6,6,0,5,7,0
HZ_5,Grower_107,Grower_33,2022,Susceptible,0.7,SE,E,0,180575-588725,0,0,0,0,0,0,0,0,0
HZ_3,Grower_354,Grower_49,2022,Tolerant,2.34,E,E,0,132933-536184,0,0,3,1,1,0,1,5,0
HZ_43,Grower_329,Grower_61,2020,Tolerant,0.98,SE,SE,0,165393-586603,0,0,4,0,1,0,0,0,0
HZ_9,Grower_125,Grower_72,2023,Verysusceptible,0.5,SE,SE,0,162204-579319,0,0,3,0,2,0,0,0,0
HZ_24,Grower_260,Grower_48,2019,Tolerant,2.0,SE,SE,0,058453-379220,0,0,1,1,0,0,0,0,0
HZ_39,Grower_287,Grower_36,2020,Tolerant,2.17,SE,SE,0,246724-599279,0,0,8,0,3,0,1,0,0
HZ_3,Grower_175,Grower_104,2020,Tolerant,0.15,SE,E,0,184598-527796,0,0,0,0,0,0,0,0,0
HZ_20,Grower_149,Grower_82,2021,Tolerant,0.87,E,E,0,177808-526454,0,0,1,0,0,1,0,0,0
HZ_4,Grower_201,Grower_61,2019,Verysusceptible,2.8,SE,SE,0,089730-402560,0,0,6,2,2,0,0,0,0
HZ_3,Grower_256,Grower_82,2022,Tolerant,0.6,SE,SE,0,177926-532567,0,0,1,0,1,0,0,0,0
HZ_19,Grower_270,Grower_50,2021,Verysusceptible,3.01,SE,E,1,084689-400204,0,0,8,5,2,0,0,2,0
HZ_34,Grower_94,Grower_2,2021,Verysusceptible,0.2,PB4,-,0,185608-595556,0,0,0,0,0,0,0,5,0
HZ_37,Grower_287,Grower_55,2019,Tolerant,2.36,E,E,0,247909-597462,0,0,2,0,1,0,0,0,0
HZ_20,Grower_310,Grower_102,2019,Tolerant,4.6,SE,SE,0,230444-592747,0,0,0,0,0,0,0,0,0
HZ_56,Grower_168,Grower_49,2022,Susceptible,2.6,SE,E,1,186827-531990,0,0,0,0,0,0,0,0,0
HZ_39,Grower_308,Grower_92,2022,Tolerant,0.75,SE,E,1,220082-598061,0,0,8,6,2,0,0,7,1
HZ_20,Grower_403,Grower_90,2019,Tolerant,3.2,SE,A,0,098266-403936,0,0,0,0,0,0,0,0,0
HZ_35,Grower_249,Grower_40,2020,Tolerant,2.9,SE,A,0,059880-363652,0,0,8,8,5,0,8,0,0
HZ_3,Grower_138,Grower_61,2022,Tolerant,0.7,SE,SE,0,167856-581731,0,0,5,0,3,0,0,5,0
HZ_61,Grower_356,Grower_102,2022,Susceptible,2.47,SE,SE,0,101059-476229,0,0,0,0,0,1,0,2,0
HZ_3,Grower_104,Grower_76,2022,Tolerant,1.45,E,E,0,180570-593003,0,0,4,1,1,0,0,3,0
HZ_9,Grower_139,Grower_72,2023,Verysusceptible,2.2,E,E,0,161571-583478,0,0,3,0,2,0,0,0,0
HZ_3,Grower_120,Grower_66,2021,Tolerant,1.29,E,E,0,173104-588705,0,0,0,0,0,0,0,0,0
HZ_86,Grower_135,Grower_221,2019,,0.5,SE,SE,0,158299-570256,0,0,1,1,0,0,0,0,0
HZ_12,Grower_31,Grower_126,2021,Susceptible,2.8,SE,E,0,250936-606152,0,0,7,8,5,3,5,7,2
HZ_5,Grower_236,Grower_83,2020,Susceptible,1.1,E,A,0,136449-524773,0,0,2,0,1,0,0,0,0
HZ_20,Grower_220,Grower_98,2023,Tolerant,1.04,SE,SE,0,129575-543600,0,0,8,3,8,0,1,8,0
HZ_18,Grower_11,Grower_5,2023,Tolerant,0.81,SE,SE,0,250864-600290,0,0,0,0,0,0,0,0,0
HZ_65,Grower_209,Grower_104,2020,Tolerant,0.75,SE,-,0,130309-525679,0,0,0,0,0,0,0,0,0
HZ_17,Grower_106,Grower_23,2020,Susceptible,0.44,E,A,1,129843-532774,0,0,6,4,3,0,1,0,0
HZ_3,Grower_123,Grower_42,2022,Tolerant,0.47,PB4,PB4,0,170669-588124,0,0,0,0,0,0,0,0,0
HZ_5,Grower_235,Grower_83,2020,Susceptible,2.7,E,E,0,124315-515399,0,0,2,0,1,0,0,0,0
HZ_46,Grower_338,Grower_41,2022,Susceptible,0.45,SE,SE,0,181715-550209,0,0,3,0,0,0,1,8,0
HZ_16,Grower_196,Grower_66,2022,Susceptible,0.55,SE,SE,0,118526-570227,0,0,5,0,2,0,0,0,0
HZ_43,Grower_188,Grower_18,2021,Tolerant,2.8,SE,SE,0,169717-523135,0,0,1,0,0,0,1,3,0
HZ_24,Grower_187,Grower_81,2019,Tolerant,4.4,SE,A,0,062821-373152,0,0,0,0,0,0,0,0,0
HZ_65,Grower_44,Grower_49,2020,Tolerant,1.27,E,E,0,230792-602093,0,0,0,0,0,0,0,0,0
HZ_48,Grower_255,Grower_61,2023,Verysusceptible,2.4,SE,SE,0,044846-370622,0,0,4,0,3,3,1,5,0
HZ_42,Grower_271,Grower_63,2023,Verysusceptible,2.5,SE,SE,0,092722-402491,0,0,0,0,0,0,0,0,0
HZ_17,Grower_208,Grower_147,2021,Susceptible,0.87,SE,SE,0,128402-541371,0,0,1,0,0,0,0,1,0
HZ_4,Grower_121,Grower_17,2019,Verysusceptible,1.08,SE,SE,0,179028-583303,0,0,8,6,6,0,0,0,0
HZ_49,Grower_180,Grower_131,2022,Susceptible,1.1,SE,SE,0,180272-537500,0,0,0,0,0,0,0,0,0
HZ_9,Grower_261,Grower_67,2023,Verysusceptible,1.6,SE,SE,0,057319-412337,0,0,3,0,3,0,0,0,0
HZ_4,Grower_91,Grower_64,2020,Verysusceptible,1.0,SE,SE,0,197527-598550,0,0,4,0,1,0,0,0,0
HZ_12,Grower_334,Grower_205,2019,Susceptible,0.9,SE,SE,0,182402-594378,0,0,8,6,6,2,0,0,0
HZ_17,Grower_151,Grower_23,2020,Susceptible,3.0,SE,SE,0,177676-537774,0,0,6,4,3,0,1,0,0
HZ_61,Grower_154,Grower_86,2020,Susceptible,2.55,E,E,0,170997-532773,0,0,0,0,0,0,0,0,0
HZ_51,Grower_174,Grower_12,2021,Susceptible,0.38,SE,E,1,054053-362675,0,0,0,0,0,0,0,0,0
HZ_20,Grower_105,Grower_83,2019,Tolerant,1.4,E,E,0,119589-569988,0,0,8,4,6,1,0,0,0
HZ_8,Grower_191,Grower_28,2021,Tolerant,1.36,SE,A,0,160548-581925,0,0,1,0,0,0,0,0,1
HZ_20,Grower_332,Grower_1,2020,Tolerant,1.4,SE,-,0,179730-591409,0,0,7,1,3,0,0,0,0
HZ_39,Grower_141,Grower_42,2022,Tolerant,2.85,E,E,0,158774-580450,0,0,0,0,0,0,0,0,0
HZ_3,Grower_10,Grower_39,2019,Tolerant,0.75,SE,-,0,262179-585225,0,0,1,1,0,0,0,0,0
HZ_37,Grower_274,Grower_59,2021,Tolerant,1.75,SE,SE,0,074863-404751,0,0,0,0,0,0,0,0,0
HZ_39,Grower_287,Grower_133,2020,Tolerant,2.05,E,E,0,248488-596509,0,0,1,0,0,0,0,0,0
HZ_24,Grower_119,Grower_24,2022,Tolerant,0.47,SE,SE,0,175646-583094,0,0,6,6,1,0,0,2,0
HZ_46,Grower_201,Grower_99,2022,Susceptible,2.7,SE,A,1,089732-402340,0,0,4,1,1,1,0,2,0
HZ_20,Grower_279,Grower_8,2023,Tolerant,0.85,SE,SE,0,083599-398795,0,0,3,0,3,0,0,1,0
HZ_4,Grower_403,Grower_1,2021,Verysusceptible,1.0,SE,E,0,098375-403306,0,0,5,1,2,0,0,7,0
HZ_7,Grower_92,Grower_70,2020,Tolerant,1.43,SE,SE,0,190884-597708,0,0,2,0,1,0,0,0,0
HZ_40,Grower_123,Grower_10,2021,Tolerant,0.75,SE,A,0,171270-587848,0,0,0,0,0,0,0,0,0
HZ_11,Grower_247,Grower_19,2019,Tolerant,1.35,SE,SE,0,039237-373271,0,0,2,0,1,0,0,0,0
HZ_3,Grower_129,Grower_52,2022,Tolerant,2.1,E,E,0,158867-579445,0,0,0,0,0,0,0,1,0
HZ_3,Grower_108,Grower_76,2021,Tolerant,1.2,SE,SE,0,180912-585040,0,0,2,1,1,0,0,0,1
HZ_4,Grower_373,Grower_49,2019,Verysusceptible,3.0,SE,A,0,100458-475982,0,0,7,3,5,0,2,0,0
HZ_20,Grower_296,Grower_2,2022,Tolerant,2.05,E,E,0,241036-599725,0,0,4,1,1,0,0,3,0
HZ_48,Grower_113,Grower_61,2020,Verysusceptible,0.92,SE,SE,0,175421-592537,0,0,6,1,2,0,0,0,0
HZ_3,Grower_184,Grower_94,2019,Tolerant,2.1,SE,SE,0,190852-526301,0,0,1,1,0,0,0,0,0
HZ_9,Grower_174,Grower_2,2022,Verysusceptible,1.5,SE,A,1,041036-368114,0,0,4,1,0,0,8,6,0
HZ_49,Grower_161,Grower_8,2019,Susceptible,2.56,SE,SE,0,161062-490436,0,0,8,4,6,0,0,0,0
HZ_19,Grower_353,Grower_50,2021,Verysusceptible,1.46,SE,A,1,187819-521660,0,0,8,5,2,0,0,2,0
HZ_34,Grower_65,Grower_3,2023,Verysusceptible,0.66,SE,SE,0,227093-604100,0,0,1,1,0,0,0,0,0
HZ_54,Grower_154,Grower_1,2021,Verysusceptible,1.31,E,E,0,171119-532207,0,0,7,6,4,0,3,7,0
HZ_37,Grower_274,Grower_44,2021,Tolerant,1.75,SE,E,1,074863-404751,0,0,8,8,5,0,0,0,0
HZ_7,Grower_121,Grower_102,2019,Tolerant,1.1,SE,SE,0,172206-577221,0,0,0,0,0,0,0,0,0
HZ_16,Grower_206,Grower_17,2019,Susceptible,1.45,E,A,1,114687-568178,0,0,8,7,4,0,0,0,0
HZ_43,Grower_86,Grower_36,2020,Tolerant,1.6,SE,SE,0,196304-600542,0,0,6,2,2,1,1,0,0
HZ_5,Grower_99,Grower_38,2021,Susceptible,1.0,PB4,PB4,0,198849-597207,0,0,6,0,2,0,0,0,0
HZ_3,Grower_121,Grower_40,2022,Tolerant,1.2,SE,SE,0,177637-582299,0,0,4,1,2,0,0,3,0
HZ_17,Grower_211,Grower_147,2021,Susceptible,0.68,SE,SE,0,131800-542558,0,0,1,0,0,0,0,1,0
HZ_21,Grower_168,Grower_228,2019,Verysusceptible,3.2,SE,A,1,188358-531130,0,0,0,0,0,0,0,0,0
HZ_3,Grower_208,Grower_65,2019,Tolerant,0.87,SE,A,0,132732-539788,0,0,1,0,0,0,0,0,0
HZ_4,Grower_209,Grower_1,2022,Verysusceptible,1.8,E,E,0,126402-527172,0,0,2,0,1,0,1,6,0
HZ_3,Grower_122,Grower_52,2020,Tolerant,0.7,SE,-,0,174677-590593,0,0,0,0,0,0,0,0,0
HZ_11,Grower_26,Grower_19,2019,Tolerant,0.96,SE,SE,0,234742-603938,0,0,2,0,1,0,0,0,0
HZ_12,Grower_174,Grower_146,2019,Susceptible,0.76,SE,A,0,050875-371439,0,0,1,1,0,0,0,0,0
HZ_3,Grower_91,Grower_33,2021,Tolerant,2.82,SE,SE,0,199168-599856,0,0,2,0,1,0,0,2,0
HZ_61,Grower_261,Grower_44,2019,Susceptible,2.4,SE,A,0,047238-400739,0,0,8,6,6,0,3,0,0
HZ_24,Grower_164,Grower_81,2019,Tolerant,0.8,SE,AF,0,152769-483337,0,0,0,0,0,0,0,0,0
HZ_24,Grower_197,Grower_81,2020,Tolerant,0.6,SE,SE,0,118181-564763,0,0,0,0,0,0,0,0,0
HZ_42,Grower_96,Grower_66,2022,Verysusceptible,0.34,SE,SE,0,173635-588442,0,0,8,1,0,0,3,2,0
HZ_27,Grower_115,Grower_2,2022,Tolerant,0.47,PB4,PB4,0,178678-590235,0,0,4,1,2,0,0,1,1
HZ_24,Grower_176,Grower_48,2021,Tolerant,0.7,SE,SE,0,182339-531106,0,0,3,0,1,0,0,1,0
HZ_1,Grower_286,Grower_1,2022,Tolerant,0.96,SE,E,0,255140-599101,0,0,1,1,0,0,0,0,0
HZ_77,Grower_320,Grower_33,2021,Tolerant,0.98,SE,E,0,210769-590019,0,0,3,1,1,0,0,1,0
HZ_12,Grower_27,Grower_15,2021,Susceptible,0.28,E,E,0,243371-608395,0,0,5,0,2,0,0,3,0
HZ_43,Grower_102,Grower_76,2019,Tolerant,1.3,SE,A,0,184452-596538,0,0,8,6,6,0,0,0,0
HZ_24,Grower_397,Grower_81,2020,Tolerant,1.5,E,E,0,115331-560933,0,0,0,0,0,0,0,0,0
HZ_7,Grower_119,Grower_178,2019,Tolerant,0.47,E,E,0,175408-582822,0,0,6,1,2,0,0,0,0
HZ_37,Grower_7,Grower_44,2019,Tolerant,0.95,E,A,0,263768-590064,0,0,8,1,3,0,0,0,0
HZ_1,Grower_85,Grower_1,2021,Tolerant,0.72,SE,A,1,213718-593761,0,0,8,3,4,0,0,8,0
HZ_20,Grower_206,Grower_112,2020,Tolerant,0.3,E,E,0,113827-565894,0,0,8,2,3,0,0,0,0
HZ_5,Grower_88,Grower_56,2020,Susceptible,0.36,SE,SE,0,212395-591747,0,0,1,0,0,0,0,0,0
HZ_3,Grower_110,Grower_40,2023,Tolerant,0.37,SE,E,0,169094-587392,0,0,4,0,1,0,0,1,0
HZ_17,Grower_206,Grower_23,2019,Susceptible,1.8,E,E,0,114687-568178,0,0,7,6,4,0,0,0,0
HZ_8,Grower_5,Grower_9,2023,Tolerant,0.8,SE,SE,0,250593-600485,0,0,4,0,3,0,0,0,0
HZ_20,Grower_162,Grower_82,2023,Tolerant,1.1,SE,A,0,160273-494794,0,0,4,1,2,0,0,0,0
HZ_4,Grower_37,Grower_1,2022,Verysusceptible,0.8,SE,SE,0,246669-605636,0,0,2,2,0,0,1,6,0
HZ_13,Grower_232,Grower_115,2022,Tolerant,2.35,E,E,0,116032-527198,0,0,6,0,2,0,0,3,0
HZ_65,Grower_186,Grower_49,2019,Tolerant,0.7,SE,SE,0,175571-517334,0,0,4,2,2,0,0,0,0
HZ_3,Grower_72,Grower_17,2021,Tolerant,0.85,E,E,0,223392-599273,0,0,0,0,0,0,0,0,0
HZ_4,Grower_276,Grower_1,2023,Verysusceptible,2.9,SE,A,0,097612-402406,0,0,0,0,0,0,0,0,0
HZ_20,Grower_155,Grower_1,2022,Tolerant,2.0,E,E,0,171970-524081,0,0,4,1,1,0,1,6,0
HZ_5,Grower_4,Grower_5,2023,Susceptible,2.04,SE,E,0,253443-600295,0,0,0,0,0,0,0,0,0
HZ_17,Grower_108,Grower_83,2021,Susceptible,1.34,E,E,0,182458-585166,0,0,6,2,2,0,0,7,0
HZ_12,Grower_40,Grower_146,2020,Susceptible,1.3,SE,SE,0,247252-604738,0,0,2,1,1,0,0,0,0
HZ_3,Grower_347,Grower_132,2020,Tolerant,2.7,E,A,0,186301-522366,0,0,0,0,0,0,0,0,0
HZ_5,Grower_7,Grower_20,2019,Susceptible,1.1,E,E,0,268770-584555,0,0,0,0,0,0,0,0,0
HZ_17,Grower_105,Grower_52,2022,Susceptible,0.95,PB4,PB4,0,119370-570193,0,0,3,0,1,0,0,2,0
HZ_24,Grower_37,Grower_24,2023,Tolerant,0.64,SE,SE,0,248130-607850,0,0,0,0,0,0,0,0,0
HZ_44,Grower_170,Grower_74,2023,Susceptible,0.58,PB4,PB4,0,186580-519806,0,0,0,0,0,0,0,0,0
HZ_14,Grower_209,Grower_19,2023,Susceptible,2.9,E,E,0,131407-533077,0,0,0,0,0,0,0,0,0
HZ_4,Grower_374,Grower_1,2020,Verysusceptible,0.8,SE,A,1,103602-470643,0,0,8,3,4,0,7,0,0
HZ_61,Grower_79,Grower_44,2021,Susceptible,0.8,SE,SE,0,203379-593511,0,0,2,0,1,0,0,1,0
HZ_17,Grower_307,Grower_47,2022,Susceptible,1.38,E,E,0,222969-592045,0,0,4,1,2,1,1,4,0
HZ_5,Grower_134,Grower_61,2022,Susceptible,1.09,SE,-,0,170584-581168,0,0,1,0,1,0,0,0,0
HZ_16,Grower_311,Grower_8,2021,Susceptible,0.96,SE,SE,0,214352-589059,0,0,4,0,1,0,0,1,0
HZ_3,Grower_182,Grower_93,2020,Tolerant,2.0,SE,E,0,188048-530134,0,0,0,0,0,0,0,0,0
HZ_5,Grower_239,Grower_38,2022,Susceptible,1.2,SE,A,1,038783-368476,0,0,8,2,0,1,0,8,0
HZ_61,Grower_265,Grower_228,2019,Susceptible,0.98,PB3,PB3,0,179287-529217,0,0,0,0,0,0,0,0,0
HZ_22,Grower_275,Grower_31,2021,Tolerant,2.0,SE,SE,0,078558-402984,0,0,8,2,3,0,0,7,1
HZ_46,Grower_277,Grower_3,2019,Susceptible,1.0,SE,A,0,086036-396693,0,0,6,0,2,0,0,0,0
HZ_20,Grower_327,Grower_76,2020,Tolerant,0.75,SE,SE,0,187682-595296,0,0,7,4,4,0,0,0,0
HZ_3,Grower_394,Grower_48,2019,Tolerant,1.84,SE,A,0,180411-515254,0,0,8,0,3,0,0,0,0
HZ_2,Grower_81,Grower_165,2021,Tolerant,1.36,SE,SE,0,197472-599207,0,0,5,2,2,0,0,2,0
HZ_16,Grower_59,Grower_1,2023,Susceptible,1.04,SE,-,0,233852-600329,0,0,3,0,2,0,0,0,0
HZ_3,Grower_199,Grower_18,2023,Tolerant,2.27,SE,SE,0,117315-563644,0,0,1,0,1,0,0,0,0
HZ_22,Grower_266,Grower_88,2023,Tolerant,0.97,SE,SE,0,046982-395875,0,0,0,0,0,0,0,0,0
HZ_4,Grower_374,Grower_1,2020,Verysusceptible,1.1,SE,AF,0,103682-470737,0,0,8,3,4,0,7,0,0
HZ_8,Grower_290,Grower_28,2020,Tolerant,1.18,SE,SE,0,243288-600296,0,0,0,0,0,0,0,0,0
HZ_43,Grower_131,Grower_41,2019,Tolerant,3.0,E,E,0,168684-586828,0,0,0,0,0,0,0,0,0
HZ_15,Grower_275,Grower_21,2022,Verysusceptible,2.1,SE,SE,0,095730-405935,0,0,7,2,4,0,1,3,1
HZ_11,Grower_202,Grower_12,2023,Tolerant,2.6,PB4,PB4,0,120548-567302,0,0,2,0,0,0,0,2,0
HZ_20,Grower_110,Grower_40,2021,Tolerant,0.82,SE,SE,0,169081-587533,0,0,8,5,2,0,0,4,0
HZ_17,Grower_319,Grower_53,2022,Susceptible,3.1,S,SE,0,211345-589788,0,0,8,5,5,0,3,2,0
HZ_55,Grower_376,Grower_64,2020,Tolerant,0.1,PB4,SE,0,204263-593333,0,0,0,0,0,0,0,0,0
HZ_6,Grower_3,Grower_3,2023,Tolerant,2.84,E,E,0,248270-595720,0,0,3,1,2,1,0,4,0
HZ_17,Grower_330,Grower_40,2020,Susceptible,0.46,E,E,0,174835-589103,0,0,5,6,3,0,0,0,0
HZ_24,Grower_203,Grower_48,2019,Tolerant,1.85,SE,AF,0,234553-436098,0,0,5,4,3,0,0,0,0
HZ_3,Grower_133,Grower_42,2022,Tolerant,1.2,SE,E,0,169320-586294,0,0,1,0,0,0,1,2,0
HZ_30,Grower_212,Grower_81,2023,Verysusceptible,0.12,PB4,-,0,133494-534975,0,0,7,2,4,0,0,4,0
HZ_13,Grower_275,Grower_22,2021,Tolerant,4.0,SE,E,0,078514-402810,0,0,3,1,1,0,0,1,0
HZ_3,Grower_397,Grower_65,2019,Tolerant,0.6,SE,A,0,115030-561452,0,0,1,0,0,0,0,0,0
HZ_5,Grower_131,Grower_61,2022,Susceptible,1.3,SE,SE,0,174011-580800,0,0,1,0,1,0,0,0,0
HZ_5,Grower_216,Grower_90,2019,Susceptible,0.95,SE,-,0,119058-536270,0,0,0,0,0,0,0,0,0
HZ_4,Grower_67,Grower_17,2023,Verysusceptible,0.44,SE,SE,0,233865-599180,0,0,0,0,0,0,0,0,0
HZ_43,Grower_116,Grower_18,2021,Tolerant,0.6,SE,-,0,178406-589981,0,0,1,0,0,0,1,3,0
HZ_29,Grower_182,Grower_1,2022,Tolerant,1.2,E,E,0,190466-528912,0,0,1,1,0,0,0,1,0
HZ_20,Grower_34,Grower_8,2023,Tolerant,1.9,SE,E,0,245480-607729,0,0,3,0,3,0,0,1,0
HZ_3,Grower_21,Grower_20,2020,Tolerant,1.3,SE,SE,0,239994-606677,0,0,2,0,1,0,0,0,0
HZ_43,Grower_217,Grower_128,2020,Tolerant,1.18,SE,E,1,118718-537390,0,0,0,0,0,0,0,0,0
HZ_3,Grower_390,Grower_144,2020,Tolerant,1.26,SE,SE,0,166085-502869,0,0,0,0,0,0,0,0,0
HZ_7,Grower_141,Grower_59,2022,Tolerant,1.4,E,E,0,159068-580005,0,0,1,1,0,0,0,0,0
HZ_3,Grower_44,Grower_2,2022,Tolerant,4.1,E,E,0,233364-600380,0,0,2,0,0,0,0,3,0
HZ_20,Grower_199,Grower_116,2021,Tolerant,0.66,PB4,E,0,117419-565995,0,0,7,4,4,0,1,4,1
HZ_54,Grower_154,Grower_1,2020,Verysusceptible,0.7,E,E,0,170873-531786,0,0,8,5,2,0,0,0,0
HZ_11,Grower_8,Grower_19,2019,Tolerant,1.28,SE,SE,0,249199-595435,0,0,2,0,1,0,0,0,0
HZ_3,Grower_36,Grower_3,2020,Tolerant,1.0,SE,E,0,245988-608547,0,0,6,2,2,0,0,0,0
HZ_47,Grower_282,Grower_99,2019,Verysusceptible,1.46,E,AF,0,233201-440298,0,0,6,5,5,0,1,0,0
HZ_3,Grower_100,Grower_44,2022,Tolerant,1.35,SE,SE,0,178295-587693,0,0,0,0,0,0,0,0,0
HZ_16,Grower_18,Grower_1,2022,Susceptible,2.12,E,E,0,233495-601792,0,0,1,0,1,0,1,1,0
HZ_20,Grower_198,Grower_83,2019,Tolerant,0.52,SE,SE,0,118256-566240,0,0,8,3,4,0,0,0,0
HZ_20,Grower_247,Grower_82,2022,Tolerant,2.0,SE,SE,0,037874-372904,0,0,2,1,1,1,0,1,1
HZ_72,Grower_158,Grower_6,2021,Tolerant,0.7,SE,SE,0,180329-499890,0,0,4,5,2,0,0,1,0
HZ_12,Grower_372,Grower_95,2021,Susceptible,1.97,SE,SE,0,132290-537486,0,0,5,4,3,2,0,6,0
HZ_17,Grower_151,Grower_12,2019,Susceptible,1.0,SE,SE,0,186515-531772,0,0,5,2,2,0,0,0,0
HZ_4,Grower_255,Grower_1,2020,Verysusceptible,0.4,SE,E,1,044604-370021,0,0,8,3,4,0,7,0,0
HZ_20,Grower_84,Grower_69,2023,Tolerant,1.6,S,A,0,198228-601458,0,0,8,2,5,0,0,4,0
HZ_13,Grower_232,Grower_46,2019,Tolerant,1.18,SE,SE,0,116076-527211,0,0,4,3,2,0,0,0,0
HZ_8,Grower_161,Grower_82,2021,Tolerant,1.8,SE,SE,0,175598-508464,0,0,0,0,0,0,0,0,0
HZ_27,Grower_261,Grower_2,2022,Tolerant,3.5,SE,E,0,046950-414313,0,0,4,1,2,0,0,1,1
HZ_43,Grower_104,Grower_65,2022,Tolerant,1.0,E,E,0,178953-591806,0,0,6,3,1,1,0,6,0
HZ_30,Grower_93,Grower_1,2022,Verysusceptible,0.95,SE,SE,0,187878-595912,0,0,0,0,0,0,0,0,0
HZ_20,Grower_143,Grower_82,2023,Tolerant,1.84,SE,SE,0,177805-528558,0,0,4,1,2,0,0,0,0
HZ_8,Grower_33,Grower_39,2021,Tolerant,1.65,SE,SE,0,246655-607750,0,0,2,1,1,0,0,3,0
HZ_20,Grower_286,Grower_28,2020,Tolerant,1.13,E,E,0,248967-599115,0,0,2,1,1,0,0,0,0
HZ_38,Grower_351,Grower_38,2020,Tolerant,0.75,SE,SE,0,131747-540052,0,0,0,0,0,0,0,0,0
HZ_19,Grower_248,Grower_24,2022,Verysusceptible,2.98,SE,SE,0,061058-368665,0,0,5,2,0,0,0,1,1
HZ_20,Grower_232,Grower_11,2021,Tolerant,2.37,E,E,0,116189-527266,0,0,7,2,4,0,0,6,0
HZ_17,Grower_230,Grower_42,2022,Susceptible,0.7,SE,SE,0,123347-534881,0,0,2,1,1,1,1,2,0
HZ_24,Grower_38,Grower_24,2023,Tolerant,0.1,SE,A,0,248339-606118,0,0,0,0,0,0,0,0,0
HZ_13,Grower_9,Grower_59,2020,Tolerant,0.68,E,E,0,261943-580129,0,0,2,0,1,0,0,0,0
HZ_31,Grower_273,Grower_29,2022,Tolerant,2.3,SE,SE,0,088781-397721,0,0,4,1,0,0,0,0,0
HZ_4,Grower_283,Grower_89,2021,Verysusceptible,0.14,SE,E,0,173532-425694,0,0,1,0,0,0,0,0,0
HZ_7,Grower_133,Grower_205,2019,Tolerant,1.52,SE,-,0,164588-581719,0,0,0,0,0,0,0,0,0
HZ_5,Grower_59,Grower_38,2022,Susceptible,0.24,SE,-,0,234064-600395,0,0,8,2,0,1,0,8,0
HZ_4,Grower_279,Grower_1,2021,Verysusceptible,2.3,SE,A,0,089864-405125,0,0,8,1,3,0,0,7,0
HZ_29,Grower_196,Grower_16,2023,Tolerant,0.43,PB4,AF,0,118108-569122,0,0,0,0,0,0,0,0,0
HZ_51,Grower_224,Grower_12,2021,Susceptible,0.64,E,E,0,128311-535064,0,0,0,0,0,0,0,0,0
HZ_5,Grower_252,Grower_20,2019,Susceptible,0.25,E,E,0,053432-373426,0,0,0,0,0,0,0,0,0
HZ_20,Grower_255,Grower_90,2019,Tolerant,3.25,SE,E,1,042467-371791,0,0,6,6,1,0,8,0,0
HZ_37,Grower_203,Grower_59,2021,Tolerant,3.27,SE,E,0,232367-435534,0,0,0,0,0,0,0,0,0
HZ_12,Grower_159,Grower_95,2021,Susceptible,1.3,SE,SE,0,176240-493509,0,0,5,4,3,2,0,6,0
HZ_3,Grower_21,Grower_1,2023,Tolerant,3.0,SE,SE,0,240063-605857,0,0,0,0,0,0,0,0,0
HZ_43,Grower_91,Grower_65,2021,Tolerant,0.43,SE,SE,0,197623-598259,0,0,7,1,3,0,1,2,0
HZ_30,Grower_116,Grower_42,2023,Verysusceptible,0.87,SE,SE,0,179565-590148,0,0,3,0,2,0,0,1,0
HZ_58,Grower_117,Grower_52,2021,Susceptible,0.9,SE,SE,0,167449-589152,0,0,6,1,2,0,0,1,0
HZ_12,Grower_138,Grower_146,2020,Susceptible,0.5,SE,SE,0,170345-582383,0,0,2,1,1,0,0,0,0
HZ_20,Grower_429,Grower_9,2020,Tolerant,1.6,E,E,0,119463-524431,0,0,5,1,2,0,0,0,0
HZ_3,Grower_141,Grower_61,2019,Tolerant,1.83,SE,A,0,158713-580360,0,0,5,0,2,0,0,0,0
HZ_39,Grower_100,Grower_61,2023,Tolerant,1.0,SE,A,0,179139-587045,0,0,8,0,2,0,0,8,0
HZ_24,Grower_173,Grower_94,2023,Tolerant,1.5,SE,E,0,183085-522509,0,0,0,0,0,0,0,0,0
HZ_51,Grower_134,Grower_61,2022,Susceptible,1.15,SE,-,0,170813-579637,0,0,1,0,0,0,0,1,0
HZ_20,Grower_247,Grower_82,2019,Tolerant,2.2,SE,SE,0,038067-373588,0,0,1,1,0,0,0,0,0
HZ_47,Grower_271,Grower_42,2021,Verysusceptible,2.0,SE,SE,0,094122-394414,0,0,3,0,1,0,0,0,0
HZ_44,Grower_89,Grower_66,2023,Susceptible,1.27,SE,SE,0,200333-601318,0,0,4,0,1,0,0,0,0
HZ_49,Grower_25,Grower_133,2019,Susceptible,0.83,SE,SE,0,239437-607649,0,0,1,0,0,0,0,0,0
HZ_66,Grower_63,Grower_2,2022,Verysusceptible,4.45,E,E,0,230677-600316,0,0,4,0,0,0,1,5,1
HZ_8,Grower_304,Grower_111,2022,Tolerant,0.53,PB4,PB4,0,241498-596752,0,0,0,0,0,0,0,0,0
HZ_2,Grower_1,Grower_2,2023,Tolerant,1.25,SE,SE,0,252718-599256,0,0,4,0,1,0,0,0,0
HZ_39,Grower_294,Grower_36,2021,Tolerant,0.41,SE,SE,0,238317-605706,0,0,7,3,5,0,1,7,0
HZ_51,Grower_151,Grower_12,2021,Susceptible,1.68,SE,SE,0,177456-537023,0,0,0,0,0,0,0,0,0
HZ_47,Grower_282,Grower_167,2021,Verysusceptible,1.5,SE,A,1,230567-436349,0,0,7,7,5,0,5,7,0
HZ_12,Grower_5,Grower_15,2023,Susceptible,0.89,E,A,0,250099-601160,0,0,1,0,1,1,0,2,0
HZ_3,Grower_119,Grower_52,2019,Tolerant,0.95,SE,A,0,173818-581077,0,0,0,0,0,0,0,0,0
HZ_4,Grower_277,Grower_1,2020,Verysusceptible,1.7,SE,AF,1,076789-396671,0,0,8,3,4,0,7,0,0
HZ_12,Grower_40,Grower_125,2021,Susceptible,0.5,SE,SE,0,248395-603643,0,0,7,5,6,0,3,2,0
HZ_39,Grower_141,Grower_61,2023,Tolerant,1.0,SE,A,0,159650-580003,0,0,8,0,2,0,0,8,0
HZ_5,Grower_158,Grower_86,2023,Susceptible,1.0,E,AF,0,179521-498988,0,0,0,0,0,0,0,0,0
HZ_3,Grower_130,Grower_66,2019,Tolerant,0.94,SE,-,0,167057-583536,0,0,3,1,1,0,0,0,0
HZ_3,Grower_168,Grower_228,2019,Tolerant,1.97,SE,SE,0,179296-529656,0,0,0,0,0,0,0,0,0
HZ_11,Grower_202,Grower_102,2019,Tolerant,1.0,SE,SE,0,119253-566742,0,0,5,3,3,0,0,0,0
HZ_43,Grower_217,Grower_18,2021,Tolerant,2.35,E,E,0,118776-537285,0,0,1,0,0,0,1,3,0
HZ_4,Grower_77,Grower_52,2022,Verysusceptible,1.13,SE,SE,0,205378-600041,0,0,1,0,0,0,0,0,0
HZ_35,Grower_279,Grower_51,2019,Tolerant,3.1,SE,A,0,084455-397955,0,0,8,8,5,0,5,0,0
HZ_80,Grower_314,Grower_37,2019,Verysusceptible,0.52,SE,A,0,252691-599958,0,0,1,1,0,0,0,0,0
HZ_17,Grower_89,Grower_163,2019,Susceptible,2.4,SE,SE,0,195966-600255,0,0,8,8,5,0,0,0,0
HZ_42,Grower_152,Grower_66,2021,Verysusceptible,1.0,E,E,0,173777-536001,0,0,4,1,1,0,0,4,0
HZ_16,Grower_69,Grower_1,2020,Susceptible,1.5,SE,SE,0,226328-603099,0,0,1,2,0,0,0,0,0
HZ_12,Grower_107,Grower_111,2020,Susceptible,0.8,PB4,SE,0,179907-589291,0,0,0,0,0,0,0,0,0
HZ_20,Grower_232,Grower_1,2023,Tolerant,3.0,E,A,0,117158-527253,0,0,0,0,0,0,0,0,0
HZ_3,Grower_71,Grower_2,2019,Tolerant,2.87,SE,SE,0,228749-602715,0,0,1,1,0,0,0,0,0
HZ_3,Grower_314,Grower_113,2020,Tolerant,0.94,E,E,0,252424-600382,0,0,3,0,1,0,0,0,0
HZ_43,Grower_206,Grower_18,2021,Tolerant,1.8,E,A,1,115325-568582,0,0,1,0,0,0,1,3,0
HZ_12,Grower_176,Grower_210,2019,Susceptible,0.22,SE,A,0,182424-530511,0,0,1,1,0,0,0,0,0
HZ_13,Grower_9,Grower_22,2021,Tolerant,1.35,SE,SE,0,263677-583330,0,0,4,1,1,0,0,1,0
HZ_3,Grower_171,Grower_146,2021,Tolerant,0.4,SE,A,0,185692-528637,0,0,0,0,0,0,0,0,0
HZ_37,Grower_118,Grower_97,2019,Tolerant,0.68,SE,SE,0,170563-589764,0,0,2,0,1,0,0,0,0
HZ_23,Grower_44,Grower_36,2021,Verysusceptible,0.53,SE,A,1,231454-600674,0,0,6,6,1,0,3,6,0
HZ_24,Grower_283,Grower_40,2023,Tolerant,1.4,SE,E,0,173177-425940,0,0,6,0,0,0,1,2,0
HZ_5,Grower_215,Grower_83,2019,Susceptible,2.0,E,E,0,120398-536458,0,0,0,0,0,0,0,0,0
HZ_17,Grower_105,Grower_90,2020,Susceptible,1.75,SE,SE,0,114549-568637,0,0,3,0,1,0,0,0,0
HZ_51,Grower_174,Grower_66,2022,Susceptible,2.03,SE,SE,0,046204-365265,0,0,1,0,0,0,0,0,0
HZ_3,Grower_2,Grower_3,2023,Tolerant,0.61,SE,-,0,251482-603536,0,0,0,0,0,0,0,0,0
HZ_17,Grower_83,Grower_58,2023,Susceptible,2.0,SE,SE,0,192364-596832,0,0,0,0,0,0,0,0,0
HZ_20,Grower_209,Grower_83,2020,Tolerant,1.6,SE,A,0,131155-543733,0,0,3,1,1,0,0,0,0
HZ_20,Grower_236,Grower_82,2020,Tolerant,7.8,E,E,0,143436-526005,0,0,0,0,0,0,0,0,0
HZ_47,Grower_271,Grower_99,2019,Verysusceptible,5.0,E,A,0,093377-395706,0,0,6,4,3,0,2,0,0
HZ_20,Grower_220,Grower_29,2023,Tolerant,1.56,SE,SE,0,129575-543600,0,0,0,0,0,0,0,0,0
HZ_3,Grower_294,Grower_49,2021,Tolerant,1.88,SE,SE,0,238504-605316,0,0,4,2,2,0,0,4,0
HZ_58,Grower_83,Grower_17,2021,Susceptible,1.86,SE,E,1,200523-599971,0,0,6,5,5,0,6,6,0
HZ_12,Grower_209,Grower_126,2021,Susceptible,1.75,SE,-,0,126712-525230,0,0,7,7,5,0,6,7,1
HZ_47,Grower_282,Grower_44,2023,Verysusceptible,3.35,SE,E,1,233251-440399,0,0,7,3,7,0,4,0,0
HZ_43,Grower_83,Grower_65,2020,Tolerant,2.0,SE,SE,0,192330-596876,0,0,6,4,3,0,2,0,0
HZ_77,Grower_320,Grower_58,2021,Tolerant,2.62,S,S,0,210769-590019,0,0,8,0,3,0,0,0,0
HZ_24,Grower_111,Grower_40,2020,Tolerant,1.14,SE,SE,0,173641-590924,0,0,4,1,1,0,0,0,0
HZ_13,Grower_14,Grower_17,2023,Tolerant,1.18,E,E,0,257985-576007,0,0,0,0,0,0,0,0,0
HZ_17,Grower_206,Grower_83,2022,Susceptible,1.0,E,A,1,115883-565286,0,0,8,4,8,4,0,6,0
HZ_3,Grower_120,Grower_40,2019,Tolerant,1.25,SE,SE,0,174752-592250,0,0,0,0,0,0,0,0,0
HZ_8,Grower_192,Grower_58,2021,Tolerant,2.8,SE,SE,0,223624-602167,0,0,1,0,0,0,0,1,0
HZ_58,Grower_225,Grower_52,2020,Susceptible,0.4,SE,SE,0,132020-537565,0,0,1,1,0,0,0,0,0
HZ_27,Grower_122,Grower_104,2019,Tolerant,0.9,SE,SE,0,175689-589669,0,0,0,0,0,0,0,0,0
HZ_3,Grower_175,Grower_104,2020,Tolerant,2.7,SE,E,0,172286-522184,0,0,0,0,0,0,0,0,0
HZ_47,Grower_252,Grower_99,2023,Verysusceptible,3.2,SE,A,0,055764-375375,0,0,7,0,6,3,0,0,0
HZ_37,Grower_203,Grower_44,2019,Tolerant,2.08,SE,E,1,230007-436288,0,0,7,3,5,0,0,0,0
HZ_32,Grower_46,Grower_44,2021,Susceptible,1.02,SE,SE,0,218007-590528,0,0,1,0,0,0,0,0,0
HZ_36,Grower_327,Grower_11,2022,Tolerant,0.43,SE,SE,0,187099-596144,0,0,7,5,6,0,3,0,3
HZ_39,Grower_287,Grower_62,2022,Tolerant,1.9,E,E,0,246442-599889,0,0,0,0,0,0,0,0,0
HZ_3,Grower_419,Grower_81,2020,Tolerant,1.3,SE,E,0,177028-509711,0,0,0,0,0,0,0,0,0
HZ_13,Grower_239,Grower_40,2020,Tolerant,0.95,SE,SE,0,018441-373362,0,0,5,1,2,0,2,0,0
HZ_20,Grower_209,Grower_83,2020,Tolerant,1.4,SE,E,0,131155-543733,0,0,3,1,1,0,0,0,0
HZ_2,Grower_348,Grower_178,2019,Tolerant,1.9,E,E,0,205194-593397,0,0,8,5,2,0,0,0,0
HZ_3,Grower_434,Grower_20,2019,Tolerant,1.43,SE,SE,0,236923-604265,0,0,6,2,2,0,1,0,0
HZ_24,Grower_198,Grower_48,2019,Tolerant,0.67,PB3,PB3,0,116724-564960,0,0,6,5,5,0,0,0,0
HZ_3,Grower_342,Grower_146,2021,Tolerant,0.34,SE,E,0,186845-517865,0,0,0,0,0,0,0,0,0
HZ_20,Grower_155,Grower_82,2021,Tolerant,1.5,E,E,0,171983-524513,0,0,1,0,0,1,0,0,0
HZ_20,Grower_155,Grower_71,2019,Tolerant,1.74,SE,SE,0,171961-523973,0,0,4,3,2,0,0,0,0
HZ_12,Grower_253,Grower_15,2023,Susceptible,1.5,SE,E,0,058928-411896,0,0,1,0,1,1,0,2,0
HZ_20,Grower_40,Grower_12,2020,Tolerant,2.0,SE,E,0,247252-604738,0,0,6,0,2,0,0,0,0
HZ_3,Grower_22,Grower_20,2019,Tolerant,1.1,SE,SE,0,237478-605082,0,0,6,2,2,0,1,0,0
HZ_5,Grower_89,Grower_47,2019,Susceptible,2.5,SE,SE,0,194250-599737,0,0,1,1,0,0,0,0,0
HZ_19,Grower_238,Grower_29,2023,Verysusceptible,2.6,SE,SE,0,058001-362752,0,0,0,0,0,0,0,0,0
HZ_39,Grower_293,Grower_205,2019,Tolerant,0.12,PB2,-,0,234184-605623,0,0,0,0,0,0,0,0,0
HZ_16,Grower_21,Grower_8,2022,Susceptible,2.5,SE,E,0,239179-604516,0,0,3,1,1,1,0,8,1
HZ_1,Grower_342,Grower_82,2020,Tolerant,2.14,SE,E,0,187102-517308,0,0,1,0,0,0,0,0,0
HZ_22,Grower_263,Grower_115,2021,Tolerant,1.7,SE,SE,0,033166-369250,0,0,4,0,1,0,0,0,0
HZ_10,Grower_255,Grower_17,2022,Tolerant,2.85,SE,A,0,044634-367963,0,0,0,0,0,0,0,0,0
HZ_51,Grower_105,Grower_61,2022,Susceptible,1.1,SE,SE,0,116289-563975,0,0,1,0,0,0,0,1,0
HZ_14,Grower_18,Grower_29,2022,Susceptible,3.16,E,E,0,233420-601654,0,0,2,0,1,0,0,1,0
HZ_24,Grower_198,Grower_40,2021,Tolerant,2.2,SE,E,1,116105-565070,0,0,7,4,4,0,0,1,1
HZ_20,Grower_229,Grower_29,2022,Tolerant,1.2,SE,SE,0,129994-542722,0,0,1,0,0,0,0,0,0
HZ_72,Grower_362,Grower_6,2021,Tolerant,1.55,SE,SE,0,243715-608918,0,0,4,5,2,0,0,1,0
HZ_52,Grower_322,Grower_113,2022,Tolerant,0.6,SE,SE,0,200619-600703,0,0,1,0,0,1,0,3,0
HZ_8,Grower_65,Grower_28,2022,Tolerant,1.91,E,E,0,226658-603555,0,0,7,3,1,1,0,8,0
HZ_14,Grower_23,Grower_86,2022,Susceptible,0.71,SE,SE,0,238383-607250,0,0,0,0,0,0,0,0,0
HZ_3,Grower_180,Grower_89,2020,Tolerant,0.45,E,E,0,180062-537467,0,0,0,0,0,0,0,0,0
HZ_24,Grower_305,Grower_48,2022,Tolerant,0.72,SE,SE,0,246514-605111,0,0,0,0,0,0,0,0,0
HZ_6,Grower_8,Grower_113,2019,Tolerant,2.85,E,E,0,246920-595457,0,0,1,1,0,0,0,0,0
HZ_19,Grower_286,Grower_24,2020,Verysusceptible,2.65,E,E,0,249159-601054,0,0,4,1,1,0,0,0,0
HZ_7,Grower_141,Grower_59,2022,Tolerant,1.9,E,E,0,159761-579619,0,0,1,1,0,0,0,0,0
HZ_3,Grower_86,Grower_53,2023,Tolerant,1.0,SE,A,0,198250-600215,0,0,2,0,0,0,0,3,0
HZ_3,Grower_79,Grower_163,2019,Tolerant,0.55,SE,A,0,202109-594264,0,0,0,0,0,0,0,0,0
HZ_20,Grower_167,Grower_112,2021,Tolerant,1.5,SE,E,0,198020-505754,0,0,8,2,3,0,0,3,0
HZ_50,Grower_127,Grower_3,2019,Tolerant,0.6,SE,-,0,170134-579856,0,0,6,3,4,0,0,0,0
HZ_52,Grower_79,Grower_1,2019,Tolerant,1.9,SE,AF,0,201542-595369,0,0,0,0,0,0,0,0,0
HZ_5,Grower_343,Grower_86,2022,Susceptible,2.66,SE,SE,0,185500-527685,0,0,0,0,0,0,0,0,0
HZ_3,Grower_162,Grower_89,2023,Tolerant,0.62,SE,A,0,160273-494794,0,0,0,0,0,0,0,0,0
HZ_24,Grower_238,Grower_81,2019,Tolerant,1.81,SE,SE,0,058003-362931,0,0,0,0,0,0,0,0,0
HZ_3,Grower_38,Grower_3,2019,Tolerant,0.9,SE,SE,0,248372-606130,0,0,0,0,0,0,0,0,0
HZ_3,Grower_435,Grower_18,2019,Tolerant,2.46,SE,SE,0,239019-604655,0,0,1,1,0,0,0,0,0
HZ_27,Grower_122,Grower_2,2022,Tolerant,1.95,E,E,0,175704-589858,0,0,3,1,1,0,1,1,1
HZ_3,Grower_17,Grower_113,2021,Tolerant,0.8,SE,SE,0,242267-603101,0,0,3,0,1,0,0,1,2
HZ_17,Grower_137,Grower_61,2021,Susceptible,1.0,SE,SE,0,165094-581271,0,0,7,2,4,0,0,1,0
HZ_20,Grower_213,Grower_83,2019,Tolerant,2.75,E,E,0,134241-542987,0,0,8,6,6,1,0,0,0
HZ_11,Grower_200,Grower_12,2022,Tolerant,0.5,PB4,SE,0,117550-572608,0,0,0,0,0,0,0,0,0
HZ_13,Grower_245,Grower_22,2023,Tolerant,2.2,SE,SE,0,038157-372678,0,0,6,2,5,1,0,2,0
HZ_22,Grower_172,Grower_183,2019,Tolerant,1.8,SE,SE,0,186864-529834,0,0,0,0,0,0,0,0,0
HZ_20,Grower_443,Grower_102,2019,Tolerant,0.42,SE,A,0,223075-603484,0,0,8,4,6,0,1,0,0
HZ_7,Grower_92,Grower_70,2020,Tolerant,0.95,SE,SE,0,190884-597708,0,0,2,0,1,0,0,0,0
HZ_5,Grower_289,Grower_92,2021,Susceptible,0.97,SE,SE,0,275148-582948,0,0,0,0,0,0,0,0,0
HZ_3,Grower_141,Grower_40,2022,Tolerant,1.1,E,E,0,170222-588020,0,0,0,0,0,0,0,0,0
HZ_39,Grower_108,Grower_78,2023,Tolerant,0.66,SE,SE,0,183035-585213,0,0,1,0,0,0,0,2,0
HZ_20,Grower_204,Grower_28,2023,Tolerant,1.15,E,E,0,116314-562938,0,0,2,1,1,0,0,2,0
HZ_20,Grower_281,Grower_1,2022,Tolerant,3.85,SE,A,0,076461-395284,0,0,0,0,0,0,0,0,0
HZ_75,Grower_121,Grower_64,2019,Tolerant,1.0,SE,SE,0,172361-580331,0,0,8,8,5,0,0,0,0
HZ_17,Grower_84,Grower_52,2022,Susceptible,1.2,SE,E,0,195913-598936,0,0,4,0,2,0,0,0,0
HZ_5,Grower_121,Grower_42,2020,Susceptible,1.4,SE,SE,0,178689-583282,0,0,3,0,1,0,0,0,0
HZ_17,Grower_199,Grower_40,2020,Susceptible,2.1,E,E,0,116776-563546,0,0,5,6,3,0,0,0,0
HZ_20,Grower_311,Grower_82,2020,Tolerant,7.79,SE,SE,0,218092-591614,0,0,1,0,0,1,0,0,0
HZ_13,Grower_7,Grower_176,2019,Tolerant,2.78,E,E,0,263768-590064,0,0,0,0,0,0,0,0,0
HZ_36,Grower_104,Grower_11,2023,Tolerant,0.7,SE,SE,0,180932-592183,0,0,8,1,4,0,0,3,0
HZ_20,Grower_86,Grower_58,2022,Tolerant,0.9,SE,SE,0,196201-600325,0,0,1,0,0,0,0,0,0
HZ_42,Grower_271,Grower_66,2023,Verysusceptible,2.65,SE,E,0,092722-402491,0,0,8,2,6,0,0,3,1
HZ_20,Grower_196,Grower_32,2020,Tolerant,1.21,E,E,0,117736-570725,0,0,8,8,5,0,4,0,0
HZ_8,Grower_114,Grower_28,2021,Tolerant,0.85,SE,SE,0,168999-590448,0,0,1,0,0,0,0,0,1
HZ_43,Grower_83,Grower_36,2020,Tolerant,5.28,SE,SE,0,194271-596155,0,0,6,2,2,1,1,0,0
HZ_2,Grower_216,Grower_6,2022,Tolerant,1.3,SE,SE,0,116699-539446,0,0,1,0,1,0,0,0,0
HZ_20,Grower_91,Grower_16,2023,Tolerant,0.73,PB4,-,0,198348-599440,0,0,0,0,0,0,0,0,0
HZ_29,Grower_274,Grower_18,2019,Tolerant,1.1,SE,A,0,076677-401347,0,0,1,0,0,0,0,0,0
HZ_3,Grower_441,Grower_119,2019,Tolerant,1.05,SE,A,0,227851-604316,0,0,3,2,1,0,0,0,0
HZ_8,Grower_5,Grower_28,2021,Tolerant,0.83,SE,SE,0,249710-601796,0,0,1,0,0,0,0,0,1
HZ_39,Grower_129,Grower_90,2022,Tolerant,1.0,SE,AF,0,159327-579108,0,0,1,0,1,1,0,2,0
HZ_13,Grower_311,Grower_114,2020,Tolerant,2.77,PB4,E,0,214707-589435,0,0,0,0,0,0,0,0,0
HZ_4,Grower_241,Grower_80,2020,Verysusceptible,1.03,SE,A,1,017346-373033,0,0,8,4,6,0,0,0,0
HZ_10,Grower_150,Grower_1,2022,Tolerant,0.6,E,E,0,176720-530690,0,0,0,0,0,0,3,5,0
HZ_4,Grower_403,Grower_49,2021,Verysusceptible,2.0,SE,A,0,098375-403306,0,0,4,2,2,0,0,1,0
HZ_31,Grower_240,Grower_100,2023,Tolerant,1.3,SE,A,0,031676-370422,0,0,1,0,0,0,0,0,0
HZ_20,Grower_154,Grower_82,2019,Tolerant,0.46,SE,SE,0,171010-532020,0,0,1,1,0,0,0,0,0
HZ_4,Grower_162,Grower_79,2020,Verysusceptible,2.3,SE,A,0,162193-491679,0,0,1,0,0,0,2,0,0
HZ_11,Grower_3,Grower_102,2019,Tolerant,0.93,SE,SE,0,248160-596430,0,0,5,3,3,0,0,0,0
HZ_12,Grower_177,Grower_146,2020,Susceptible,1.94,SE,A,0,183023-516475,0,0,2,1,1,0,0,0,0
HZ_20,Grower_255,Grower_90,2021,Tolerant,3.0,SE,SE,0,043964-371235,0,0,7,3,5,0,0,0,0
HZ_3,Grower_39,Grower_3,2020,Tolerant,0.9,SE,SE,0,245539-604733,0,0,6,2,2,0,0,0,0
HZ_8,Grower_342,Grower_86,2020,Tolerant,1.75,SE,SE,0,187282-517071,0,0,0,0,0,0,0,0,0
HZ_21,Grower_449,Grower_228,2019,Verysusceptible,1.54,PB3,PB3,0,180667-531916,0,0,0,0,0,0,0,0,0
HZ_54,Grower_186,Grower_76,2021,Verysusceptible,1.3,SE,AF,1,173345-514893,0,0,1,2,0,0,0,0,0
HZ_46,Grower_180,Grower_75,2019,Susceptible,1.2,E,E,0,180348-537337,0,0,2,0,1,0,0,0,0
HZ_17,Grower_83,Grower_68,2020,Susceptible,3.76,SE,E,0,196343-598018,0,0,7,4,4,0,2,0,0
HZ_17,Grower_130,Grower_42,2023,Susceptible,0.65,PB4,PB4,0,166547-583640,0,0,8,2,6,0,0,2,0
HZ_4,Grower_161,Grower_11,2019,Verysusceptible,1.46,E,A,0,170298-504610,0,0,5,3,3,0,4,0,0
HZ_4,Grower_284,Grower_52,2023,Verysusceptible,4.95,SE,A,0,085666-401399,0,0,0,0,0,3,0,0,0
HZ_54,Grower_154,Grower_76,2021,Verysusceptible,0.54,SE,A,1,172007-533644,0,0,1,2,0,0,0,0,0
HZ_20,Grower_195,Grower_1,2022,Tolerant,4.0,E,E,0,118695-571061,0,0,4,1,1,0,1,6,0
HZ_17,Grower_332,Grower_52,2022,Susceptible,1.0,PB4,PB4,0,179205-591434,0,0,4,0,2,0,0,1,0
HZ_7,Grower_133,Grower_12,2022,Tolerant,1.1,SE,SE,0,163228-579930,0,0,1,0,0,0,1,2,0
HZ_80,Grower_175,Grower_88,2019,Verysusceptible,0.8,E,E,0,184274-528119,0,0,0,0,0,0,0,0,0
HZ_17,Grower_102,Grower_12,2021,Susceptible,0.5,SE,-,0,182411-594016,0,0,6,3,4,0,0,2,0
HZ_35,Grower_354,Grower_51,2022,Tolerant,2.63,E,E,0,132933-536184,0,0,7,2,3,1,7,7,0
HZ_3,Grower_130,Grower_61,2019,Tolerant,1.61,SE,-,0,167057-583536,0,0,5,0,2,0,0,0,0
HZ_23,Grower_314,Grower_36,2021,Verysusceptible,0.81,SE,E,1,252966-599122,0,0,6,6,1,0,3,6,0
HZ_17,Grower_129,Grower_52,2020,Susceptible,1.8,E,E,0,156987-569858,0,0,5,3,3,0,0,0,0
HZ_3,Grower_53,Grower_18,2021,Tolerant,2.0,E,E,0,220029-588243,0,0,0,0,0,0,0,1,1
HZ_13,Grower_360,Grower_176,2020,Tolerant,1.12,SE,AF,1,270174-573804,0,0,0,0,0,0,0,0,0
HZ_12,Grower_159,Grower_14,2021,Susceptible,1.38,SE,SE,0,176226-493466,0,0,0,0,0,0,0,0,0
HZ_39,Grower_124,Grower_42,2021,Tolerant,3.34,E,E,0,158872-568161,0,0,1,0,0,0,0,0,0
HZ_17,Grower_100,Grower_52,2020,Susceptible,1.03,SE,A,0,178601-587750,0,0,7,4,4,0,0,0,0
HZ_20,Grower_111,Grower_40,2023,Tolerant,0.84,SE,E,0,173602-591149,0,0,0,0,0,0,0,0,0
HZ_1,Grower_314,Grower_1,2021,Tolerant,1.54,SE,E,1,252966-599122,0,0,8,3,4,0,0,8,0
HZ_3,Grower_322,Grower_163,2019,Tolerant,1.48,SE,A,0,201550-601646,0,0,0,0,0,0,0,0,0
HZ_12,Grower_224,Grower_61,2022,Susceptible,1.8,E,E,0,128164-535392,0,0,8,0,0,2,8,8,1
HZ_5,Grower_33,Grower_3,2023,Susceptible,0.9,SE,A,0,245228-605102,0,0,0,0,0,0,0,0,0
HZ_12,Grower_42,Grower_125,2021,Susceptible,1.2,SE,SE,0,246894-600037,0,0,7,5,6,0,3,2,0
HZ_3,Grower_196,Grower_74,2019,Tolerant,0.53,E,AF,0,114504-560727,0,0,0,0,0,0,0,0,0
HZ_43,Grower_342,Grower_128,2020,Tolerant,1.97,SE,A,1,188215-521143,0,0,0,0,0,0,0,0,0
HZ_3,Grower_94,Grower_33,2019,Tolerant,0.34,E,E,0,185345-596045,0,0,5,0,2,0,1,0,0
HZ_8,Grower_342,Grower_48,2022,Tolerant,2.88,SE,E,0,187513-517548,0,0,3,1,0,0,0,4,0
HZ_29,Grower_353,Grower_41,2019,Tolerant,1.0,SE,SE,0,180273-549642,0,0,1,0,0,0,0,0,0
HZ_3,Grower_111,Grower_40,2023,Tolerant,0.86,SE,SE,0,173602-591149,0,0,4,0,1,0,0,1,0
HZ_20,Grower_91,Grower_116,2022,Tolerant,1.64,SE,-,0,196102-599907,0,0,6,3,5,1,0,7,0
HZ_3,Grower_57,Grower_136,2019,Tolerant,2.1,SE,SE,0,226014-593950,0,0,0,0,0,0,1,0,0
HZ_3,Grower_108,Grower_44,2020,Tolerant,0.8,E,E,0,180759-584350,0,0,4,1,1,0,0,0,0
HZ_32,Grower_186,Grower_44,2022,Susceptible,1.25,SE,SE,0,173497-514694,0,0,6,1,0,0,0,2,1
HZ_3,Grower_60,Grower_2,2022,Tolerant,1.82,SE,SE,0,173844-517084,0,0,4,0,0,0,1,1,0
HZ_39,Grower_130,Grower_61,2020,Tolerant,1.2,SE,-,0,166947-582622,0,0,8,0,3,0,0,0,0
HZ_3,Grower_129,Grower_75,2020,Tolerant,1.45,SE,-,0,157301-552808,0,0,1,0,0,0,0,0,0
HZ_12,Grower_263,Grower_95,2022,Susceptible,0.62,SE,E,1,036978-369865,0,0,6,3,6,2,0,6,0
HZ_6,Grower_35,Grower_113,2019,Tolerant,3.3,SE,B,0,245276-605746,0,0,1,1,0,0,0,0,0
HZ_20,Grower_199,Grower_147,2021,Tolerant,1.4,E,E,0,117699-561871,0,0,6,4,3,0,0,2,1
HZ_3,Grower_294,Grower_113,2019,Tolerant,0.58,SE,A,0,238307-605269,0,0,0,0,0,0,0,0,0
HZ_5,Grower_203,Grower_20,2021,Susceptible,1.58,SE,E,0,228492-434881,0,0,4,2,2,0,0,3,0
HZ_5,Grower_172,Grower_20,2019,Susceptible,2.4,SE,SE,0,186593-530386,0,0,0,0,0,0,0,0,0
HZ_17,Grower_136,Grower_40,2019,Susceptible,1.2,SE,A,1,164434-579588,0,0,8,8,5,0,4,0,0
HZ_26,Grower_26,Grower_113,2019,Tolerant,0.65,SE,B,0,237493-599445,0,0,1,1,0,0,0,0,0
HZ_3,Grower_228,Grower_1,2021,Tolerant,1.0,E,E,0,125284-539319,0,0,5,2,2,0,0,5,1
HZ_22,Grower_245,Grower_33,2023,Tolerant,1.8,SE,SE,0,038157-372678,0,0,8,4,3,1,0,4,0
HZ_12,Grower_124,Grower_61,2021,Susceptible,1.6,E,E,0,158681-568285,0,0,3,0,1,0,0,0,0
HZ_20,Grower_354,Grower_1,2021,Tolerant,0.78,SE,SE,0,134679-525680,0,0,0,0,0,0,0,0,0
HZ_20,Grower_204,Grower_1,2021,Tolerant,0.2,E,E,0,119973-567139,0,0,8,0,3,0,1,4,0
HZ_12,Grower_40,Grower_6,2023,Susceptible,0.9,SE,E,0,246947-604073,0,0,8,0,7,2,0,8,0
HZ_3,Grower_151,Grower_82,2022,Tolerant,1.0,SE,E,0,168964-544745,0,0,1,0,1,0,0,0,0
HZ_12,Grower_391,Grower_95,2021,Susceptible,1.9,SE,SE,0,185419-522468,0,0,5,4,3,2,0,6,0
HZ_20,Grower_152,Grower_71,2019,Tolerant,0.7,SE,SE,0,173922-532936,0,0,4,3,2,0,0,0,0
HZ_8,Grower_107,Grower_128,2020,Tolerant,0.91,SE,SE,0,180252-588193,0,0,0,0,0,0,0,0,0
HZ_17,Grower_102,Grower_67,2021,Susceptible,2.74,SE,SE,0,176558-582552,0,0,0,0,0,0,0,0,0
HZ_51,Grower_134,Grower_132,2021,Susceptible,5.5,E,A,1,178054-583840,0,0,6,6,1,1,2,5,0
HZ_4,Grower_184,Grower_89,2020,Verysusceptible,0.5,SE,SE,0,191674-526060,0,0,0,0,0,0,0,0,0
HZ_39,Grower_100,Grower_133,2020,Tolerant,0.35,SE,SE,0,179139-587277,0,0,1,0,0,0,0,0,0
HZ_17,Grower_175,Grower_47,2023,Susceptible,0.5,SE,A,0,184489-518856,0,0,3,0,2,1,0,1,0
HZ_17,Grower_213,Grower_32,2021,Susceptible,0.85,PB4,-,0,134510-543382,0,0,8,2,3,0,1,0,1
HZ_11,Grower_105,Grower_19,2019,Tolerant,0.9,SE,AF,0,119458-567674,0,0,2,0,1,0,0,0,0
HZ_47,Grower_157,Grower_42,2019,Verysusceptible,0.98,SE,A,0,170774-528288,0,0,7,6,4,0,0,0,0
HZ_4,Grower_248,Grower_33,2020,Verysusceptible,3.0,SE,SE,0,061692-368345,0,0,7,0,3,0,1,0,0
HZ_3,Grower_185,Grower_138,2022,Tolerant,2.0,E,E,0,178864-515553,0,0,0,0,0,0,0,0,0
HZ_3,Grower_39,Grower_150,2020,Tolerant,1.0,E,E,0,245539-604733,0,0,0,0,0,0,0,0,0
HZ_2,Grower_314,Grower_2,2021,Tolerant,0.96,SE,SE,0,252966-599122,0,0,2,0,1,0,0,1,0
HZ_9,Grower_130,Grower_10,2023,Verysusceptible,1.35,SE,SE,0,166224-583087,0,0,7,1,6,2,0,3,0
HZ_14,Grower_312,Grower_86,2022,Susceptible,3.3,SE,A,1,090231-402513,0,0,0,0,0,0,0,0,0
HZ_1,Grower_286,Grower_1,2019,Tolerant,1.26,E,E,0,248929-598790,0,0,1,0,0,0,0,0,0
HZ_12,Grower_177,Grower_36,2023,Susceptible,0.27,SE,SE,0,170001-522214,0,0,8,3,0,2,0,7,0
HZ_3,Grower_38,Grower_3,2019,Tolerant,0.9,E,E,0,248372-606130,0,0,0,0,0,0,0,0,0
HZ_56,Grower_156,Grower_226,2019,Susceptible,2.15,E,A,0,175066-536257,0,0,6,1,2,0,0,0,0
HZ_37,Grower_41,Grower_55,2020,Tolerant,0.8,SE,SE,0,241959-597510,0,0,0,1,0,0,0,0,0
HZ_51,Grower_205,Grower_55,2021,Susceptible,1.6,SE,SE,0,117907-564609,0,0,8,4,6,0,1,5,0
HZ_34,Grower_100,Grower_32,2023,Verysusceptible,0.98,SE,A,0,179139-587045,0,0,8,1,4,7,0,0,0
HZ_39,Grower_44,Grower_36,2023,Tolerant,1.19,SE,SE,0,231521-601356,0,0,5,0,5,0,0,0,0
HZ_20,Grower_232,Grower_82,2019,Tolerant,1.44,SE,A,0,115437-526970,0,0,0,0,0,0,0,0,0
HZ_17,Grower_60,Grower_46,2021,Susceptible,1.0,SE,E,0,173563-517036,0,0,4,1,1,0,1,0,0
HZ_20,Grower_286,Grower_32,2020,Tolerant,2.16,E,E,0,253922-600198,0,0,8,8,5,0,4,0,0
HZ_46,Grower_259,Grower_42,2021,Susceptible,2.42,SE,SE,0,051878-361942,0,0,3,2,1,0,0,0,0
HZ_22,Grower_101,Grower_32,2022,Tolerant,0.4,SE,SE,0,186087-596796,0,0,5,3,5,0,0,0,0
HZ_8,Grower_342,Grower_119,2019,Tolerant,0.16,SE,A,0,187527-517546,0,0,4,1,1,0,1,0,0
HZ_42,Grower_271,Grower_66,2022,Verysusceptible,2.55,SE,SE,0,092082-402625,0,0,2,0,0,0,0,0,0
HZ_3,Grower_24,Grower_20,2019,Tolerant,0.4,SE,SE,0,242509-600216,0,0,6,2,2,0,1,0,0
HZ_33,Grower_236,Grower_149,2019,Tolerant,1.6,SE,AF,0,136850-521265,0,0,0,0,0,0,0,0,0
HZ_35,Grower_152,Grower_51,2022,Tolerant,2.3,SE,SE,0,173696-533126,0,0,8,1,3,2,8,8,0
HZ_17,Grower_127,Grower_42,2021,Susceptible,3.15,E,E,0,170375-581024,0,0,8,3,4,0,1,0,0
HZ_3,Grower_152,Grower_144,2020,Tolerant,0.85,SE,E,0,173225-535654,0,0,0,0,0,0,0,0,0
HZ_3,Grower_286,Grower_113,2019,Tolerant,1.2,E,E,0,248929-598790,0,0,0,0,0,0,0,0,0
HZ_46,Grower_187,Grower_75,2019,Susceptible,3.95,SE,A,0,058806-375646,0,0,3,1,1,0,0,0,0
HZ_20,Grower_286,Grower_11,2019,Tolerant,0.83,SE,E,0,254866-599208,0,0,4,1,1,0,1,0,0
HZ_47,Grower_114,Grower_167,2019,Verysusceptible,1.15,SE,A,0,170715-589336,0,0,0,0,0,0,0,0,0
HZ_29,Grower_143,Grower_86,2019,Tolerant,0.96,SE,SE,0,174225-531963,0,0,0,0,0,0,0,0,0
HZ_36,Grower_67,Grower_11,2020,Tolerant,2.8,SE,E,0,234660-598962,0,0,0,0,0,0,0,0,0
HZ_12,Grower_19,Grower_136,2021,Susceptible,0.45,PB4,SE,0,243705-602241,0,0,2,0,1,0,2,3,0
HZ_17,Grower_255,Grower_40,2019,Susceptible,0.4,SE,E,1,042467-371791,0,0,8,8,5,0,4,0,0
HZ_39,Grower_125,Grower_61,2019,Tolerant,1.4,SE,-,0,160596-579106,0,0,0,0,0,0,0,0,0
HZ_20,Grower_2,Grower_112,2021,Tolerant,0.54,SE,SE,0,251696-602808,0,0,8,2,3,0,0,3,0
HZ_17,Grower_198,Grower_23,2020,Susceptible,1.23,SE,SE,0,115923-564999,0,0,6,4,3,0,1,0,0
HZ_5,Grower_41,Grower_3,2019,Susceptible,1.3,SE,A,0,242312-600413,0,0,0,0,0,0,0,0,0
HZ_20,Grower_291,Grower_1,2021,Tolerant,0.28,SE,SE,0,236288-604464,0,0,5,0,2,0,0,1,0
HZ_43,Grower_124,Grower_61,2020,Tolerant,0.9,SE,A,0,159476-568677,0,0,4,0,1,0,0,0,0
HZ_3,Grower_83,Grower_65,2020,Tolerant,1.6,S,S,0,194419-600167,0,0,3,0,1,0,0,0,0
HZ_24,Grower_344,Grower_48,2022,Tolerant,1.65,SE,E,0,185090-523123,0,0,5,6,3,1,0,7,4
HZ_19,Grower_248,Grower_22,2020,Verysusceptible,3.75,SE,A,0,058034-372935,0,0,4,4,2,0,0,0,0
HZ_3,Grower_63,Grower_33,2019,Tolerant,1.4,SE,SE,0,229313-598268,0,0,7,1,3,0,1,0,0
HZ_20,Grower_84,Grower_163,2020,Tolerant,1.8,SE,SE,0,198223-601422,0,0,3,0,1,0,1,0,0
HZ_20,Grower_46,Grower_2,2022,Tolerant,1.81,E,A,0,224662-593678,0,0,3,2,1,0,0,2,0
HZ_17,Grower_175,Grower_47,2023,Susceptible,2.89,SE,SE,0,170990-522295,0,0,3,0,2,1,0,1,0
HZ_36,Grower_134,Grower_11,2023,Tolerant,0.76,SE,-,0,171350-580142,0,0,8,1,4,0,0,3,0
HZ_4,Grower_277,Grower_1,2019,Verysusceptible,5.6,SE,A,0,076535-397088,0,0,6,2,2,1,4,0,0
HZ_20,Grower_99,Grower_116,2020,Tolerant,1.6,SE,SE,0,199344-597120,0,0,2,1,1,0,0,0,0
HZ_4,Grower_276,Grower_2,2023,Verysusceptible,3.4,SE,E,0,095308-401632,0,0,2,0,2,0,0,3,0
HZ_24,Grower_24,Grower_24,2023,Tolerant,0.22,SE,SE,0,241559-600654,0,0,0,0,0,0,0,0,0
HZ_20,Grower_200,Grower_90,2023,Tolerant,0.55,SE,AF,0,122050-566215,0,0,1,0,1,0,0,0,0
HZ_3,Grower_121,Grower_66,2019,Tolerant,1.3,SE,SE,0,172361-580331,0,0,3,1,1,0,0,0,0
HZ_43,Grower_141,Grower_18,2019,Tolerant,0.73,E,E,0,156285-570326,0,0,1,1,0,0,0,0,0
HZ_4,Grower_261,Grower_2,2020,Verysusceptible,4.6,E,A,0,050033-415882,0,0,6,4,3,0,2,0,0
HZ_3,Grower_63,Grower_33,2019,Tolerant,1.08,SE,SE,0,228440-598830,0,0,7,1,3,0,1,0,0
HZ_20,Grower_220,Grower_29,2021,Tolerant,0.62,SE,SE,0,129831-543725,0,0,1,0,0,0,0,0,0
HZ_4,Grower_162,Grower_17,2023,Verysusceptible,1.6,E,A,0,160273-494794,0,0,4,1,2,0,0,3,0
HZ_20,Grower_275,Grower_82,2023,Tolerant,2.4,SE,A,0,087187-399536,0,0,4,1,2,0,0,0,0
HZ_5,Grower_4,Grower_112,2021,Susceptible,2.73,E,E,0,253415-603327,0,0,4,1,1,0,0,0,0
HZ_20,Grower_411,Grower_76,2020,Tolerant,2.5,SE,SE,0,203424-593272,0,0,7,4,4,0,0,0,0
HZ_20,Grower_314,Grower_36,2020,Tolerant,2.03,SE,SE,0,252640-599532,0,0,8,1,3,0,1,0,0
HZ_20,Grower_122,Grower_40,2019,Tolerant,0.35,SE,SE,0,175689-589669,0,0,8,7,4,0,2,0,0
HZ_19,Grower_11,Grower_24,2020,Verysusceptible,1.11,SE,SE,0,250842-600282,0,0,4,1,1,0,0,0,0
HZ_5,Grower_249,Grower_3,2023,Susceptible,3.8,SE,SE,0,054628-366579,0,0,0,0,0,0,0,0,0
HZ_12,Grower_236,Grower_36,2022,Susceptible,0.5,E,E,0,136918-521324,0,0,4,5,2,0,4,4,1
HZ_4,Grower_77,Grower_64,2020,Verysusceptible,1.03,SE,A,0,205286-600115,0,0,0,0,0,0,0,0,0
HZ_23,Grower_27,Grower_30,2023,Verysusceptible,1.88,SE,A,0,242958-606834,0,0,6,1,6,0,0,4,0
HZ_24,Grower_203,Grower_40,2020,Tolerant,0.9,SE,SE,0,228314-431912,0,0,4,1,1,0,0,0,0
HZ_54,Grower_345,Grower_94,2020,Verysusceptible,2.08,SE,A,0,186583-527605,0,0,0,0,0,0,0,0,0
HZ_11,Grower_139,Grower_19,2020,Tolerant,0.57,SE,-,0,161557-583526,0,0,0,0,0,0,0,0,0
HZ_35,Grower_152,Grower_51,2019,Tolerant,0.74,SE,SE,0,173922-532936,0,0,8,8,5,0,5,0,0
HZ_50,Grower_356,Grower_47,2021,Tolerant,1.44,SE,A,0,101151-476404,0,0,8,4,6,0,0,8,4
HZ_24,Grower_173,Grower_94,2022,Tolerant,2.5,SE,SE,0,183569-521034,0,0,7,3,3,0,0,2,0
HZ_56,Grower_182,Grower_49,2023,Susceptible,2.0,SE,A,0,185282-530893,0,0,0,0,0,0,0,0,0
HZ_20,Grower_99,Grower_76,2019,Tolerant,2.5,SE,A,0,192901-599569,0,0,8,3,4,0,0,0,0
HZ_4,Grower_250,Grower_80,2020,Verysusceptible,2.0,SE,SE,0,014145-369258,0,0,8,4,6,0,0,0,0
HZ_20,Grower_40,Grower_112,2021,Tolerant,1.9,SE,SE,0,247160-604804,0,0,8,2,3,0,0,3,0
HZ_20,Grower_59,Grower_1,2023,Tolerant,1.03,SE,E,1,233852-600329,0,0,0,0,0,0,0,0,0
HZ_49,Grower_180,Grower_41,2021,Susceptible,1.1,SE,AF,0,180560-537798,0,0,0,0,0,0,0,0,0
HZ_3,Grower_204,Grower_83,2022,Tolerant,0.3,SE,SE,0,119530-562554,0,0,1,0,1,0,0,3,0
HZ_36,Grower_141,Grower_163,2019,Tolerant,1.5,SE,A,0,159510-579958,0,0,6,1,2,0,0,0,0
HZ_20,Grower_283,Grower_1,2020,Tolerant,2.9,SE,B,0,170839-426939,0,0,7,1,3,0,0,0,0
HZ_3,Grower_162,Grower_144,2020,Tolerant,1.47,SE,A,0,164475-493860,0,0,0,0,0,0,0,0,0
HZ_4,Grower_158,Grower_82,2021,Verysusceptible,0.85,SE,SE,0,180329-499890,0,0,4,2,2,0,0,0,0
HZ_50,Grower_270,Grower_90,2019,Tolerant,3.0,SE,SE,0,084291-400778,0,0,1,0,0,0,0,0,0
HZ_14,Grower_283,Grower_29,2022,Susceptible,2.13,SE,SE,0,171302-427203,0,0,3,1,2,0,0,0,0
HZ_20,Grower_46,Grower_1,2020,Tolerant,1.92,E,E,0,224305-593746,0,0,6,1,2,0,0,0,0
HZ_43,Grower_89,Grower_65,2020,Tolerant,4.2,SE,SE,0,200183-601037,0,0,6,4,3,0,2,0,0
HZ_43,Grower_104,Grower_32,2021,Tolerant,1.5,E,A,1,178878-592711,0,0,6,3,4,1,1,6,1
HZ_3,Grower_202,Grower_83,2020,Tolerant,1.69,PB4,PB4,0,119734-570372,0,0,4,0,1,0,0,0,0
HZ_17,Grower_333,Grower_32,2021,Susceptible,0.8,PB4,SE,0,175035-582469,0,0,8,2,3,0,1,0,1
HZ_5,Grower_132,Grower_42,2020,Susceptible,4.0,SE,E,0,160346-570563,0,0,3,0,1,0,0,0,0
HZ_17,Grower_2,Grower_133,2021,Susceptible,1.15,SE,SE,0,251696-602808,0,0,6,4,3,0,0,3,0
HZ_4,Grower_96,Grower_1,2022,Verysusceptible,1.3,SE,SE,0,181785-586254,0,0,2,2,0,0,1,6,0
HZ_61,Grower_356,Grower_102,2020,Susceptible,1.27,SE,SE,0,101344-476407,0,0,2,0,1,0,0,0,0
HZ_20,Grower_21,Grower_28,2021,Tolerant,1.2,SE,-,0,240723-605960,0,0,4,0,1,0,0,2,0
HZ_61,Grower_374,Grower_58,2020,Susceptible,0.7,SE,A,0,103943-470995,0,0,0,0,0,0,0,0,0
HZ_17,Grower_87,Grower_65,2020,Susceptible,4.56,SE,E,0,203837-592285,0,0,8,4,6,1,1,0,0
HZ_65,Grower_44,Grower_12,2019,Tolerant,1.75,SE,E,0,231420-600860,0,0,6,2,2,0,0,0,0
HZ_26,Grower_187,Grower_113,2021,Tolerant,1.25,SE,E,0,060822-372423,0,0,5,2,2,0,0,4,0
HZ_43,Grower_141,Grower_18,2019,Tolerant,0.8,E,E,0,156285-570326,0,0,1,1,0,0,0,0,0
HZ_40,Grower_181,Grower_11,2022,Tolerant,0.86,SE,SE,0,179284-529699,0,0,8,1,5,0,1,8,0
HZ_47,Grower_282,Grower_99,2019,Verysusceptible,1.52,SE,A,0,227823-441144,0,0,6,5,5,0,1,0,0
HZ_39,Grower_124,Grower_130,2022,Tolerant,1.2,SE,A,1,158753-568392,0,0,0,0,0,0,0,0,0
HZ_39,Grower_77,Grower_133,2019,Tolerant,0.89,E,A,0,205129-599466,0,0,1,0,0,0,3,0,0
HZ_23,Grower_313,Grower_30,2022,Verysusceptible,1.28,E,E,0,230950-603965,0,0,7,2,6,0,0,3,0
HZ_17,Grower_130,Grower_52,2020,Susceptible,0.8,SE,-,0,166052-581964,0,0,7,4,4,0,0,0,0
HZ_7,Grower_130,Grower_66,2019,Tolerant,1.5,E,E,0,166799-582512,0,0,0,0,0,0,0,0,0
HZ_3,Grower_123,Grower_42,2022,Tolerant,0.58,PB4,PB4,0,170998-588303,0,0,0,0,0,0,0,0,0
HZ_3,Grower_190,Grower_146,2021,Tolerant,2.9,SE,E,0,175713-518247,0,0,0,0,0,0,0,0,0
HZ_91,Grower_217,Grower_112,2019,Tolerant,1.85,SE,SE,0,120836-542792,0,0,1,1,0,0,0,0,0
HZ_3,Grower_180,Grower_33,2021,Tolerant,1.4,SE,SE,0,180334-537615,0,0,2,0,1,0,0,2,0
HZ_30,Grower_80,Grower_1,2023,Verysusceptible,0.72,SE,SE,0,200744-600531,0,0,0,0,0,0,0,0,0
HZ_20,Grower_195,Grower_32,2020,Tolerant,2.4,E,E,0,116622-567847,0,0,8,8,5,0,4,0,0
HZ_4,Grower_10,Grower_17,2021,Verysusceptible,1.28,E,E,0,262062-584654,0,0,4,0,1,0,0,0,0
HZ_5,Grower_203,Grower_42,2021,Susceptible,6.03,SE,E,0,233231-439993,0,0,3,0,1,0,0,1,0
HZ_17,Grower_129,Grower_61,2020,Susceptible,0.65,SE,-,0,159245-579565,0,0,8,5,2,0,1,0,0
HZ_24,Grower_18,Grower_24,2021,Tolerant,0.4,PB4,PB4,0,232542-602518,0,0,1,0,0,0,0,1,0
HZ_39,Grower_125,Grower_61,2020,Tolerant,1.15,SE,E,0,162137-579301,0,0,8,0,3,0,0,0,0
HZ_16,Grower_72,Grower_17,2022,Susceptible,1.46,SE,SE,0,223243-598060,0,0,0,0,0,0,0,0,0
HZ_35,Grower_59,Grower_51,2022,Tolerant,0.52,SE,SE,0,233891-599973,0,0,8,1,3,2,8,8,0
HZ_33,Grower_8,Grower_203,2019,Tolerant,1.27,E,AF,0,249886-594928,0,0,0,0,0,0,0,0,0
HZ_20,Grower_200,Grower_90,2021,Tolerant,1.5,SE,SE,0,117442-564679,0,0,4,2,2,0,0,0,0
HZ_66,Grower_59,Grower_2,2019,Verysusceptible,2.25,SE,SE,0,234072-600391,0,0,6,2,2,0,5,0,0
HZ_39,Grower_125,Grower_130,2021,Tolerant,3.05,E,E,0,165834-580752,0,0,6,0,2,1,0,3,0
HZ_20,Grower_279,Grower_2,2022,Tolerant,2.0,SE,SE,0,083263-399336,0,0,5,2,1,0,0,4,1
HZ_3,Grower_394,Grower_71,2019,Tolerant,0.54,SE,A,0,180530-515563,0,0,1,1,0,0,0,0,0
HZ_55,Grower_162,Grower_48,2020,Tolerant,0.82,SE,SE,0,165514-491290,0,0,0,0,0,0,0,0,0
HZ_3,Grower_112,Grower_76,2020,Tolerant,0.39,SE,SE,0,167189-588300,0,0,5,3,3,0,0,0,0
HZ_34,Grower_218,Grower_48,2023,Verysusceptible,0.63,PB4,SE,0,117558-538409,0,0,6,2,2,1,1,2,0
HZ_21,Grower_168,Grower_228,2019,Verysusceptible,2.1,SE,A,1,189642-524110,0,0,0,0,0,0,0,0,0
HZ_3,Grower_142,Grower_66,2021,Tolerant,2.24,SE,SE,0,173237-529274,0,0,1,0,0,0,1,0,1
HZ_3,Grower_316,Grower_2,2022,Tolerant,1.56,SE,SE,0,227015-602426,0,0,2,0,0,0,0,3,0
HZ_20,Grower_332,Grower_116,2020,Tolerant,1.1,SE,-,0,179730-591409,0,0,5,0,2,0,0,0,0
HZ_3,Grower_42,Grower_121,2022,Tolerant,0.3,PB3,PB3,0,247208-600421,0,0,0,0,0,0,0,0,0
HZ_16,Grower_9,Grower_1,2023,Susceptible,1.12,SE,SE,0,263923-581570,0,0,3,0,2,0,0,0,0
HZ_16,Grower_9,Grower_1,2022,Susceptible,2.42,E,E,0,263586-581369,0,0,1,0,1,0,1,1,0
HZ_20,Grower_21,Grower_8,2019,Tolerant,2.7,SE,-,0,239181-604693,0,0,6,5,5,0,0,0,0
HZ_47,Grower_255,Grower_99,2023,Verysusceptible,3.5,SE,SE,0,043294-371860,0,0,7,0,6,3,0,0,0
HZ_51,Grower_105,Grower_132,2019,Susceptible,1.6,PB3,SE,0,121360-570204,0,0,0,0,0,0,0,0,0
HZ_19,Grower_283,Grower_24,2019,Verysusceptible,1.84,SE,A,0,173386-426130,0,0,8,8,5,0,0,0,0
HZ_3,Grower_354,Grower_49,2022,Tolerant,0.79,E,E,0,134795-526077,0,0,3,1,1,0,1,5,0
HZ_46,Grower_156,Grower_33,2023,Susceptible,0.44,SE,AF,0,178804-514333,0,0,1,0,0,0,0,4,0
HZ_3,Grower_122,Grower_58,2021,Tolerant,1.25,SE,-,0,175108-588698,0,0,8,0,3,0,0,5,1
HZ_3,Grower_68,Grower_65,2019,Tolerant,1.12,SE,SE,0,118187-563559,0,0,1,0,0,0,0,0,0
HZ_3,Grower_173,Grower_94,2023,Tolerant,1.0,E,A,0,183085-522509,0,0,0,0,0,0,0,0,0
HZ_43,Grower_351,Grower_147,2021,Tolerant,1.5,S,S,0,132687-539247,0,0,8,0,3,0,0,0,0
HZ_66,Grower_63,Grower_2,2022,Verysusceptible,0.96,SE,SE,0,228180-598345,0,0,4,0,0,0,1,5,1
HZ_3,Grower_330,Grower_58,2021,Tolerant,0.92,SE,SE,0,174392-591081,0,0,8,0,3,0,0,5,1
HZ_17,Grower_93,Grower_42,2021,Susceptible,1.15,S,S,0,188107-596174,0,0,0,0,0,0,0,0,0
HZ_17,Grower_84,Grower_12,2020,Susceptible,1.6,SE,SE,0,196945-597692,0,0,5,1,2,0,0,0,0
HZ_17,Grower_83,Grower_65,2021,Susceptible,0.58,S,SE,0,196291-598358,0,0,7,1,3,0,1,0,0
HZ_16,Grower_282,Grower_32,2019,Susceptible,1.12,SE,A,0,231697-432347,0,0,8,1,3,0,0,0,0
HZ_30,Grower_86,Grower_61,2022,Verysusceptible,0.99,PB4,E,1,198249-600207,0,0,6,0,0,0,0,8,0
HZ_47,Grower_275,Grower_42,2021,Verysusceptible,2.27,SE,A,0,086205-399156,0,0,2,1,1,0,0,1,0
HZ_3,Grower_151,Grower_86,2023,Tolerant,2.13,SE,SE,0,168464-542233,0,0,1,0,1,0,0,1,0
HZ_20,Grower_226,Grower_28,2019,Tolerant,3.0,SE,SE,0,124243-540062,0,0,8,7,4,0,0,0,0
HZ_4,Grower_231,Grower_52,2022,Verysusceptible,0.98,PB4,SE,0,121636-538314,0,0,4,0,1,0,0,0,0
HZ_20,Grower_296,Grower_2,2020,Tolerant,2.02,E,E,0,241754-600829,0,0,0,0,0,0,0,0,0
HZ_3,Grower_15,Grower_110,2022,Tolerant,1.73,SE,SE,0,240871-604016,0,0,1,0,0,0,0,1,1
HZ_49,Grower_161,Grower_41,2022,Susceptible,2.4,E,E,0,159394-490479,0,0,3,1,0,0,1,4,0
HZ_7,Grower_141,Grower_102,2019,Tolerant,1.1,SE,SE,0,158713-580360,0,0,0,0,0,0,0,0,0
HZ_20,Grower_426,Grower_12,2019,Tolerant,1.5,SE,SE,0,134229-536473,0,0,8,4,6,0,0,0,0
HZ_4,Grower_224,Grower_205,2019,Verysusceptible,3.03,E,E,0,124902-531647,0,0,8,1,3,0,0,0,0
HZ_12,Grower_236,Grower_146,2021,Susceptible,3.1,E,E,0,136466-524504,0,0,3,0,1,0,0,2,0
HZ_4,Grower_108,Grower_33,2021,Verysusceptible,0.73,SE,A,1,180617-584807,0,0,6,0,2,0,1,1,0
HZ_30,Grower_115,Grower_40,2022,Verysusceptible,0.63,PB4,SE,0,182977-593899,0,0,0,0,0,0,0,0,0
HZ_3,Grower_134,Grower_75,2023,Tolerant,0.53,PB4,-,0,171069-580547,0,0,1,0,0,0,0,0,0
HZ_5,Grower_300,Grower_83,2022,Susceptible,2.0,E,E,0,243655-606168,0,0,8,5,2,0,0,5,1
HZ_4,Grower_259,Grower_4,2019,Verysusceptible,1.03,SE,A,0,049121-365848,0,0,4,1,1,0,0,0,0
HZ_20,Grower_286,Grower_1,2020,Tolerant,3.19,E,E,0,255180-598543,0,0,2,0,1,0,0,0,0
HZ_34,Grower_218,Grower_32,2022,Verysusceptible,0.42,PB4,SE,0,117618-538893,0,0,7,1,0,1,0,1,0
HZ_33,Grower_8,Grower_203,2019,Tolerant,2.48,E,AF,0,249886-594928,0,0,0,0,0,0,0,0,0
HZ_46,Grower_259,Grower_33,2023,Susceptible,0.71,SE,A,0,051714-361190,0,0,1,0,0,0,0,4,0
HZ_26,Grower_296,Grower_113,2020,Tolerant,2.73,E,E,0,239888-600920,0,0,1,0,0,0,0,0,0
HZ_30,Grower_42,Grower_42,2023,Verysusceptible,2.1,SE,SE,0,247851-600868,0,0,3,0,2,0,0,1,0
HZ_20,Grower_209,Grower_90,2021,Tolerant,1.35,PB4,-,0,130066-543569,0,0,0,0,0,0,0,0,0
HZ_20,Grower_220,Grower_174,2021,Tolerant,0.72,SE,SE,0,129831-543725,0,0,0,0,0,0,0,0,0
HZ_8,Grower_74,Grower_28,2021,Tolerant,0.9,SE,SE,0,227852-595159,0,0,1,0,0,0,0,0,1
HZ_3,Grower_91,Grower_65,2021,Tolerant,0.29,SE,SE,0,199168-599856,0,0,0,0,0,0,0,0,0
HZ_12,Grower_218,Grower_14,2023,Susceptible,0.49,PB4,PB4,0,117558-538409,0,0,1,0,1,0,0,1,0
HZ_3,Grower_138,Grower_42,2023,Tolerant,0.9,SE,A,0,168238-580971,0,0,0,0,0,0,0,0,0
HZ_17,Grower_206,Grower_23,2020,Susceptible,0.6,SE,E,0,113827-565894,0,0,6,4,3,0,1,0,0
HZ_19,Grower_46,Grower_45,2023,Verysusceptible,1.53,E,E,0,221175-591757,0,0,7,3,6,0,0,0,0
HZ_20,Grower_84,Grower_116,2021,Tolerant,1.8,SE,SE,0,196158-598623,0,0,4,1,1,0,0,1,1
HZ_49,Grower_123,Grower_41,2022,Susceptible,1.1,SE,SE,0,170646-588304,0,0,3,1,0,0,1,4,0
HZ_17,Grower_106,Grower_42,2022,Susceptible,0.4,SE,A,0,129651-533305,0,0,2,1,1,1,1,2,0
HZ_4,Grower_3,Grower_1,2023,Verysusceptible,3.04,SE,SE,0,244638-592723,0,0,0,0,0,0,0,0,0
HZ_4,Grower_241,Grower_49,2019,Verysusceptible,1.76,SE,A,1,018108-372998,0,0,7,3,5,0,2,0,0
HZ_3,Grower_141,Grower_75,2020,Tolerant,1.2,E,E,0,156511-570191,0,0,1,0,0,0,0,0,0
HZ_39,Grower_77,Grower_62,2023,Tolerant,1.22,SE,SE,0,205962-598133,0,0,2,0,0,0,1,2,0
HZ_24,Grower_173,Grower_94,2023,Tolerant,4.0,E,E,0,181850-523606,0,0,0,0,0,0,0,0,0
HZ_3,Grower_11,Grower_18,2019,Tolerant,1.1,SE,SE,0,250985-600850,0,0,1,1,0,0,0,0,0
HZ_29,Grower_36,Grower_1,2023,Tolerant,0.95,SE,B,0,245981-608551,0,0,0,0,0,0,0,0,0
HZ_12,Grower_63,Grower_125,2020,Susceptible,3.1,E,A,1,228534-598636,0,0,0,0,0,0,0,0,0
HZ_46,Grower_161,Grower_3,2019,Susceptible,0.4,E,A,0,175285-507941,0,0,3,0,1,0,0,0,0
HZ_29,Grower_403,Grower_83,2019,Tolerant,2.0,PB3,A,0,098173-402877,0,0,1,1,0,0,0,0,0
HZ_42,Grower_93,Grower_66,2021,Verysusceptible,1.5,E,E,0,188107-596174,0,0,4,1,1,0,0,4,0
HZ_5,Grower_15,Grower_185,2020,Susceptible,0.54,E,A,0,237900-602150,0,0,0,0,0,0,0,0,0
HZ_47,Grower_111,Grower_167,2019,Verysusceptible,0.92,SE,A,0,174246-589339,0,0,0,0,0,0,0,0,0
HZ_3,Grower_22,Grower_113,2020,Tolerant,1.0,SE,SE,0,237364-605522,0,0,3,0,1,0,0,0,0
HZ_12,Grower_253,Grower_36,2023,Susceptible,2.6,SE,A,0,055875-408195,0,0,6,2,2,2,1,6,0
HZ_3,Grower_130,Grower_113,2019,Tolerant,1.21,E,A,0,167057-583536,0,0,0,0,0,0,0,0,0
HZ_20,Grower_84,Grower_163,2020,Tolerant,1.6,SE,SE,0,198223-601422,0,0,3,0,1,0,1,0,0
HZ_12,Grower_136,Grower_205,2019,Susceptible,1.55,SE,SE,0,164434-579588,0,0,8,6,6,2,0,0,0
HZ_17,Grower_199,Grower_68,2021,Susceptible,0.36,E,AF,1,117505-563839,0,0,7,8,5,0,8,8,0
HZ_20,Grower_395,Grower_147,2021,Tolerant,0.65,SE,SE,0,117554-565344,0,0,6,4,3,0,0,2,1
HZ_11,Grower_8,Grower_12,2020,Tolerant,1.86,SE,SE,0,247177-595070,0,0,5,0,2,0,0,0,0
HZ_1,Grower_85,Grower_82,2020,Tolerant,3.2,SE,SE,0,214220-593840,0,0,1,0,0,0,0,0,0
HZ_4,Grower_401,Grower_33,2020,Verysusceptible,3.55,SE,A,0,069510-434301,0,0,7,0,3,0,1,0,0
HZ_55,Grower_155,Grower_74,2020,Tolerant,1.9,SE,A,0,172635-524411,0,0,0,0,0,0,0,0,0
HZ_20,Grower_396,Grower_83,2020,Tolerant,2.0,E,E,0,118162-566674,0,0,4,1,1,0,0,0,0
HZ_20,Grower_337,Grower_82,2021,Tolerant,1.92,SE,SE,0,177356-534561,0,0,1,0,0,0,0,0,0
HZ_4,Grower_320,Grower_66,2021,Verysusceptible,2.95,SE,SE,0,210483-591111,0,0,7,0,3,0,1,7,0
HZ_5,Grower_274,Grower_90,2019,Susceptible,0.3,SE,A,0,076366-402859,0,0,0,0,0,0,0,0,0
HZ_12,Grower_187,Grower_61,2022,Susceptible,1.4,SE,A,0,061737-372150,0,0,8,0,0,2,8,8,1
HZ_3,Grower_108,Grower_44,2020,Tolerant,0.25,E,E,0,181114-583184,0,0,4,1,1,0,0,0,0
HZ_3,Grower_157,Grower_82,2023,Tolerant,0.7,SE,E,0,170721-528677,0,0,3,0,2,0,0,1,0
HZ_10,Grower_259,Grower_17,2023,Tolerant,1.8,SE,A,0,050073-363057,0,0,0,0,0,0,0,0,0
HZ_17,Grower_130,Grower_42,2021,Susceptible,2.15,E,E,0,165908-582524,0,0,8,3,4,0,1,0,0
HZ_17,Grower_84,Grower_58,2022,Susceptible,1.5,SE,SE,0,194782-598402,0,0,1,0,0,0,0,2,0
HZ_68,Grower_325,Grower_129,2022,Tolerant,0.91,SE,SE,0,187189-595459,0,0,6,2,2,0,1,2,1
HZ_3,Grower_8,Grower_2,2023,Tolerant,2.35,SE,SE,0,248244-595234,0,0,0,0,0,0,0,0,0
HZ_22,Grower_150,Grower_82,2022,Tolerant,0.92,SE,SE,0,176720-530690,0,0,4,0,2,0,0,3,0
HZ_70,Grower_19,Grower_32,2020,Tolerant,0.93,SE,A,0,242640-602275,0,0,2,2,0,0,0,0,0
HZ_20,Grower_204,Grower_83,2020,Tolerant,3.1,E,E,0,119755-566591,0,0,4,1,1,0,0,0,0
HZ_5,Grower_235,Grower_90,2023,Susceptible,0.5,SE,SE,0,124891-516830,0,0,0,0,0,0,0,0,0
HZ_8,Grower_209,Grower_28,2021,Tolerant,1.0,PB4,PB4,0,130323-543394,0,0,1,0,0,0,0,0,1
HZ_43,Grower_99,Grower_18,2019,Tolerant,0.91,SE,SE,0,187434-594404,0,0,1,1,0,0,0,0,0
HZ_37,Grower_161,Grower_44,2021,Tolerant,1.0,SE,SE,0,161787-490914,0,0,8,8,5,0,0,0,0
HZ_17,Grower_138,Grower_42,2021,Susceptible,1.6,E,E,0,168379-581130,0,0,0,0,0,0,0,0,0
HZ_3,Grower_208,Grower_112,2021,Tolerant,0.94,SE,SE,0,128402-541371,0,0,1,0,0,0,0,1,0
HZ_4,Grower_372,Grower_2,2020,Verysusceptible,1.65,E,E,0,133019-537077,0,0,6,4,3,0,2,0,0
HZ_24,Grower_190,Grower_81,2023,Tolerant,1.75,SE,A,0,175751-517639,0,0,0,0,0,0,0,0,0
HZ_5,Grower_251,Grower_83,2021,Susceptible,2.2,SE,E,0,060576-368754,0,0,2,1,1,0,0,1,0
HZ_20,Grower_46,Grower_28,2023,Tolerant,0.48,E,A,0,223050-592330,0,0,2,1,1,0,0,2,0
HZ_16,Grower_282,Grower_32,2023,Susceptible,1.59,SE,AF,0,232453-434895,0,0,6,0,0,7,0,0,0
HZ_3,Grower_127,Grower_42,2023,Tolerant,0.48,PB4,SE,0,167879-581458,0,0,0,0,0,0,0,0,0
HZ_3,Grower_44,Grower_102,2021,Tolerant,2.1,SE,SE,0,231132-600432,0,0,0,0,0,0,0,1,0
HZ_5,Grower_13,Grower_5,2020,Susceptible,4.6,SE,A,0,246942-593380,0,0,0,0,0,0,0,0,0
HZ_20,Grower_164,Grower_82,2019,Tolerant,1.0,SE,B,0,152769-483337,0,0,1,1,0,0,0,0,0
HZ_4,Grower_166,Grower_117,2019,Verysusceptible,2.0,E,AF,0,168006-500357,0,0,6,2,2,0,0,0,0
HZ_38,Grower_161,Grower_12,2020,Tolerant,1.1,SE,A,0,170599-504553,0,0,1,0,0,0,0,0,0
HZ_43,Grower_197,Grower_65,2022,Tolerant,0.4,PB4,PB4,0,118005-564737,0,0,3,0,3,0,0,1,0
HZ_5,Grower_89,Grower_33,2019,Susceptible,2.3,SE,SE,0,194553-599733,0,0,2,0,1,0,0,0,0
HZ_17,Grower_121,Grower_83,2021,Susceptible,2.0,E,A,1,177960-582216,0,0,6,2,2,0,0,7,0
HZ_20,Grower_204,Grower_147,2020,Tolerant,1.0,E,E,0,120326-566267,0,0,0,0,0,0,0,0,0
HZ_3,Grower_111,Grower_42,2019,Tolerant,2.42,E,E,0,175802-588553,0,0,6,0,2,0,0,0,0
HZ_3,Grower_151,Grower_1,2020,Tolerant,1.2,SE,SE,0,169370-545445,0,0,1,0,0,0,0,0,0
HZ_4,Grower_161,Grower_89,2019,Verysusceptible,2.65,SE,SE,0,183097-506711,0,0,1,1,0,0,0,0,0
HZ_16,Grower_187,Grower_1,2020,Susceptible,4.0,SE,SE,0,058624-378011,0,0,1,2,0,0,0,0,0
HZ_17,Grower_200,Grower_147,2021,Susceptible,1.4,SE,AF,0,117815-572382,0,0,1,0,0,0,0,1,0
HZ_20,Grower_199,Grower_83,2020,Tolerant,0.9,SE,SE,0,117668-563974,0,0,4,0,1,0,0,0,0
HZ_12,Grower_143,Grower_67,2022,Susceptible,1.26,SE,SE,0,177796-527355,0,0,0,0,0,0,0,1,0
HZ_5,Grower_89,Grower_33,2023,Susceptible,1.81,SE,SE,0,198280-600388,0,0,0,0,0,0,0,0,0
HZ_4,Grower_37,Grower_77,2021,Verysusceptible,0.55,PB3,SE,0,247816-607514,0,0,2,0,1,0,0,0,0
HZ_3,Grower_77,Grower_53,2021,Tolerant,1.44,SE,E,0,205941-599993,0,0,1,1,0,0,0,2,0
HZ_11,Grower_5,Grower_12,2022,Tolerant,1.03,SE,SE,0,250817-602923,0,0,0,0,0,0,0,0,0
HZ_50,Grower_130,Grower_3,2019,Tolerant,0.97,SE,-,0,166748-583180,0,0,6,3,4,0,0,0,0
HZ_3,Grower_64,Grower_2,2022,Tolerant,1.5,SE,-,0,225133-600364,0,0,4,0,0,0,1,1,0
HZ_19,Grower_270,Grower_50,2022,Verysusceptible,2.87,SE,SE,0,084307-402538,0,0,6,3,2,0,4,7,4
HZ_64,Grower_375,Grower_75,2021,Tolerant,0.8,SE,SE,0,225378-596310,0,0,4,2,2,0,0,1,0
HZ_1,Grower_1,Grower_1,2023,Tolerant,2.1,SE,SE,0,252718-599256,0,0,0,0,0,0,0,0,0
HZ_5,Grower_17,Grower_20,2019,Susceptible,1.0,SE,SE,0,242020-606079,0,0,0,0,0,0,0,0,0
HZ_22,Grower_43,Grower_33,2023,Tolerant,2.83,SE,A,1,217729-596180,0,0,8,4,3,1,0,4,0
HZ_22,Grower_168,Grower_48,2023,Tolerant,2.5,PB4,PB4,0,189194-525580,0,0,1,0,0,0,0,0,0
HZ_3,Grower_172,Grower_94,2020,Tolerant,3.3,SE,SE,0,176368-522721,0,0,2,1,1,0,0,0,0
HZ_3,Grower_289,Grower_66,2020,Tolerant,0.65,SE,SE,0,275988-581562,0,0,1,0,0,0,0,0,0
HZ_36,Grower_141,Grower_11,2023,Tolerant,2.75,E,E,0,159650-580003,0,0,8,1,4,0,0,3,0
HZ_20,Grower_220,Grower_102,2019,Tolerant,1.1,SE,SE,0,129336-543658,0,0,8,2,3,0,0,0,0
HZ_3,Grower_3,Grower_47,2019,Tolerant,2.12,SE,SE,0,247714-595378,0,0,1,0,0,0,0,0,0
HZ_54,Grower_265,Grower_205,2019,Verysusceptible,0.3,SE,SE,0,179287-529217,0,0,0,0,0,0,0,0,0
HZ_52,Grower_136,Grower_113,2021,Tolerant,1.1,SE,SE,0,167129-581975,0,0,0,0,0,0,0,1,1
HZ_17,Grower_212,Grower_163,2019,Susceptible,1.55,E,E,0,133591-535186,0,0,8,8,5,0,4,0,0
HZ_7,Grower_3,Grower_59,2019,Tolerant,2.91,E,E,0,244704-592722,0,0,0,0,0,0,0,0,0
HZ_20,Grower_199,Grower_90,2022,Tolerant,1.0,E,E,0,117264-563880,0,0,2,0,0,4,0,3,1
HZ_65,Grower_93,Grower_153,2019,Tolerant,0.43,SE,SE,0,188005-595690,0,0,1,0,0,0,0,0,0
HZ_26,Grower_296,Grower_113,2019,Tolerant,2.73,E,B,0,240272-601186,0,0,1,1,0,0,0,0,0
HZ_29,Grower_39,Grower_2,2020,Tolerant,1.1,SE,SE,0,245539-604733,0,0,0,0,0,0,0,0,0
HZ_72,Grower_362,Grower_6,2021,Tolerant,0.8,SE,SE,0,241537-605120,0,0,4,5,2,0,0,1,0
HZ_17,Grower_206,Grower_52,2020,Susceptible,2.5,SE,SE,0,115368-568350,0,0,8,1,3,0,0,0,0
HZ_4,Grower_279,Grower_33,2019,Verysusceptible,4.5,SE,AF,1,088871-408241,0,0,8,8,5,0,8,0,0
HZ_5,Grower_332,Grower_33,2022,Susceptible,1.3,PB4,PB4,0,178919-592277,0,0,0,0,0,0,0,0,0
HZ_66,Grower_59,Grower_2,2020,Verysusceptible,0.56,SE,-,0,233894-600143,0,0,8,5,2,0,6,0,0
HZ_58,Grower_69,Grower_17,2021,Susceptible,0.45,SE,A,1,226184-602357,0,0,6,5,5,0,6,6,0
HZ_2,Grower_348,Grower_6,2022,Tolerant,1.3,SE,SE,0,205286-593309,0,0,1,0,1,0,0,0,0
HZ_4,Grower_159,Grower_89,2021,Verysusceptible,4.2,SE,A,0,169144-490584,0,0,1,0,0,0,0,0,0
HZ_4,Grower_129,Grower_80,2022,Verysusceptible,0.5,E,E,0,159151-579598,0,0,8,6,8,0,0,2,0
HZ_20,Grower_34,Grower_12,2021,Tolerant,1.14,SE,A,0,245193-607079,0,0,7,2,4,0,1,6,1
HZ_3,Grower_325,Grower_44,2020,Tolerant,0.87,E,E,0,186681-595346,0,0,4,1,1,0,0,0,0
HZ_3,Grower_65,Grower_2,2019,Tolerant,1.03,SE,SE,0,225951-603242,0,0,3,2,1,0,0,0,0
HZ_17,Grower_228,Grower_83,2022,Susceptible,1.25,SE,SE,0,123123-540001,0,0,8,4,8,4,0,6,0
HZ_20,Grower_244,Grower_1,2021,Tolerant,1.8,SE,SE,0,046399-362390,0,0,6,0,2,0,1,2,0
HZ_71,Grower_226,Grower_145,2022,,1.0,PB2,PB2,0,123831-539873,0,0,0,0,0,0,0,0,0
HZ_4,Grower_264,Grower_64,2020,Verysusceptible,3.4,SE,SE,0,060748-375412,0,0,4,0,1,0,0,0,0
HZ_55,Grower_268,Grower_48,2022,Tolerant,0.57,SE,E,0,067169-400371,0,0,3,2,1,1,1,7,0
HZ_61,Grower_268,Grower_58,2023,Susceptible,2.08,SE,-,0,067200-399924,0,0,0,0,0,0,0,0,0
HZ_20,Grower_122,Grower_58,2023,Tolerant,1.04,SE,-,0,174452-590424,0,0,0,0,0,0,0,0,0
HZ_17,Grower_9,Grower_23,2023,Susceptible,0.8,SE,SE,0,263923-581570,0,0,3,0,0,1,0,1,0
HZ_43,Grower_81,Grower_53,2022,Tolerant,1.07,SE,SE,0,197515-597577,0,0,6,1,1,1,1,3,0
HZ_21,Grower_234,Grower_90,2019,Verysusceptible,0.6,E,A,1,122534-521759,0,0,8,8,5,0,0,0,0
HZ_17,Grower_91,Grower_32,2020,Susceptible,1.28,SE,SE,0,197527-598550,0,0,8,1,3,0,0,0,0
HZ_3,Grower_26,Grower_20,2019,Tolerant,1.6,SE,A,0,239478-598952,0,0,6,2,2,0,1,0,0
HZ_29,Grower_66,Grower_2,2023,Tolerant,1.82,SE,E,0,229364-597888,0,0,1,0,1,0,0,0,0
HZ_17,Grower_102,Grower_58,2019,Susceptible,0.95,E,E,0,176633-582127,0,0,0,0,0,0,0,0,0
HZ_46,Grower_187,Grower_3,2019,Susceptible,1.62,SE,A,0,058806-375646,0,0,6,0,2,0,0,0,0
HZ_3,Grower_347,Grower_104,2020,Tolerant,0.5,SE,SE,0,186546-522537,0,0,0,0,0,0,0,0,0
HZ_12,Grower_186,Grower_95,2019,Susceptible,1.9,SE,SE,0,175571-517334,0,0,3,0,1,0,0,0,0
HZ_5,Grower_99,Grower_47,2022,Susceptible,2.74,SE,SE,0,174921-588170,0,0,1,1,1,0,0,0,0
HZ_15,Grower_275,Grower_21,2023,Verysusceptible,1.9,SE,SE,0,082334-400372,0,0,5,0,4,0,0,0,0
HZ_3,Grower_347,Grower_74,2019,Tolerant,1.5,SE,A,0,186475-522074,0,0,0,0,0,0,0,0,0
HZ_3,Grower_40,Grower_113,2022,Tolerant,1.6,SE,SE,0,247431-603301,0,0,1,0,0,1,0,1,0
HZ_32,Grower_114,Grower_44,2019,Susceptible,0.85,SE,A,0,168415-587303,0,0,3,0,1,0,0,0,0
HZ_39,Grower_141,Grower_92,2022,Tolerant,2.0,E,E,0,158846-580224,0,0,8,6,2,0,0,7,1
HZ_5,Grower_3,Grower_3,2021,Susceptible,3.45,E,E,0,249667-594968,0,0,1,0,0,0,0,0,0
HZ_50,Grower_403,Grower_90,2019,Tolerant,2.5,SE,SE,0,094996-404804,0,0,1,0,0,0,0,0,0
HZ_13,Grower_330,Grower_22,2021,Tolerant,0.85,SE,SE,0,174600-589038,0,0,3,1,1,0,0,1,0
HZ_46,Grower_456,Grower_99,2019,Susceptible,1.08,E,A,0,087020-399094,0,0,4,1,1,0,0,0,0
HZ_36,Grower_67,Grower_163,2019,Tolerant,0.74,SE,A,0,233788-599602,0,0,6,1,2,0,0,0,0
HZ_24,Grower_397,Grower_48,2020,Tolerant,1.0,SE,SE,0,115331-560933,0,0,2,0,1,0,0,0,0
HZ_20,Grower_186,Grower_82,2020,Tolerant,2.95,SE,SE,0,174171-516941,0,0,1,0,0,1,0,0,0
HZ_46,Grower_152,Grower_86,2020,Susceptible,1.38,E,E,0,174995-533107,0,0,0,0,0,0,0,0,0
HZ_3,Grower_180,Grower_2,2022,Tolerant,1.7,SE,E,0,180368-537367,0,0,2,0,0,0,0,3,0
HZ_42,Grower_113,Grower_66,2022,Verysusceptible,1.48,SE,SE,0,176025-592591,0,0,2,0,0,0,0,0,0
HZ_12,Grower_187,Grower_117,2022,Susceptible,2.6,SE,A,0,061737-372150,0,0,5,2,0,0,2,7,0
HZ_5,Grower_306,Grower_47,2020,Susceptible,3.0,SE,E,0,246162-594238,0,0,0,0,0,0,0,0,0
HZ_58,Grower_182,Grower_93,2021,Susceptible,0.9,SE,SE,0,190193-529076,0,0,0,0,0,0,0,0,0
HZ_3,Grower_40,Grower_150,2019,Tolerant,0.45,SE,B,0,246964-604415,0,0,0,0,0,0,0,0,0
HZ_84,Grower_44,Grower_4,2019,Tolerant,1.01,E,E,0,231420-600860,0,0,4,1,1,0,0,0,0
HZ_20,Grower_372,Grower_8,2020,Tolerant,3.61,E,E,0,135362-537656,0,0,8,4,6,0,0,0,0
HZ_2,Grower_282,Grower_6,2023,Tolerant,4.05,SE,E,0,234858-436710,0,0,0,0,0,0,0,0,0
HZ_5,Grower_123,Grower_20,2021,Susceptible,1.6,SE,E,1,168905-576688,0,0,8,0,3,0,0,2,0
HZ_7,Grower_100,Grower_64,2023,Tolerant,0.6,SE,SE,0,180218-587077,0,0,0,0,0,0,0,0,0
HZ_5,Grower_236,Grower_29,2023,Susceptible,4.5,E,E,0,139455-521532,0,0,1,1,0,0,0,0,0
HZ_12,Grower_124,Grower_52,2021,Susceptible,1.3,SE,A,1,159107-567680,0,0,8,4,6,2,3,3,0
HZ_72,Grower_160,Grower_78,2021,Tolerant,0.7,PB3,-,0,181186-500635,0,0,0,0,0,0,0,0,0
HZ_3,Grower_110,Grower_66,2021,Tolerant,0.46,SE,SE,0,169199-587161,0,0,1,0,0,0,0,0,1
HZ_8,Grower_212,Grower_58,2020,Tolerant,0.51,SE,SE,0,133969-536585,0,0,2,1,1,0,0,0,0
HZ_2,Grower_25,Grower_2,2019,Tolerant,1.15,SE,SE,0,239437-607649,0,0,0,0,0,0,0,0,0
HZ_46,Grower_175,Grower_42,2021,Susceptible,1.8,SE,A,0,183329-527920,0,0,8,7,4,2,0,2,1
HZ_14,Grower_69,Grower_124,2022,Susceptible,1.3,PB4,PB4,0,226124-602493,0,0,0,0,0,0,0,0,0
HZ_27,Grower_261,Grower_16,2023,Tolerant,1.2,SE,SE,0,057319-412337,0,0,0,0,0,0,0,1,0
HZ_20,Grower_220,Grower_90,2021,Tolerant,0.51,SE,E,0,129831-543725,0,0,2,0,1,0,0,1,0
HZ_3,Grower_166,Grower_113,2019,Tolerant,2.0,SE,A,0,168006-500357,0,0,0,0,0,0,0,0,0
HZ_46,Grower_187,Grower_33,2021,Susceptible,0.97,PB4,A,1,059408-375629,0,0,2,0,1,0,0,6,0
HZ_27,Grower_73,Grower_2,2022,Tolerant,3.3,E,E,0,232606-604836,0,0,2,1,1,0,1,1,1
HZ_24,Grower_181,Grower_24,2021,Tolerant,1.52,SE,SE,0,179309-530159,0,0,1,0,0,0,0,1,0
HZ_35,Grower_90,Grower_40,2019,Tolerant,3.0,SE,SE,0,198629-601702,0,0,8,8,5,0,3,0,0
HZ_20,Grower_294,Grower_2,2021,Tolerant,1.83,SE,SE,0,239276-606992,0,0,7,2,4,0,0,1,0
HZ_66,Grower_282,Grower_2,2020,Verysusceptible,3.69,SE,A,0,231525-439688,0,0,8,5,2,0,6,0,0
HZ_20,Grower_215,Grower_98,2019,Tolerant,4.7,E,E,0,120340-536023,0,0,8,8,5,0,5,0,0
HZ_20,Grower_403,Grower_112,2021,Tolerant,2.9,SE,SE,0,097861-404720,0,0,8,2,3,0,0,3,0
HZ_48,Grower_255,Grower_61,2022,Verysusceptible,2.5,SE,A,0,044528-370279,0,0,4,0,1,0,1,4,0
HZ_80,Grower_153,Grower_37,2019,Verysusceptible,0.45,SE,SE,0,174567-536811,0,0,1,1,0,0,0,0,0
HZ_54,Grower_189,Grower_3,2020,Verysusceptible,0.63,SE,E,1,174758-519766,0,0,6,0,2,0,0,0,0
HZ_3,Grower_367,Grower_18,2021,Tolerant,1.8,SE,SE,0,219180-601982,0,0,0,0,0,0,0,0,0
HZ_20,Grower_452,Grower_98,2019,Tolerant,2.0,E,E,0,129781-540469,0,0,8,8,5,0,4,0,0
HZ_24,Grower_64,Grower_48,2022,Tolerant,0.85,SE,-,0,227485-600083,0,0,4,7,2,2,5,7,2
HZ_5,Grower_272,Grower_83,2019,Susceptible,0.9,SE,SE,0,090970-398513,0,0,0,0,0,0,0,0,0
HZ_3,Grower_383,Grower_58,2021,Tolerant,0.04,E,AF,0,164498-583077,0,0,4,0,1,0,0,0,0
HZ_5,Grower_108,Grower_42,2020,Susceptible,1.07,SE,SE,0,181744-582294,0,0,3,0,1,0,0,0,0
HZ_20,Grower_212,Grower_86,2022,Tolerant,0.77,PB4,PB4,0,133698-535992,0,0,1,0,1,1,0,2,0
HZ_43,Grower_104,Grower_61,2021,Tolerant,1.45,E,E,0,181654-593283,0,0,3,2,1,0,0,1,0
HZ_3,Grower_126,Grower_61,2019,Tolerant,1.1,SE,-,0,164618-579918,0,0,5,0,2,0,0,0,0
HZ_20,Grower_2,Grower_8,2020,Tolerant,0.63,SE,SE,0,251550-603255,0,0,0,0,0,0,0,0,0
HZ_51,Grower_205,Grower_12,2021,Susceptible,1.3,PB4,E,1,111751-560336,0,0,0,0,0,0,0,0,0
HZ_48,Grower_255,Grower_58,2020,Verysusceptible,1.9,SE,A,0,045017-370469,0,0,6,2,2,0,0,0,0
HZ_16,Grower_321,Grower_17,2021,Susceptible,1.95,SE,E,1,242336-607000,0,0,0,0,0,0,0,0,0
HZ_19,Grower_286,Grower_24,2019,Verysusceptible,0.73,SE,SE,0,254693-600359,0,0,8,8,5,0,0,0,0
HZ_5,Grower_133,Grower_42,2020,Susceptible,3.0,E,E,0,162963-581689,0,0,3,0,1,0,0,0,0
HZ_3,Grower_97,Grower_205,2019,Tolerant,3.1,PB4,A,0,190009-597520,0,0,0,0,0,0,0,0,0
HZ_24,Grower_46,Grower_24,2021,Tolerant,1.73,SE,SE,0,218429-590336,0,0,1,0,0,0,0,1,0
HZ_12,Grower_211,Grower_95,2019,Susceptible,0.84,SE,A,0,131768-542873,0,0,4,1,1,0,0,0,0
HZ_12,Grower_124,Grower_61,2021,Susceptible,1.7,E,E,0,159177-568288,0,0,3,0,1,0,0,0,0
HZ_3,Grower_199,Grower_208,2019,Tolerant,0.5,PB3,PB3,0,117236-563699,0,0,0,0,0,0,0,0,0
HZ_5,Grower_89,Grower_20,2020,Susceptible,4.6,SE,SE,0,194112-596812,0,0,2,0,1,0,0,0,0
HZ_20,Grower_46,Grower_11,2021,Tolerant,1.8,E,E,0,224509-593659,0,0,8,1,3,0,1,7,0
HZ_3,Grower_154,Grower_42,2021,Tolerant,1.4,E,E,0,172007-533644,0,0,2,1,1,0,0,0,0
HZ_17,Grower_87,Grower_68,2020,Susceptible,2.94,SE,SE,0,204060-591767,0,0,8,7,4,0,0,0,0
HZ_61,Grower_79,Grower_58,2021,Susceptible,1.2,SE,SE,0,203379-593511,0,0,7,4,4,0,0,6,0
HZ_61,Grower_344,Grower_86,2020,Susceptible,1.2,SE,A,0,184854-523571,0,0,0,0,0,0,0,0,0
HZ_80,Grower_175,Grower_58,2020,Verysusceptible,0.3,SE,A,1,185898-516949,0,0,0,0,0,0,0,0,0
HZ_20,Grower_122,Grower_82,2023,Tolerant,1.04,SE,-,0,174452-590424,0,0,4,1,2,0,0,0,0
HZ_58,Grower_125,Grower_52,2021,Susceptible,0.96,SE,SE,0,160452-578652,0,0,6,1,2,0,0,1,0
HZ_13,Grower_321,Grower_153,2019,Tolerant,2.72,SE,E,0,242442-606257,0,0,1,1,0,0,0,0,0
HZ_19,Grower_261,Grower_24,2020,Verysusceptible,4.9,SE,E,0,049467-399292,0,0,2,1,1,0,0,0,0
HZ_12,Grower_188,Grower_146,2020,Susceptible,3.1,SE,E,0,169436-522515,0,0,2,1,1,0,0,0,0
HZ_3,Grower_321,Grower_76,2021,Tolerant,4.08,SE,SE,0,237393-601985,0,0,2,1,1,0,0,0,1
HZ_21,Grower_174,Grower_11,2019,Verysusceptible,2.4,SE,E,0,039241-369280,0,0,3,1,1,0,0,0,0
HZ_5,Grower_175,Grower_86,2021,Susceptible,2.75,SE,E,0,183329-527920,0,0,0,0,0,0,0,0,0
HZ_20,Grower_203,Grower_1,2023,Tolerant,1.68,SE,SE,0,225624-433860,0,0,0,0,0,0,0,0,0
HZ_21,Grower_53,Grower_29,2023,Verysusceptible,1.0,E,E,0,219421-587763,0,0,0,0,0,1,0,0,0
HZ_47,Grower_255,Grower_42,2023,Verysusceptible,2.8,SE,AF,0,043294-371860,0,0,1,1,0,0,0,0,0
HZ_20,Grower_21,Grower_8,2021,Tolerant,1.8,SE,SE,0,240723-605960,0,0,7,0,3,0,0,4,0
HZ_17,Grower_68,Grower_32,2019,Susceptible,3.97,E,E,0,119921-575611,0,0,7,6,4,0,0,0,0
HZ_3,Grower_102,Grower_76,2020,Tolerant,3.4,SE,E,1,183050-592791,0,0,5,3,3,0,0,0,0
HZ_12,Grower_253,Grower_61,2022,Susceptible,0.95,SE,E,0,055180-408344,0,0,8,0,0,2,8,8,1
HZ_5,Grower_134,Grower_33,2020,Susceptible,0.86,E,E,0,171140-581252,0,0,0,0,0,0,0,0,0
HZ_20,Grower_255,Grower_40,2019,Tolerant,0.7,SE,E,0,042427-371833,0,0,8,8,5,0,1,0,0
HZ_20,Grower_443,Grower_102,2019,Tolerant,0.26,SE,A,0,225060-598014,0,0,8,4,6,0,1,0,0
HZ_20,Grower_330,Grower_8,2020,Tolerant,1.85,E,E,0,174445-590704,0,0,8,4,6,0,0,0,0
HZ_3,Grower_98,Grower_76,2022,Tolerant,0.23,SE,SE,0,181968-594087,0,0,4,1,1,0,0,3,0
HZ_3,Grower_150,Grower_222,2019,Tolerant,1.65,S,A,0,176715-530703,0,0,0,0,0,0,0,0,0
HZ_20,Grower_27,Grower_112,2020,Tolerant,1.87,SE,SE,0,242960-606898,0,0,4,1,1,0,0,0,0
HZ_4,Grower_93,Grower_2,2020,Verysusceptible,1.8,E,E,0,183113-593707,0,0,6,4,3,0,2,0,0
HZ_4,Grower_374,Grower_80,2020,Verysusceptible,0.2,SE,A,1,103602-470643,0,0,8,4,6,0,0,0,0
HZ_39,Grower_134,Grower_61,2020,Tolerant,0.52,SE,A,0,173952-582466,0,0,8,0,3,0,0,0,0
HZ_21,Grower_279,Grower_28,2022,Verysusceptible,2.25,SE,SE,0,084578-402335,0,0,6,4,4,0,0,8,0
HZ_17,Grower_114,Grower_52,2020,Susceptible,1.15,SE,SE,0,170205-590067,0,0,6,4,3,0,0,0,0
HZ_12,Grower_218,Grower_15,2020,Susceptible,0.63,SE,A,0,118966-538665,0,0,0,0,0,0,0,0,0
HZ_13,Grower_7,Grower_22,2021,Tolerant,0.57,E,E,0,264180-590304,0,0,3,1,1,0,0,1,0
HZ_4,Grower_283,Grower_1,2022,Verysusceptible,2.0,SE,E,0,174117-425438,0,0,2,2,0,0,1,6,0
HZ_36,Grower_141,Grower_11,2022,Tolerant,1.25,SE,E,1,158774-580450,0,0,2,1,0,0,0,4,1
HZ_4,Grower_228,Grower_90,2021,Verysusceptible,1.1,SE,E,1,127945-539631,0,0,0,0,0,0,0,0,0
HZ_3,Grower_160,Grower_82,2023,Tolerant,0.84,SE,A,0,180527-500834,0,0,3,0,2,0,0,1,0
HZ_20,Grower_199,Grower_29,2023,Tolerant,0.85,PB4,SE,0,115881-560928,0,0,0,0,0,0,0,0,0
HZ_37,Grower_281,Grower_59,2021,Tolerant,1.5,SE,SE,0,075159-398897,0,0,0,0,0,0,0,0,0
HZ_43,Grower_104,Grower_32,2021,Tolerant,0.9,SE,E,1,178878-592711,0,0,6,3,4,1,1,6,1
HZ_51,Grower_105,Grower_12,2021,Susceptible,1.0,PB4,PB4,0,119620-568457,0,0,0,0,0,0,0,0,0
HZ_17,Grower_151,Grower_52,2022,Susceptible,3.0,SE,SE,0,176084-537796,0,0,6,0,3,0,0,0,0
HZ_7,Grower_63,Grower_69,2019,Tolerant,2.01,SE,A,1,228440-598830,0,0,0,0,0,0,0,0,0
HZ_8,Grower_230,Grower_31,2019,Tolerant,1.5,SE,-,0,123121-535808,0,0,5,0,2,0,0,0,0
HZ_5,Grower_234,Grower_90,2019,Susceptible,1.0,SE,SE,0,118991-523831,0,0,0,0,0,0,0,0,0
HZ_17,Grower_205,Grower_12,2019,Susceptible,3.0,E,E,0,115147-566898,0,0,5,2,2,0,0,0,0
HZ_17,Grower_197,Grower_32,2019,Susceptible,0.9,SE,SE,0,118424-563994,0,0,7,6,4,0,0,0,0
HZ_17,Grower_376,Grower_42,2021,Susceptible,1.37,S,SE,0,206097-591377,0,0,0,0,0,0,0,0,0
HZ_3,Grower_107,Grower_44,2022,Tolerant,0.47,SE,-,0,180332-589791,0,0,0,0,0,0,0,0,0
HZ_16,Grower_277,Grower_32,2021,Susceptible,3.5,SE,SE,0,076524-396688,0,0,5,4,3,0,0,2,0
HZ_22,Grower_263,Grower_33,2023,Tolerant,3.27,SE,SE,0,036437-369851,0,0,8,4,3,1,0,4,0
HZ_50,Grower_356,Grower_144,2022,Tolerant,2.04,SE,SE,0,101051-476568,0,0,2,1,2,0,0,3,0
HZ_4,Grower_209,Grower_2,2022,Verysusceptible,2.1,E,E,0,126402-527172,0,0,5,1,1,2,3,7,2
HZ_48,Grower_255,Grower_61,2021,Verysusceptible,1.4,SE,A,0,043866-371875,0,0,6,2,2,0,0,0,0
HZ_20,Grower_122,Grower_116,2020,Tolerant,1.0,SE,-,0,175322-588776,0,0,5,0,2,0,0,0,0
HZ_3,Grower_303,Grower_3,2020,Tolerant,1.84,SE,SE,0,245654-603552,0,0,6,2,2,0,0,0,0
HZ_3,Grower_209,Grower_44,2021,Tolerant,1.35,PB4,PB4,0,132050-543846,0,0,2,0,1,0,0,1,0
HZ_58,Grower_73,Grower_17,2021,Susceptible,1.02,E,E,0,232169-603712,0,0,6,5,5,0,6,6,0
HZ_4,Grower_238,Grower_2,2023,Verysusceptible,1.3,SE,E,0,059977-363980,0,0,1,0,0,1,0,4,0
HZ_3,Grower_151,Grower_86,2022,Tolerant,2.75,SE,SE,0,161093-542763,0,0,1,0,1,0,0,1,0
HZ_3,Grower_204,Grower_68,2021,Tolerant,1.1,PB4,SE,0,119354-562633,0,0,2,0,1,0,0,0,0
HZ_3,Grower_152,Grower_86,2019,Tolerant,0.52,SE,SE,0,173444-536031,0,0,0,0,0,0,0,0,0
HZ_40,Grower_181,Grower_11,2021,Tolerant,2.0,SE,SE,0,182634-526618,0,0,6,0,2,0,3,8,0
HZ_4,Grower_241,Grower_1,2020,Verysusceptible,4.03,SE,A,1,017346-373033,0,0,7,3,5,0,6,0,0
HZ_20,Grower_232,Grower_8,2020,Tolerant,3.1,E,A,0,117434-527071,0,0,8,4,6,0,0,0,0
HZ_4,Grower_276,Grower_66,2021,Verysusceptible,3.15,SE,SE,0,098857-404589,0,0,7,0,3,0,1,7,0
HZ_20,Grower_279,Grower_90,2019,Tolerant,1.7,SE,E,0,083594-398807,0,0,7,7,5,0,5,0,0
HZ_46,Grower_259,Grower_33,2023,Susceptible,2.0,SE,E,0,050073-363057,0,0,1,0,0,0,0,4,0
HZ_65,Grower_92,Grower_104,2021,Tolerant,1.4,SE,SE,0,191324-597854,0,0,4,4,2,0,0,0,0
HZ_43,Grower_202,Grower_18,2019,Tolerant,0.7,SE,SE,0,120171-570060,0,0,0,0,0,0,0,0,0
HZ_22,Grower_201,Grower_82,2020,Tolerant,3.7,SE,SE,0,088948-402608,0,0,2,0,1,0,0,0,0
HZ_24,Grower_26,Grower_24,2020,Tolerant,0.25,E,E,0,239326-599180,0,0,1,1,0,0,0,0,0
HZ_51,Grower_139,Grower_61,2019,Susceptible,1.14,SE,-,0,161995-582874,0,0,0,0,0,0,0,0,0
HZ_13,Grower_27,Grower_17,2023,Tolerant,1.97,SE,SE,0,243065-607781,0,0,0,0,0,0,0,0,0
HZ_43,Grower_62,Grower_36,2021,Tolerant,0.4,SE,E,0,227517-600434,0,0,7,0,3,0,0,3,0
HZ_21,Grower_234,Grower_89,2020,Verysusceptible,0.88,SE,SE,0,122036-525770,0,0,0,0,0,0,0,0,0
HZ_7,Grower_114,Grower_12,2022,Tolerant,0.8,SE,SE,0,167936-587889,0,0,1,0,0,0,1,2,0
HZ_3,Grower_383,Grower_41,2019,Tolerant,0.5,E,E,0,164668-583082,0,0,1,1,0,0,0,0,0
HZ_12,Grower_173,Grower_146,2021,Susceptible,1.1,E,E,0,190783-517201,0,0,3,0,1,0,0,2,0
HZ_17,Grower_83,Grower_19,2019,Susceptible,2.32,SE,A,1,199063-598978,0,0,8,8,5,1,0,0,0
HZ_17,Grower_86,Grower_65,2020,Susceptible,1.57,SE,SE,0,195400-598016,0,0,8,6,6,0,1,0,0
HZ_20,Grower_89,Grower_1,2023,Tolerant,2.56,SE,SE,0,200160-601043,0,0,0,0,0,0,0,0,0
HZ_43,Grower_131,Grower_41,2019,Tolerant,2.2,E,E,0,168684-586828,0,0,0,0,0,0,0,0,0
HZ_3,Grower_69,Grower_1,2021,Tolerant,1.1,SE,SE,0,226136-603183,0,0,7,1,3,0,0,3,0
HZ_55,Grower_327,Grower_48,2022,Tolerant,0.95,PB4,PB4,0,186150-594412,0,0,3,2,1,1,1,7,0
HZ_20,Grower_66,Grower_1,2023,Tolerant,1.54,SE,SE,0,228906-599818,0,0,0,0,0,0,0,0,0
HZ_17,Grower_202,Grower_22,2020,Susceptible,2.53,E,E,0,121191-571376,0,0,6,5,5,1,0,0,0
HZ_20,Grower_197,Grower_116,2022,Tolerant,0.9,PB4,SE,0,118005-564737,0,0,4,1,0,2,0,1,0
HZ_5,Grower_203,Grower_20,2019,Susceptible,4.06,SE,SE,0,227437-434896,0,0,0,0,0,0,0,0,0
HZ_43,Grower_131,Grower_61,2020,Tolerant,1.5,SE,SE,0,172295-583186,0,0,4,0,1,0,0,0,0
HZ_34,Grower_145,Grower_49,2022,Verysusceptible,0.83,SE,A,1,175425-533763,0,0,8,1,0,0,5,6,0
HZ_39,Grower_77,Grower_36,2021,Tolerant,0.17,SE,SE,0,205124-599606,0,0,4,0,1,0,1,3,0
HZ_43,Grower_197,Grower_128,2020,Tolerant,0.6,SE,E,1,118181-564763,0,0,0,0,0,0,0,0,0
HZ_20,Grower_122,Grower_40,2021,Tolerant,1.9,SE,SE,0,174916-589672,0,0,8,4,6,0,0,5,0
HZ_49,Grower_130,Grower_133,2019,Susceptible,1.15,SE,SE,0,166891-582994,0,0,1,0,0,0,0,0,0
HZ_17,Grower_236,Grower_32,2023,Susceptible,1.0,E,E,0,135357-522881,0,0,6,1,6,0,0,0,0
HZ_8,Grower_5,Grower_119,2020,Tolerant,1.22,SE,A,0,250521-600644,0,0,1,0,0,0,0,0,0
HZ_3,Grower_28,Grower_18,2023,Tolerant,0.91,SE,SE,0,247515-600349,0,0,1,0,1,0,0,0,0
HZ_3,Grower_23,Grower_110,2021,Tolerant,0.62,SE,E,0,238665-607413,0,0,5,0,2,0,0,0,0
HZ_3,Grower_447,Grower_71,2019,Tolerant,1.0,SE,SE,0,175365-526074,0,0,1,1,0,0,0,0,0
HZ_47,Grower_275,Grower_44,2019,Verysusceptible,2.25,E,A,0,085851-399048,0,0,7,7,5,0,0,0,0
HZ_20,Grower_222,Grower_98,2019,Tolerant,3.9,E,E,0,129911-548187,0,0,8,8,5,0,4,0,0
HZ_50,Grower_226,Grower_90,2022,Tolerant,0.75,S,S,0,123831-539873,0,0,0,0,1,0,0,0,0
HZ_20,Grower_330,Grower_116,2019,Tolerant,0.75,SE,A,0,174487-589823,0,0,5,5,1,0,0,0,0
HZ_39,Grower_130,Grower_61,2021,Tolerant,0.85,E,E,0,167180-582700,0,0,3,0,1,0,0,0,0
HZ_3,Grower_131,Grower_42,2023,Tolerant,1.0,SE,E,0,167719-586993,0,0,0,0,0,0,0,0,0
HZ_5,Grower_15,Grower_185,2020,Susceptible,2.9,E,E,0,239100-605500,0,0,0,0,0,0,0,0,0
HZ_39,Grower_127,Grower_90,2022,Tolerant,1.75,E,E,0,170108-579871,0,0,1,0,1,1,0,2,0
HZ_55,Grower_320,Grower_31,2021,Tolerant,2.27,PB4,PB4,0,211982-590939,0,0,8,3,4,0,0,3,0
HZ_20,Grower_28,Grower_12,2021,Tolerant,0.86,SE,SE,0,247003-597727,0,0,7,2,4,0,1,6,1
HZ_20,Grower_282,Grower_112,2021,Tolerant,0.97,SE,E,1,229805-440695,0,0,8,2,3,0,0,3,0
HZ_5,Grower_277,Grower_8,2022,Susceptible,2.2,SE,A,0,075670-393066,0,0,0,0,0,0,0,1,0
HZ_3,Grower_38,Grower_3,2020,Tolerant,1.15,SE,SE,0,247937-605572,0,0,6,2,2,0,0,0,0
HZ_17,Grower_231,Grower_58,2019,Susceptible,0.37,SE,SE,0,120987-538998,0,0,8,8,5,0,0,0,0
HZ_8,Grower_198,Grower_111,2022,Tolerant,0.55,PB4,PB4,0,116977-564188,0,0,0,0,0,0,0,0,0
HZ_3,Grower_141,Grower_41,2019,Tolerant,0.2,E,A,0,156285-570326,0,0,1,1,0,0,0,0,0
HZ_4,Grower_158,Grower_2,2020,Verysusceptible,0.52,E,A,0,180715-499849,0,0,6,4,3,0,2,0,0
HZ_17,Grower_89,Grower_42,2022,Susceptible,2.17,SE,SE,0,195015-600897,0,0,2,1,1,1,1,2,0
HZ_36,Grower_64,Grower_11,2020,Tolerant,0.8,SE,-,0,225150-600654,0,0,0,0,0,0,0,0,0
HZ_17,Grower_89,Grower_58,2023,Susceptible,1.66,SE,SE,0,193818-600034,0,0,3,0,3,2,0,0,0
HZ_5,Grower_53,Grower_47,2019,Susceptible,3.0,E,A,0,219354-587803,0,0,0,0,0,0,0,0,0
HZ_30,Grower_80,Grower_12,2022,Verysusceptible,0.19,SE,A,1,200545-601120,0,0,0,0,0,0,0,2,0
HZ_26,Grower_146,Grower_3,2023,Tolerant,1.55,SE,SE,0,175957-525692,0,0,6,4,2,0,0,2,0
HZ_20,Grower_294,Grower_12,2019,Tolerant,3.79,SE,SE,0,238138-606388,0,0,8,5,2,0,1,0,0
HZ_13,Grower_360,Grower_22,2021,Tolerant,4.81,E,AF,0,267734-573514,0,0,4,1,1,0,0,1,0
HZ_20,Grower_21,Grower_99,2022,Tolerant,1.2,SE,SE,0,238756-604344,0,0,1,0,0,0,1,3,0
HZ_3,Grower_104,Grower_163,2020,Tolerant,0.83,E,A,0,181069-593051,0,0,6,0,2,0,0,0,0
HZ_3,Grower_42,Grower_49,2022,Tolerant,0.95,PB4,PB4,0,247208-600421,0,0,3,1,1,0,1,5,0
HZ_3,Grower_89,Grower_163,2019,Tolerant,3.4,SE,SE,0,199443-600899,0,0,0,0,0,0,0,0,0
HZ_3,Grower_60,Grower_95,2020,Tolerant,1.45,SE,E,0,173547-516649,0,0,1,0,0,0,0,0,0
HZ_36,Grower_90,Grower_163,2020,Tolerant,3.9,SE,E,0,197777-600994,0,0,0,0,0,0,0,0,0
HZ_24,Grower_251,Grower_40,2021,Tolerant,1.0,SE,E,0,060788-367477,0,0,7,4,4,0,0,1,1
HZ_12,Grower_343,Grower_95,2022,Susceptible,0.83,SE,SE,0,184342-525626,0,0,6,5,6,3,2,6,1
HZ_37,Grower_203,Grower_44,2022,Tolerant,1.62,SE,SE,0,233356-448806,0,0,1,0,0,1,0,1,0
HZ_20,Grower_21,Grower_99,2022,Tolerant,0.4,SE,SE,0,240776-605154,0,0,1,0,0,0,1,3,0
HZ_37,Grower_41,Grower_55,2020,Tolerant,0.35,SE,SE,0,241959-597510,0,0,0,1,0,0,0,0,0
HZ_21,Grower_53,Grower_11,2020,Verysusceptible,3.65,E,-,1,219237-590250,0,0,5,4,3,0,1,0,0
HZ_23,Grower_3,Grower_36,2020,Verysusceptible,0.95,SE,SE,0,248259-595691,0,0,1,0,0,0,0,0,0
HZ_24,Grower_301,Grower_40,2020,Tolerant,1.55,SE,A,0,249338-607038,0,0,4,1,1,0,0,0,0
HZ_5,Grower_236,Grower_86,2022,Susceptible,2.1,E,E,0,136642-521706,0,0,1,0,1,0,0,1,0
HZ_4,Grower_255,Grower_9,2023,Verysusceptible,1.9,SE,E,0,044846-370622,0,0,7,1,2,0,0,6,0
HZ_20,Grower_196,Grower_83,2020,Tolerant,0.83,SE,SE,0,118136-565729,0,0,4,0,1,0,0,0,0
HZ_8,Grower_354,Grower_48,2022,Tolerant,0.73,SE,SE,0,128009-525301,0,0,3,1,0,0,0,4,0
HZ_55,Grower_173,Grower_48,2022,Tolerant,1.75,SE,SE,0,183356-522551,0,0,3,2,1,1,1,7,0
HZ_3,Grower_79,Grower_163,2019,Tolerant,0.9,SE,A,0,201542-595369,0,0,0,0,0,0,0,0,0
HZ_27,Grower_87,Grower_68,2020,Tolerant,2.0,SE,SE,0,204755-592368,0,0,6,2,2,0,0,0,0
HZ_12,Grower_236,Grower_146,2021,Susceptible,2.2,E,E,0,136657-524570,0,0,3,0,1,0,0,2,0
HZ_5,Grower_53,Grower_8,2022,Susceptible,2.8,E,E,0,220018-587452,0,0,0,0,0,0,0,1,0
HZ_61,Grower_266,Grower_44,2022,Susceptible,2.14,SE,SE,0,047364-395751,0,0,1,0,1,0,0,0,0
HZ_3,Grower_234,Grower_127,2019,Tolerant,0.87,E,E,0,118991-523831,0,0,0,0,0,0,0,0,0
HZ_10,Grower_13,Grower_17,2021,Tolerant,1.38,SE,A,0,247212-593634,0,0,0,0,0,0,0,2,0
HZ_24,Grower_330,Grower_40,2020,Tolerant,0.99,SE,SE,0,174670-589943,0,0,4,1,1,0,0,0,0
HZ_12,Grower_209,Grower_125,2020,Susceptible,0.95,E,E,0,132259-543386,0,0,0,0,0,0,0,0,0
HZ_20,Grower_287,Grower_112,2021,Tolerant,1.89,E,E,0,247856-598783,0,0,8,2,3,0,0,3,0
HZ_17,Grower_132,Grower_61,2019,Susceptible,1.77,SE,-,0,160065-569852,0,0,6,4,3,0,0,0,0
HZ_4,Grower_262,Grower_4,2023,Verysusceptible,1.1,SE,E,0,021365-379426,0,0,7,1,2,0,1,5,0
HZ_64,Grower_88,Grower_32,2020,Tolerant,0.79,SE,E,0,212188-592171,0,0,7,1,3,0,0,0,0
HZ_17,Grower_104,Grower_58,2022,Susceptible,1.45,E,E,0,178953-591806,0,0,4,2,2,0,2,3,0
HZ_3,Grower_288,Grower_49,2019,Tolerant,0.56,SE,A,0,253538-602188,0,0,2,2,0,0,0,0,0
HZ_19,Grower_261,Grower_24,2022,Verysusceptible,2.6,SE,SE,0,050594-398523,0,0,5,2,0,0,0,1,1
HZ_17,Grower_83,Grower_99,2022,Susceptible,1.29,SE,A,1,196515-596444,0,0,5,2,4,0,0,4,0
HZ_3,Grower_342,Grower_104,2020,Tolerant,0.46,SE,A,0,187090-517656,0,0,0,0,0,0,0,0,0
HZ_20,Grower_314,Grower_36,2019,Tolerant,2.01,SE,SE,0,253178-598831,0,0,5,2,2,0,1,0,0
HZ_47,Grower_322,Grower_167,2021,Verysusceptible,1.14,SE,SE,0,200901-599386,0,0,7,7,5,0,2,7,0
HZ_4,Grower_161,Grower_89,2019,Verysusceptible,2.65,SE,A,0,183097-506711,0,0,1,1,0,0,0,0,0
HZ_20,Grower_199,Grower_90,2021,Tolerant,1.45,E,E,0,117419-565995,0,0,5,2,2,0,0,1,0
HZ_17,Grower_104,Grower_32,2020,Susceptible,1.1,SE,SE,0,180161-592626,0,0,0,0,0,0,0,0,0
HZ_17,Grower_381,Grower_58,2021,Susceptible,1.2,S,S,0,190146-599835,0,0,8,6,6,0,0,3,0
HZ_17,Grower_368,Grower_68,2020,Susceptible,1.9,E,E,0,161147-579658,0,0,8,7,4,0,0,0,0
HZ_3,Grower_131,Grower_61,2020,Tolerant,0.9,SE,SE,0,172766-591732,0,0,1,0,0,0,0,0,0
HZ_14,Grower_69,Grower_124,2022,Susceptible,1.25,PB4,PB4,0,226124-602493,0,0,0,0,0,0,0,0,0
HZ_4,Grower_274,Grower_122,2019,Verysusceptible,2.94,SE,AF,1,078741-400936,0,0,8,6,6,0,6,0,0
HZ_37,Grower_122,Grower_44,2020,Tolerant,0.95,SE,SE,0,175322-588776,0,0,8,1,3,0,0,0,0
HZ_17,Grower_255,Grower_133,2019,Susceptible,2.5,SE,A,0,043835-368407,0,0,8,7,4,0,4,0,0
HZ_20,Grower_218,Grower_122,2019,Tolerant,1.55,SE,SE,0,117379-538274,0,0,8,3,4,0,1,0,0
HZ_5,Grower_41,Grower_8,2021,Susceptible,1.05,SE,AF,1,242312-597245,0,0,0,0,0,0,0,2,0
HZ_20,Grower_453,Grower_98,2019,Tolerant,2.2,E,A,0,140371-523940,0,0,8,8,5,0,3,0,0
HZ_5,Grower_89,Grower_47,2022,Susceptible,2.31,SE,SE,0,194265-599743,0,0,1,1,1,0,0,0,0
HZ_27,Grower_137,Grower_68,2020,Tolerant,0.6,SE,SE,0,165514-581185,0,0,4,0,1,0,0,0,0
HZ_7,Grower_97,Grower_205,2019,Tolerant,0.42,PB4,-,0,189318-597245,0,0,0,0,0,0,0,0,0
HZ_3,Grower_64,Grower_49,2019,Tolerant,0.87,E,A,0,225485-598744,0,0,2,2,0,0,0,0,0
HZ_47,Grower_252,Grower_42,2021,Verysusceptible,1.0,SE,E,1,052554-374045,0,0,1,0,0,0,0,0,0
HZ_4,Grower_250,Grower_64,2019,Verysusceptible,2.75,SE,A,1,021077-371600,0,0,7,4,4,1,1,0,0
HZ_55,Grower_177,Grower_48,2020,Tolerant,0.37,SE,E,0,182786-522676,0,0,0,0,0,0,0,0,0
HZ_35,Grower_228,Grower_51,2022,Tolerant,3.0,E,E,0,129523-540194,0,0,8,2,3,1,8,8,0
HZ_8,Grower_314,Grower_39,2019,Tolerant,1.01,SE,SE,0,252889-599679,0,0,0,0,0,0,0,0,0
HZ_2,Grower_255,Grower_107,2019,Tolerant,3.25,SE,A,0,051333-368187,0,0,0,0,0,0,0,0,0
HZ_42,Grower_281,Grower_63,2023,Verysusceptible,1.9,SE,E,0,078273-398880,0,0,0,0,0,0,0,0,0
HZ_42,Grower_113,Grower_66,2021,Verysusceptible,1.08,SE,SE,0,176196-592630,0,0,4,1,1,0,0,4,0
HZ_3,Grower_378,Grower_163,2020,Tolerant,1.11,SE,SE,0,214854-590311,0,0,6,0,2,0,0,0,0
HZ_46,Grower_152,Grower_75,2019,Susceptible,1.95,E,A,0,175078-533402,0,0,7,1,3,0,0,0,0
HZ_17,Grower_93,Grower_58,2019,Susceptible,1.25,E,E,0,188005-595690,0,0,8,8,5,0,0,0,0
HZ_12,Grower_253,Grower_36,2023,Susceptible,1.95,SE,SE,0,058928-411896,0,0,6,2,2,2,1,6,0
HZ_56,Grower_182,Grower_49,2022,Susceptible,2.8,SE,A,0,189810-530400,0,0,2,1,0,0,0,3,0
HZ_4,Grower_63,Grower_2,2020,Verysusceptible,2.8,E,A,1,228534-598636,0,0,6,4,3,0,2,0,0
HZ_39,Grower_118,Grower_40,2021,Tolerant,0.96,SE,SE,0,170628-591000,0,0,8,4,6,0,0,5,0
HZ_3,Grower_316,Grower_2,2019,Tolerant,2.58,SE,SE,0,225419-603020,0,0,1,1,0,0,0,0,0
HZ_4,Grower_182,Grower_95,2019,Verysusceptible,0.9,SE,SE,0,185256-530937,0,0,4,3,2,0,0,0,0
HZ_8,Grower_277,Grower_58,2020,Tolerant,2.7,SE,SE,0,085064-396787,0,0,2,1,1,0,1,0,0
HZ_20,Grower_453,Grower_28,2019,Tolerant,2.6,SE,SE,0,145536-526538,0,0,8,7,4,0,0,0,0
HZ_3,Grower_171,Grower_48,2019,Tolerant,0.6,SE,A,0,186000-528472,0,0,8,0,3,0,0,0,0
HZ_3,Grower_390,Grower_71,2019,Tolerant,1.68,SE,AF,0,165699-502853,0,0,1,1,0,0,0,0,0
HZ_12,Grower_218,Grower_210,2019,Susceptible,3.25,SE,E,0,117379-538274,0,0,1,1,0,0,0,0,0
HZ_5,Grower_4,Grower_47,2020,Susceptible,3.06,E,E,0,253538-602744,0,0,0,0,0,0,0,0,0
HZ_17,Grower_79,Grower_47,2021,Susceptible,1.1,SE,SE,0,203379-593511,0,0,5,0,2,0,1,4,0
HZ_19,Grower_23,Grower_24,2019,Verysusceptible,0.72,E,E,0,238429-607065,0,0,8,8,5,0,0,0,0
HZ_3,Grower_228,Grower_1,2021,Tolerant,3.5,E,E,0,127676-537881,0,0,5,2,2,0,0,5,1
HZ_17,Grower_152,Grower_46,2020,Susceptible,3.51,E,E,0,173225-535654,0,0,6,5,5,0,0,0,0
HZ_34,Grower_152,Grower_49,2022,Verysusceptible,0.6,SE,A,1,173696-533126,0,0,8,1,0,0,5,6,0
HZ_5,Grower_15,Grower_185,2020,Susceptible,1.26,E,A,0,237800-602350,0,0,0,0,0,0,0,0,0
HZ_3,Grower_89,Grower_53,2022,Tolerant,2.48,SE,SE,0,200065-601820,0,0,6,2,0,0,0,7,0
HZ_11,Grower_8,Grower_12,2019,Tolerant,1.33,E,E,0,249199-595435,0,0,5,0,2,0,0,0,0
HZ_47,Grower_275,Grower_167,2021,Verysusceptible,1.0,SE,A,0,086254-393937,0,0,7,7,5,0,2,7,0
HZ_27,Grower_309,Grower_2,2022,Tolerant,1.96,E,E,0,214282-599318,0,0,2,1,1,0,1,1,1
HZ_20,Grower_453,Grower_28,2019,Tolerant,1.8,SE,A,0,137655-525381,0,0,8,7,4,0,0,0,0
HZ_8,Grower_11,Grower_146,2020,Tolerant,1.07,E,AF,0,251282-601860,0,0,0,0,0,0,0,0,0
HZ_3,Grower_122,Grower_40,2022,Tolerant,1.58,SE,-,0,175704-589858,0,0,4,1,2,0,0,3,0
HZ_3,Grower_100,Grower_58,2020,Tolerant,0.9,SE,SE,0,179131-587068,0,0,0,0,0,0,0,0,0
HZ_19,Grower_23,Grower_24,2020,Verysusceptible,0.76,SE,SE,0,238574-607233,0,0,4,1,1,0,0,0,0
HZ_8,Grower_193,Grower_146,2019,Tolerant,1.83,E,A,0,173780-522423,0,0,0,0,0,0,0,0,0
HZ_20,Grower_379,Grower_163,2020,Tolerant,1.11,PB3,SE,0,204907-598499,0,0,0,0,0,0,0,0,0
HZ_20,Grower_230,Grower_99,2022,Tolerant,1.8,SE,SE,0,123347-534881,0,0,1,0,0,0,1,3,0
HZ_70,Grower_275,Grower_32,2020,Tolerant,2.6,SE,E,0,102342-411251,0,0,2,2,0,0,0,0,0
HZ_3,Grower_390,Grower_86,2020,Tolerant,0.41,E,E,0,166085-502869,0,0,0,0,0,0,0,0,0
HZ_17,Grower_105,Grower_32,2021,Susceptible,1.3,PB4,PB4,0,120650-572531,0,0,8,2,3,0,1,0,1
HZ_3,Grower_383,Grower_75,2020,Tolerant,1.1,SE,E,0,164844-582270,0,0,1,0,0,0,0,0,0
HZ_4,Grower_247,Grower_49,2019,Verysusceptible,0.9,SE,SE,0,035127-369734,0,0,7,3,5,0,2,0,0
HZ_20,Grower_90,Grower_163,2020,Tolerant,1.4,SE,E,0,198445-601339,0,0,6,0,2,0,0,0,0
HZ_5,Grower_154,Grower_146,2019,Susceptible,1.74,E,A,0,171877-533433,0,0,3,2,1,0,0,0,0
HZ_20,Grower_447,Grower_225,2019,Tolerant,0.5,E,E,0,175365-526074,0,0,0,0,0,0,0,0,0
HZ_20,Grower_337,Grower_82,2021,Tolerant,1.0,SE,SE,0,177626-533558,0,0,1,0,0,0,0,0,0
HZ_20,Grower_276,Grower_11,2022,Tolerant,0.5,SE,SE,0,100341-403757,0,0,6,3,4,0,0,3,0
HZ_15,Grower_8,Grower_19,2019,Verysusceptible,1.75,SE,SE,0,247483-595240,0,0,8,8,5,0,0,0,0
HZ_52,Grower_319,Grower_113,2021,Tolerant,2.46,SE,E,1,211409-589953,0,0,0,0,0,0,0,1,1
HZ_20,Grower_213,Grower_1,2020,Tolerant,1.5,SE,-,0,134445-542787,0,0,4,1,1,0,0,0,0
HZ_7,Grower_378,Grower_205,2019,Tolerant,0.94,SE,-,0,215915-593107,0,0,0,0,0,0,0,0,0
HZ_3,Grower_354,Grower_65,2019,Tolerant,1.73,E,A,0,132695-536230,0,0,1,0,0,0,0,0,0
HZ_12,Grower_186,Grower_210,2019,Susceptible,1.7,SE,SE,0,175571-517334,0,0,1,1,0,0,0,0,0
HZ_20,Grower_354,Grower_36,2020,Tolerant,2.04,SE,-,0,135529-527162,0,0,8,1,3,0,1,0,0
HZ_26,Grower_114,Grower_113,2020,Tolerant,2.2,E,E,0,176061-590948,0,0,1,0,0,0,0,0,0
HZ_17,Grower_218,Grower_42,2022,Susceptible,0.57,SE,SE,0,117618-538893,0,0,2,1,1,1,1,2,0
HZ_2,Grower_114,Grower_22,2019,Tolerant,0.2,SE,SE,0,175520-591092,0,0,8,4,6,0,0,0,0
HZ_3,Grower_114,Grower_32,2021,Tolerant,1.5,E,E,0,175808-591058,0,0,4,0,1,0,0,4,0
HZ_17,Grower_151,Grower_46,2020,Susceptible,3.62,SE,SE,0,177676-537774,0,0,4,4,2,0,0,0,0
HZ_43,Grower_80,Grower_65,2023,Tolerant,2.02,SE,SE,0,200744-600531,0,0,4,1,2,1,0,0,0
HZ_3,Grower_330,Grower_52,2021,Tolerant,0.86,SE,SE,0,174392-591081,0,0,0,0,0,0,0,0,0
HZ_27,Grower_105,Grower_2,2022,Tolerant,1.9,SE,E,0,121940-572003,0,0,4,1,2,0,1,1,1
HZ_23,Grower_314,Grower_32,2020,Verysusceptible,1.43,E,E,0,252640-599532,0,0,8,8,5,0,0,0,0
HZ_3,Grower_70,Grower_17,2019,Tolerant,0.95,SE,SE,0,226936-598144,0,0,3,3,0,0,0,0,0
HZ_20,Grower_155,Grower_82,2021,Tolerant,1.15,E,A,0,172906-524389,0,0,1,0,0,1,0,0,0
HZ_15,Grower_275,Grower_19,2019,Verysusceptible,4.4,SE,A,1,079036-402858,0,0,8,8,5,0,0,0,0
HZ_40,Grower_44,Grower_11,2023,Tolerant,2.23,SE,SE,0,231046-600660,0,0,8,2,3,0,0,8,0
HZ_13,Grower_9,Grower_59,2020,Tolerant,2.22,E,E,0,263289-584132,0,0,2,0,1,0,0,0,0
HZ_2,Grower_310,Grower_2,2019,Tolerant,0.46,SE,SE,0,218233-594601,0,0,2,1,1,0,1,0,0
HZ_20,Grower_154,Grower_82,2020,Tolerant,1.08,E,E,0,170873-531786,0,0,1,0,0,1,0,0,0
HZ_1,Grower_275,Grower_82,2020,Tolerant,3.1,SE,SE,0,087117-399538,0,0,1,0,0,0,0,0,0
HZ_3,Grower_108,Grower_1,2020,Tolerant,0.4,E,A,0,180838-584786,0,0,1,0,0,0,0,0,0
HZ_39,Grower_77,Grower_36,2020,Tolerant,1.21,E,AF,0,206101-600234,0,0,8,0,3,0,1,0,0
HZ_55,Grower_293,Grower_64,2020,Tolerant,0.3,E,E,0,234412-604421,0,0,0,0,0,0,0,0,0
HZ_9,Grower_53,Grower_2,2023,Verysusceptible,0.75,SE,SE,0,219421-587763,0,0,0,0,0,0,0,0,0
HZ_17,Grower_228,Grower_42,2019,Susceptible,1.0,SE,A,1,126664-548398,0,0,8,1,3,0,0,0,0
HZ_23,Grower_202,Grower_32,2020,Verysusceptible,0.95,E,E,0,120977-571439,0,0,8,8,5,0,0,0,0
HZ_35,Grower_161,Grower_201,2019,Tolerant,1.4,SE,AF,0,175285-507941,0,0,8,8,5,0,4,0,0
HZ_35,Grower_279,Grower_51,2020,Tolerant,3.05,SE,A,0,084480-397621,0,0,6,3,4,0,2,0,0
HZ_53,Grower_143,Grower_36,2021,Tolerant,4.77,SE,A,0,177794-528151,0,0,7,3,5,0,0,3,0
HZ_3,Grower_63,Grower_33,2019,Tolerant,1.02,SE,SE,0,229313-598268,0,0,7,1,3,0,1,0,0
HZ_3,Grower_19,Grower_20,2019,Tolerant,1.73,SE,E,0,242285-602542,0,0,6,2,2,0,1,0,0
HZ_3,Grower_151,Grower_88,2022,Tolerant,2.37,SE,SE,0,161093-542763,0,0,1,2,0,0,0,3,0
HZ_8,Grower_27,Grower_58,2020,Tolerant,1.55,SE,SE,0,242403-605286,0,0,2,1,1,0,0,0,0
HZ_17,Grower_220,Grower_93,2019,Susceptible,0.5,SE,SE,0,129336-543658,0,0,0,0,0,0,0,0,0
HZ_20,Grower_217,Grower_1,2021,Tolerant,1.24,E,E,0,118835-540733,0,0,0,0,0,0,0,0,0
HZ_24,Grower_46,Grower_48,2022,Tolerant,2.01,E,A,1,218537-590559,0,0,4,7,2,2,5,7,2
HZ_3,Grower_65,Grower_1,2023,Tolerant,1.25,SE,SE,0,227093-604100,0,0,1,0,0,0,0,0,0
HZ_12,Grower_224,Grower_36,2023,Susceptible,0.23,E,E,0,128020-535505,0,0,8,3,0,2,0,7,0
HZ_23,Grower_174,Grower_30,2022,Verysusceptible,1.39,SE,E,0,050763-369538,0,0,7,2,6,0,0,3,0
HZ_17,Grower_108,Grower_42,2021,Susceptible,1.2,S,SE,0,180905-585233,0,0,0,0,0,0,0,0,0
HZ_20,Grower_161,Grower_222,2019,Tolerant,1.1,SE,A,0,176783-498786,0,0,5,2,2,0,0,0,0
HZ_34,Grower_97,Grower_68,2022,Verysusceptible,0.9,PB3,-,0,201815-600658,0,0,3,1,0,0,2,2,0
HZ_4,Grower_163,Grower_1,2021,Verysusceptible,1.51,SE,E,0,159187-490917,0,0,5,1,2,0,0,7,0
HZ_3,Grower_305,Grower_20,2020,Tolerant,0.83,SE,SE,0,248015-603642,0,0,2,0,1,0,0,0,0
HZ_34,Grower_95,Grower_48,2023,Verysusceptible,0.8,PB4,SE,0,183796-593236,0,0,6,2,2,1,1,2,0
HZ_11,Grower_50,Grower_12,2021,Tolerant,1.64,PB4,-,0,213407-592994,0,0,0,0,0,0,0,0,0
HZ_3,Grower_103,Grower_33,2022,Tolerant,1.83,E,E,0,183983-596336,0,0,3,0,0,0,1,3,0
HZ_17,Grower_134,Grower_83,2021,Susceptible,3.13,E,E,0,171064-580813,0,0,6,2,2,0,0,7,0
HZ_24,Grower_197,Grower_40,2021,Tolerant,0.9,SE,SE,0,116649-561039,0,0,7,4,4,0,0,1,1
HZ_4,Grower_259,Grower_11,2019,Verysusceptible,1.36,E,A,1,049121-365848,0,0,5,3,3,0,4,0,0
HZ_17,Grower_322,Grower_23,2020,Susceptible,0.62,SE,SE,0,202198-601206,0,0,6,4,3,0,1,0,0
HZ_3,Grower_130,Grower_61,2022,Tolerant,1.3,SE,-,0,165574-582602,0,0,5,0,3,0,0,5,0
HZ_5,Grower_216,Grower_8,2019,Susceptible,0.95,SE,-,0,119058-536270,0,0,2,2,0,0,0,0,0
HZ_13,Grower_32,Grower_115,2022,Tolerant,0.47,SE,-,0,244212-601843,0,0,6,0,2,0,0,3,0
HZ_52,Grower_63,Grower_1,2021,Tolerant,0.83,SE,E,0,228974-598427,0,0,8,1,3,0,2,7,0
HZ_17,Grower_211,Grower_40,2019,Susceptible,1.83,E,E,0,131283-537632,0,0,8,8,5,0,4,0,0
HZ_35,Grower_143,Grower_40,2019,Tolerant,1.16,SE,SE,0,177504-528489,0,0,8,8,5,0,3,0,0
HZ_56,Grower_182,Grower_93,2021,Susceptible,1.2,SE,A,0,185526-530738,0,0,0,0,0,0,0,0,0
HZ_14,Grower_209,Grower_7,2023,Susceptible,2.0,E,E,0,132486-534789,0,0,7,0,1,1,0,0,0
HZ_24,Grower_251,Grower_48,2022,Tolerant,0.97,SE,A,0,062848-365564,0,0,4,7,2,2,5,7,2
HZ_7,Grower_3,Grower_59,2020,Tolerant,0.99,SE,SE,0,249139-595007,0,0,3,2,1,0,0,0,0
HZ_43,Grower_83,Grower_65,2019,Tolerant,0.32,SE,A,0,196319-598193,0,0,1,1,0,0,0,0,0
HZ_17,Grower_332,Grower_83,2021,Susceptible,3.1,E,E,0,168103-586777,0,0,6,2,2,0,0,7,0
HZ_16,Grower_205,Grower_1,2019,Susceptible,0.05,E,A,0,119302-564993,0,0,4,3,2,0,2,0,0
HZ_22,Grower_101,Grower_38,2023,Tolerant,0.85,PB4,E,0,186936-596708,0,0,1,0,1,0,0,5,0
HZ_19,Grower_261,Grower_24,2021,Verysusceptible,2.7,SE,SE,0,049682-397920,0,0,2,0,1,0,0,1,1
HZ_3,Grower_209,Grower_223,2019,Tolerant,1.12,E,A,0,130524-533141,0,0,0,0,0,0,0,0,0
HZ_2,Grower_114,Grower_82,2020,Tolerant,0.85,SE,SE,0,169129-589875,0,0,0,0,0,0,0,0,0
HZ_20,Grower_155,Grower_71,2019,Tolerant,1.87,E,E,0,171961-523973,0,0,4,3,2,0,0,0,0
HZ_3,Grower_31,Grower_3,2020,Tolerant,3.2,E,E,0,245423-606898,0,0,6,2,2,0,0,0,0
HZ_20,Grower_226,Grower_29,2022,Tolerant,2.5,SE,SE,0,125419-538342,0,0,1,0,0,0,0,0,0
HZ_20,Grower_44,Grower_50,2023,Tolerant,2.21,SE,SE,0,230792-602102,0,0,8,0,7,0,0,0,0
HZ_7,Grower_125,Grower_12,2022,Tolerant,1.1,SE,-,0,160135-579180,0,0,1,0,0,0,1,2,0
HZ_30,Grower_105,Grower_1,2023,Verysusceptible,1.75,SE,SE,0,122086-571714,0,0,0,0,0,0,0,0,0
HZ_48,Grower_255,Grower_61,2021,Verysusceptible,2.1,SE,SE,0,043964-371235,0,0,6,2,2,0,0,0,0
HZ_5,Grower_277,Grower_47,2019,Susceptible,4.45,SE,A,0,075347-392565,0,0,1,1,0,0,0,0,0
HZ_17,Grower_134,Grower_166,2019,Susceptible,0.72,E,E,0,171489-581180,0,0,8,8,5,0,6,0,0
HZ_21,Grower_152,Grower_89,2020,Verysusceptible,0.98,SE,SE,0,173473-532262,0,0,0,0,0,0,0,0,0
HZ_20,Grower_222,Grower_234,2019,Tolerant,0.9,E,A,0,130842-534970,0,0,0,0,0,0,0,0,0
HZ_39,Grower_114,Grower_42,2022,Tolerant,1.0,SE,SE,0,175491-591054,0,0,0,0,0,0,0,0,0
HZ_24,Grower_301,Grower_40,2020,Tolerant,0.11,SE,A,0,248164-606395,0,0,4,1,1,0,0,0,0
HZ_39,Grower_336,Grower_90,2022,Tolerant,0.46,SE,E,0,176575-528005,0,0,1,0,1,1,0,2,0
HZ_20,Grower_150,Grower_222,2019,Tolerant,1.65,S,S,0,176714-532344,0,0,5,2,2,0,0,0,0
HZ_20,Grower_66,Grower_2,2021,Tolerant,0.9,SE,SE,0,228270-599567,0,0,7,2,4,0,0,1,0
HZ_17,Grower_129,Grower_42,2019,Susceptible,0.7,SE,E,1,159342-579676,0,0,8,1,3,0,0,0,0
HZ_20,Grower_344,Grower_82,2021,Tolerant,1.9,SE,SE,0,184847-523159,0,0,0,0,0,0,0,0,0
HZ_28,Grower_105,Grower_37,2023,Tolerant,1.25,PB4,PB4,0,119526-567929,0,0,2,0,0,0,0,1,0
HZ_4,Grower_250,Grower_1,2022,Verysusceptible,0.8,SE,SE,0,017936-369941,0,0,1,0,0,0,1,4,0
HZ_48,Grower_51,Grower_99,2019,Verysusceptible,0.35,SE,AF,0,213660-586040,0,0,8,8,5,0,8,0,0
HZ_43,Grower_136,Grower_61,2020,Tolerant,0.9,SE,SE,0,167285-582087,0,0,5,1,2,1,0,0,0
HZ_54,Grower_157,Grower_1,2020,Verysusceptible,1.1,SE,SE,0,170709-528681,0,0,8,5,2,0,0,0,0
HZ_16,Grower_317,Grower_1,2021,Susceptible,1.09,E,AF,1,234247-601296,0,0,8,6,6,0,0,3,1
HZ_5,Grower_131,Grower_92,2021,Susceptible,0.7,E,E,0,172530-581458,0,0,0,0,0,0,0,0,0
HZ_2,Grower_255,Grower_2,2020,Tolerant,3.7,SE,SE,0,042676-370528,0,0,0,0,0,0,0,0,0
HZ_5,Grower_131,Grower_92,2021,Susceptible,1.2,E,E,0,172002-581585,0,0,0,0,0,0,0,0,0
HZ_5,Grower_153,Grower_86,2021,Susceptible,1.7,SE,SE,0,172678-536007,0,0,0,0,0,0,0,0,0
HZ_20,Grower_153,Grower_82,2022,Tolerant,0.7,SE,SE,0,175236-535192,0,0,2,1,1,1,0,1,1
HZ_43,Grower_62,Grower_18,2020,Tolerant,2.9,E,A,0,216959-580892,0,0,1,0,0,0,0,0,0
HZ_37,Grower_325,Grower_44,2021,Tolerant,0.51,SE,SE,0,187319-594756,0,0,8,8,5,0,0,0,0
HZ_17,Grower_230,Grower_42,2023,Susceptible,0.7,SE,SE,0,123188-535343,0,0,0,0,0,0,0,0,0
HZ_3,Grower_98,Grower_76,2021,Tolerant,0.44,SE,SE,0,182160-594150,0,0,2,1,1,0,0,0,1
HZ_2,Grower_348,Grower_6,2021,Tolerant,0.6,SE,SE,0,205022-593298,0,0,3,1,1,0,0,1,0
HZ_5,Grower_4,Grower_8,2023,Susceptible,1.95,SE,A,0,253443-600295,0,0,1,0,0,0,0,0,0
HZ_52,Grower_129,Grower_61,2019,Tolerant,1.15,SE,SE,0,157602-553067,0,0,3,0,1,0,0,0,0
HZ_20,Grower_330,Grower_116,2022,Tolerant,0.94,SE,SE,0,174491-589845,0,0,6,2,1,1,2,3,1
HZ_24,Grower_330,Grower_40,2020,Tolerant,3.14,E,E,0,174670-589943,0,0,4,1,1,0,0,0,0
HZ_3,Grower_354,Grower_74,2019,Tolerant,0.95,SE,A,0,132695-536230,0,0,0,0,0,0,0,0,0
HZ_39,Grower_134,Grower_42,2022,Tolerant,1.45,SE,E,0,173750-582667,0,0,2,0,0,2,2,2,0
HZ_7,Grower_119,Grower_178,2019,Tolerant,1.5,E,A,0,176639-581615,0,0,6,1,2,0,0,0,0
HZ_3,Grower_303,Grower_113,2019,Tolerant,1.56,SE,SE,0,248136-600099,0,0,0,0,0,0,0,0,0
HZ_35,Grower_249,Grower_48,2023,Tolerant,1.5,S,AF,0,057844-363469,0,0,6,2,3,2,6,6,0
HZ_4,Grower_403,Grower_1,2019,Verysusceptible,1.7,SE,A,0,094996-404804,0,0,6,2,2,1,4,0,0
HZ_17,Grower_97,Grower_77,2023,Susceptible,0.77,PB4,PB4,0,190426-597177,0,0,0,0,0,0,0,0,0
HZ_24,Grower_251,Grower_48,2020,Tolerant,3.9,SE,SE,0,060530-368521,0,0,2,0,1,0,0,0,0
HZ_56,Grower_181,Grower_93,2021,Susceptible,1.2,SE,SE,0,182634-526618,0,0,0,0,0,0,0,0,0
HZ_12,Grower_218,Grower_146,2021,Susceptible,0.4,E,E,0,117361-538755,0,0,3,0,1,0,0,2,0
HZ_3,Grower_406,Grower_18,2019,Tolerant,0.56,E,-,0,275103-583863,0,0,1,1,0,0,0,0,0
HZ_24,Grower_25,Grower_24,2023,Tolerant,0.67,PB4,PB4,0,239521-607160,0,0,0,0,0,0,0,0,0
HZ_20,Grower_95,Grower_68,2023,Tolerant,0.9,PB4,E,0,184413-594030,0,0,8,6,8,8,0,0,0
HZ_4,Grower_279,Grower_1,2023,Verysusceptible,2.85,SE,E,0,088869-408235,0,0,0,0,0,0,0,0,0
HZ_51,Grower_290,Grower_5,2021,Susceptible,1.07,SE,E,0,244171-599052,0,0,1,0,0,1,0,0,0
HZ_38,Grower_66,Grower_40,2021,Tolerant,0.75,SE,SE,0,232297-599793,0,0,2,0,1,0,0,1,1
HZ_4,Grower_238,Grower_90,2023,Verysusceptible,2.45,SE,E,1,059977-363980,0,0,2,0,1,0,0,1,0
HZ_20,Grower_68,Grower_98,2019,Tolerant,2.67,E,E,0,120301-576033,0,0,8,7,4,0,4,0,0
HZ_17,Grower_60,Grower_93,2022,Susceptible,1.41,SE,E,1,173844-517084,0,0,8,2,0,0,0,0,0
HZ_35,Grower_354,Grower_51,2022,Tolerant,2.63,E,E,0,132933-536184,0,0,7,2,3,1,7,7,0
HZ_17,Grower_89,Grower_99,2020,Susceptible,3.7,SE,SE,0,174849-587506,0,0,0,0,0,0,0,0,0
HZ_9,Grower_244,Grower_67,2022,Verysusceptible,0.35,SE,SE,0,049539-370110,0,0,6,7,1,0,0,4,0
HZ_63,Grower_174,Grower_24,2019,Tolerant,2.2,SE,SE,0,041912-371724,0,0,1,0,0,0,0,0,0
HZ_16,Grower_317,Grower_66,2021,Susceptible,1.0,SE,SE,0,234247-601296,0,0,8,3,4,1,2,2,0
HZ_17,Grower_213,Grower_40,2019,Susceptible,0.8,E,AF,1,134992-542733,0,0,8,8,5,0,4,0,0
HZ_12,Grower_65,Grower_136,2020,Susceptible,1.13,SE,A,0,226292-602380,0,0,7,7,5,0,7,0,0
HZ_17,Grower_106,Grower_23,2020,Susceptible,1.86,E,A,1,128931-533140,0,0,6,4,3,0,1,0,0
HZ_3,Grower_153,Grower_89,2023,Tolerant,1.85,SE,SE,0,178475-533959,0,0,0,0,0,0,0,0,0
HZ_4,Grower_276,Grower_2,2022,Verysusceptible,0.35,SE,A,0,095369-402409,0,0,6,1,2,4,4,8,0
HZ_5,Grower_248,Grower_90,2021,Susceptible,2.58,SE,A,1,059612-369635,0,0,2,3,0,0,0,2,0
HZ_3,Grower_175,Grower_223,2019,Tolerant,0.35,SE,SE,0,180290-521476,0,0,2,0,1,0,0,0,0
HZ_17,Grower_121,Grower_23,2021,Susceptible,0.65,E,E,0,178972-583447,0,0,8,1,3,0,0,1,1
HZ_3,Grower_15,Grower_30,2023,Tolerant,1.35,SE,E,0,239006-603099,0,0,1,0,1,0,0,0,0
HZ_6,Grower_8,Grower_113,2022,Tolerant,3.45,E,E,0,246628-595386,0,0,3,1,0,1,0,6,0
HZ_20,Grower_19,Grower_36,2020,Tolerant,2.9,E,E,0,242632-603017,0,0,8,1,3,0,1,0,0
HZ_4,Grower_77,Grower_33,2021,Verysusceptible,0.21,E,A,1,205124-599606,0,0,6,0,2,0,1,1,0
HZ_19,Grower_14,Grower_29,2023,Verysusceptible,1.25,SE,SE,0,257838-575600,0,0,0,0,0,0,0,0,0
HZ_17,Grower_196,Grower_32,2019,Susceptible,1.36,SE,E,1,119124-567995,0,0,7,6,4,0,0,0,0
HZ_3,Grower_189,Grower_65,2021,Tolerant,0.41,SE,SE,0,174412-519539,0,0,0,0,0,0,0,0,0
HZ_18,Grower_336,Grower_71,2019,Tolerant,0.67,SE,SE,0,176583-528113,0,0,1,1,0,0,0,0,0
HZ_61,Grower_374,Grower_44,2020,Susceptible,2.4,SE,E,1,103943-470995,0,0,6,0,2,0,0,0,0
HZ_16,Grower_205,Grower_1,2019,Susceptible,0.3,E,A,0,113428-563391,0,0,4,3,2,0,2,0,0
HZ_72,Grower_160,Grower_6,2021,Tolerant,0.85,E,E,0,181186-500635,0,0,4,5,2,0,0,1,0
HZ_11,Grower_263,Grower_60,2023,Tolerant,1.08,SE,SE,0,035275-371026,0,0,0,0,0,0,0,0,0
HZ_22,Grower_341,Grower_82,2019,Tolerant,1.19,SE,SE,0,169414-508490,0,0,0,0,0,0,0,0,0
HZ_20,Grower_332,Grower_28,2021,Tolerant,1.9,PB4,-,0,178275-592438,0,0,4,0,1,0,0,2,0
HZ_3,Grower_151,Grower_86,2021,Tolerant,4.0,SE,SE,0,170111-530312,0,0,0,0,0,0,0,0,0
HZ_17,Grower_196,Grower_42,2019,Susceptible,2.03,SE,A,0,119124-567995,0,0,8,1,3,0,0,0,0
HZ_5,Grower_270,Grower_86,2020,Susceptible,2.67,SE,SE,0,084569-400633,0,0,0,0,0,0,0,0,0
HZ_20,Grower_228,Grower_32,2020,Tolerant,4.0,E,A,1,127567-537770,0,0,8,8,5,0,4,0,0
HZ_12,Grower_236,Grower_61,2022,Susceptible,3.2,E,E,0,136072-520172,0,0,8,0,0,2,8,8,1
HZ_2,Grower_216,Grower_165,2021,Tolerant,1.15,SE,SE,0,116899-539812,0,0,5,2,2,0,0,2,0
HZ_39,Grower_124,Grower_133,2019,Tolerant,0.95,SE,SE,0,159288-567766,0,0,1,0,0,0,3,0,0
HZ_12,Grower_211,Grower_95,2019,Susceptible,3.3,E,E,0,130711-537615,0,0,4,1,1,0,0,0,0
HZ_2,Grower_93,Grower_165,2021,Tolerant,0.56,SE,SE,0,182913-594946,0,0,5,2,2,0,0,2,0
HZ_56,Grower_265,Grower_93,2022,Susceptible,0.95,SE,SE,0,183783-531727,0,0,5,0,1,0,0,0,0
HZ_15,Grower_243,Grower_19,2019,Verysusceptible,2.82,SE,SE,0,044301-386932,0,0,8,8,5,0,0,0,0
HZ_49,Grower_161,Grower_63,2022,Susceptible,2.48,SE,SE,0,159394-490479,0,0,4,1,0,0,0,7,1
HZ_5,Grower_15,Grower_20,2020,Susceptible,2.65,E,E,0,239100-605500,0,0,2,0,1,0,0,0,0
HZ_12,Grower_64,Grower_126,2021,Susceptible,0.5,SE,A,0,227001-598964,0,0,7,8,5,3,5,7,2
HZ_19,Grower_285,Grower_24,2021,Verysusceptible,0.5,SE,SE,0,250420-599879,0,0,2,0,1,0,0,1,1
HZ_14,Grower_363,Grower_7,2021,Susceptible,1.19,E,E,0,246026-601300,0,0,8,0,3,0,0,1,0
HZ_39,Grower_127,Grower_29,2023,Tolerant,0.49,PB4,PB4,0,166478-581268,0,0,0,0,0,0,0,0,0
HZ_17,Grower_104,Grower_32,2021,Susceptible,1.32,SE,SE,0,180502-591502,0,0,8,6,6,0,5,7,0
HZ_43,Grower_105,Grower_68,2020,Tolerant,1.3,E,A,0,114549-568637,0,0,8,7,4,0,2,0,0
HZ_20,Grower_114,Grower_40,2019,Tolerant,0.6,SE,SE,0,175520-591092,0,0,8,8,5,0,1,0,0
HZ_22,Grower_104,Grower_82,2020,Tolerant,0.95,SE,SE,0,181271-592446,0,0,2,0,1,0,0,0,0
HZ_49,Grower_161,Grower_131,2022,Susceptible,3.4,E,E,0,159394-490479,0,0,0,0,0,0,0,0,0
HZ_16,Grower_282,Grower_1,2020,Susceptible,4.76,SE,SE,0,232528-436027,0,0,5,3,3,0,0,0,0
HZ_43,Grower_195,Grower_128,2020,Tolerant,0.95,SE,E,1,118801-570548,0,0,0,0,0,0,0,0,0
HZ_17,Grower_98,Grower_58,2023,Susceptible,0.2,SE,E,0,182216-594415,0,0,3,0,3,2,0,0,0
HZ_32,Grower_342,Grower_44,2019,Susceptible,1.89,SE,SE,0,187300-520961,0,0,6,4,3,0,0,0,0
HZ_4,Grower_277,Grower_90,2023,Verysusceptible,2.0,SE,AF,0,076181-396206,0,0,2,0,1,0,0,1,0
HZ_4,Grower_259,Grower_11,2019,Verysusceptible,4.64,E,A,1,049203-365679,0,0,5,3,3,0,4,0,0
HZ_35,Grower_281,Grower_201,2019,Tolerant,2.5,SE,AF,0,076728-399583,0,0,8,8,5,0,4,0,0
HZ_24,Grower_176,Grower_24,2021,Tolerant,1.28,SE,SE,0,182390-531248,0,0,1,0,0,0,0,1,0
HZ_70,Grower_19,Grower_2,2019,Tolerant,1.79,SE,AF,0,242909-602770,0,0,1,1,0,0,0,0,0
HZ_3,Grower_42,Grower_39,2020,Tolerant,0.36,SE,SE,0,247117-600643,0,0,0,0,0,0,0,0,0
HZ_3,Grower_62,Grower_1,2023,Tolerant,0.63,SE,E,0,226370-598603,0,0,1,0,0,0,0,0,0
HZ_5,Grower_172,Grower_92,2023,Susceptible,3.3,SE,E,0,186389-530202,0,0,2,0,1,1,0,1,0
HZ_20,Grower_114,Grower_40,2019,Tolerant,0.55,SE,A,0,175520-591092,0,0,8,8,5,0,1,0,0
HZ_2,Grower_277,Grower_2,2019,Tolerant,4.25,SE,A,0,075327-394316,0,0,0,0,0,0,0,0,0
HZ_4,Grower_108,Grower_17,2020,Verysusceptible,1.11,E,E,0,180838-584786,0,0,6,0,2,0,0,0,0
HZ_23,Grower_57,Grower_45,2023,Verysusceptible,0.5,SE,-,0,226544-592912,0,0,8,0,6,0,0,3,0
HZ_20,Grower_199,Grower_116,2022,Tolerant,0.75,PB4,SE,0,117264-563880,0,0,4,1,0,2,0,1,0
HZ_37,Grower_41,Grower_59,2021,Tolerant,1.25,SE,SE,0,244718-597744,0,0,0,0,0,0,0,0,0
HZ_3,Grower_36,Grower_18,2023,Tolerant,0.95,SE,A,0,245981-608551,0,0,1,0,1,0,0,0,0
HZ_3,Grower_302,Grower_163,2020,Tolerant,0.7,SE,A,0,233564-604251,0,0,6,0,2,0,0,0,0
HZ_61,Grower_247,Grower_58,2022,Susceptible,1.81,SE,SE,0,Baecke oudemansdijk,0,0,4,0,1,0,0,0,0
HZ_11,Grower_8,Grower_9,2020,Tolerant,2.92,E,E,0,247177-595070,0,0,6,2,2,0,1,0,0
HZ_20,Grower_105,Grower_50,2022,Tolerant,2.0,SE,SE,0,119261-565611,0,0,5,3,4,0,0,3,0
HZ_20,Grower_162,Grower_82,2020,Tolerant,1.98,E,A,0,164714-494113,0,0,0,0,0,0,0,0,0
HZ_5,Grower_123,Grower_47,2022,Susceptible,1.1,SE,SE,0,169384-577205,0,0,1,1,1,0,0,0,0
HZ_20,Grower_105,Grower_11,2022,Tolerant,1.7,SE,SE,0,119261-565611,0,0,6,3,4,0,0,3,0
HZ_39,Grower_335,Grower_61,2021,Tolerant,0.37,E,E,0,165267-579869,0,0,3,0,1,0,0,0,0
HZ_38,Grower_195,Grower_12,2020,Tolerant,0.1,E,E,0,115538-567949,0,0,1,0,0,0,0,0,0
HZ_5,Grower_284,Grower_90,2021,Susceptible,2.3,SE,SE,0,085738-401201,0,0,2,3,0,0,0,2,0
HZ_4,Grower_159,Grower_89,2022,Verysusceptible,2.8,SE,E,0,169291-490412,0,0,1,0,0,0,0,4,0
HZ_17,Grower_206,Grower_23,2020,Susceptible,1.1,SE,E,1,113300-565439,0,0,6,4,3,0,1,0,0
HZ_58,Grower_311,Grower_17,2021,Susceptible,0.39,PB4,PB4,0,214329-590644,0,0,6,5,5,0,6,6,0
HZ_24,Grower_190,Grower_48,2020,Tolerant,0.4,SE,-,0,175924-517682,0,0,2,0,1,0,0,0,0
HZ_20,Grower_228,Grower_49,2023,Tolerant,0.75,SE,A,0,124918-544517,0,0,0,0,0,0,0,1,0
HZ_20,Grower_328,Grower_1,2022,Tolerant,0.9,PB4,PB4,0,185739-594158,0,0,0,0,0,0,0,0,0
HZ_20,Grower_161,Grower_2,2022,Tolerant,2.57,SE,A,0,181568-501161,0,0,5,2,1,0,0,4,1
HZ_27,Grower_97,Grower_2,2022,Tolerant,1.85,E,E,0,201815-600658,0,0,1,0,0,0,1,1,1
HZ_16,Grower_59,Grower_49,2020,Susceptible,0.97,SE,A,1,233894-600143,0,0,7,4,4,0,1,0,0
HZ_12,Grower_313,Grower_136,2020,Susceptible,0.19,SE,-,0,231142-604100,0,0,7,7,5,0,7,0,0
HZ_61,Grower_305,Grower_58,2021,Susceptible,1.0,SE,SE,0,247840-603224,0,0,0,0,0,0,0,0,0
HZ_20,Grower_296,Grower_2,2022,Tolerant,2.05,E,E,0,241036-599725,0,0,4,1,1,0,0,3,0
HZ_55,Grower_391,Grower_74,2020,Tolerant,1.6,SE,E,0,185290-522300,0,0,0,0,0,0,0,0,0
HZ_5,Grower_133,Grower_42,2023,Susceptible,1.7,SE,A,0,163027-581369,0,0,0,0,0,0,0,0,0
HZ_66,Grower_56,Grower_2,2022,Verysusceptible,2.9,SE,SE,0,225914-593692,0,0,4,0,0,0,1,5,1
HZ_3,Grower_167,Grower_18,2022,Tolerant,4.9,SE,SE,0,196200-505443,0,0,1,1,1,1,0,3,1
HZ_33,Grower_117,Grower_40,2020,Tolerant,0.95,SE,SE,0,171821-590435,0,0,3,0,1,0,0,0,0
HZ_19,Grower_23,Grower_24,2023,Verysusceptible,0.53,SE,SE,0,238536-607106,0,0,3,3,0,0,0,3,0
HZ_3,Grower_161,Grower_71,2023,Tolerant,0.66,SE,AF,0,167212-508922,0,0,0,0,0,0,0,0,0
HZ_34,Grower_97,Grower_2,2022,Verysusceptible,0.9,E,E,0,201815-600658,0,0,8,2,0,0,3,7,1
HZ_17,Grower_35,Grower_39,2023,Susceptible,1.0,SE,SE,0,245774-606549,0,0,2,0,0,0,0,2,0
HZ_24,Grower_24,Grower_24,2021,Tolerant,2.2,E,E,0,242823-599959,0,0,1,0,0,0,0,1,0
HZ_2,Grower_348,Grower_6,2020,Tolerant,1.4,E,E,0,205006-593746,0,0,0,0,0,0,0,0,0
HZ_17,Grower_105,Grower_83,2023,Susceptible,0.9,PB4,PB4,0,122006-569501,0,0,6,3,3,0,0,0,0
HZ_16,Grower_338,Grower_8,2020,Susceptible,2.07,SE,A,0,182211-550607,0,0,0,0,0,0,0,0,0
HZ_20,Grower_11,Grower_1,2023,Tolerant,0.31,SE,SE,0,250755-601166,0,0,0,0,0,0,0,0,0
HZ_15,Grower_203,Grower_21,2021,Verysusceptible,4.94,SE,E,1,232676-440376,0,0,4,1,1,1,0,2,1
HZ_20,Grower_95,Grower_58,2022,Tolerant,1.09,SE,SE,0,185263-595002,0,0,1,0,0,0,0,0,0
HZ_3,Grower_99,Grower_32,2021,Tolerant,1.2,PB4,PB4,0,193769-598368,0,0,5,0,2,0,0,5,0
HZ_20,Grower_199,Grower_90,2021,Tolerant,1.5,E,E,0,113624-563498,0,0,5,2,2,0,0,1,0
HZ_20,Grower_285,Grower_49,2022,Tolerant,2.0,SE,SE,0,246668-602120,0,0,5,2,3,0,0,4,1
HZ_20,Grower_196,Grower_11,2022,Tolerant,0.8,SE,SE,0,118694-563331,0,0,6,3,4,0,0,3,0
HZ_20,Grower_103,Grower_68,2023,Tolerant,0.46,PB4,SE,0,180707-593511,0,0,3,2,2,4,0,0,0
HZ_70,Grower_206,Grower_32,2020,Tolerant,1.85,SE,SE,0,116083-568422,0,0,8,6,6,0,0,0,0
HZ_17,Grower_82,Grower_163,2020,Susceptible,0.78,PB4,SE,0,205546-598302,0,0,8,0,3,0,0,0,0
HZ_20,Grower_144,Grower_134,2022,Tolerant,1.5,E,E,0,179400-530525,0,0,0,0,0,0,0,0,0
HZ_51,Grower_134,Grower_61,2021,Susceptible,1.13,SE,SE,0,178054-583840,0,0,2,0,1,0,0,0,0
HZ_3,Grower_384,Grower_170,2021,Tolerant,1.39,PB4,A,0,164151-583392,0,0,0,0,0,0,0,0,0
HZ_7,Grower_130,Grower_59,2020,Tolerant,1.26,SE,SE,0,166991-582868,0,0,3,2,1,0,0,0,0
HZ_16,Grower_277,Grower_1,2021,Susceptible,0.95,SE,E,0,076524-396688,0,0,8,6,6,0,0,3,1
HZ_20,Grower_195,Grower_12,2019,Tolerant,1.05,SE,A,0,118619-571183,0,0,8,5,2,0,1,0,0
HZ_13,Grower_14,Grower_17,2021,Tolerant,2.4,E,E,0,258110-576214,0,0,0,0,0,0,0,0,0
HZ_19,Grower_283,Grower_45,2019,Verysusceptible,1.16,SE,A,0,173386-426130,0,0,7,2,4,0,0,0,0
HZ_7,Grower_97,Grower_205,2019,Tolerant,1.1,PB4,A,0,189068-595527,0,0,0,0,0,0,0,0,0
HZ_29,Grower_405,Grower_2,2021,Tolerant,1.45,SE,E,0,095820-404148,0,0,0,0,0,0,0,1,0
HZ_4,Grower_250,Grower_132,2019,Verysusceptible,5.26,SE,E,1,021077-371600,0,0,8,6,6,1,0,0,0
HZ_3,Grower_242,Grower_163,2020,Tolerant,1.9,SE,SE,0,193061-598540,0,0,6,0,2,0,0,0,0
HZ_39,Grower_244,Grower_90,2022,Tolerant,2.0,SE,A,0,048654-369257,0,0,1,0,1,1,0,2,0
HZ_15,Grower_275,Grower_68,2021,Verysusceptible,5.1,SE,AF,1,096317-396222,0,0,7,7,5,1,1,4,0
HZ_12,Grower_130,Grower_15,2020,Susceptible,1.2,SE,SE,0,166714-582808,0,0,0,0,0,0,0,0,0
HZ_14,Grower_283,Grower_29,2023,Susceptible,1.84,SE,SE,0,171020-427411,0,0,0,0,0,0,0,0,0
HZ_65,Grower_117,Grower_153,2021,Tolerant,1.0,SE,SE,0,167754-588336,0,0,8,8,5,0,0,4,0
HZ_3,Grower_19,Grower_110,2021,Tolerant,1.13,SE,SE,0,243705-602241,0,0,5,0,2,0,0,0,0
HZ_20,Grower_294,Grower_2,2021,Tolerant,1.59,SE,SE,0,239276-606992,0,0,7,2,4,0,0,1,0
HZ_3,Grower_12,Grower_12,2019,Tolerant,1.38,E,A,0,253952-599100,0,0,3,1,1,0,0,0,0
HZ_17,Grower_236,Grower_32,2023,Susceptible,3.0,E,E,0,135986-527480,0,0,6,1,6,0,0,0,0
HZ_4,Grower_106,Grower_79,2023,Verysusceptible,3.51,E,A,0,130403-532208,0,0,2,1,1,0,0,0,0
HZ_65,Grower_261,Grower_132,2020,Tolerant,1.6,SE,A,0,057321-412268,0,0,0,0,0,0,0,0,0
HZ_4,Grower_255,Grower_1,2023,Verysusceptible,3.1,SE,SE,0,043565-368871,0,0,0,0,0,0,0,0,0
HZ_27,Grower_27,Grower_2,2021,Tolerant,1.64,SE,E,0,242785-607330,0,0,0,0,0,0,0,0,0
HZ_17,Grower_330,Grower_22,2020,Susceptible,0.91,E,E,0,174835-589103,0,0,7,8,5,2,0,0,0
HZ_4,Grower_265,Grower_228,2019,Verysusceptible,0.17,PB2,-,0,179287-529217,0,0,0,0,0,0,0,0,0
HZ_3,Grower_173,Grower_94,2023,Tolerant,3.3,E,A,0,185087-522299,0,0,0,0,0,0,0,0,0
HZ_3,Grower_359,Grower_44,2021,Tolerant,3.7,SE,SE,0,069542-436426,0,0,3,0,1,0,0,2,0
HZ_46,Grower_161,Grower_33,2021,Susceptible,2.0,SE,AF,0,180107-501885,0,0,4,1,1,0,0,4,0
HZ_3,Grower_172,Grower_94,2021,Tolerant,0.85,SE,SE,0,186718-530649,0,0,0,0,0,0,0,0,0
HZ_39,Grower_287,Grower_92,2022,Tolerant,1.85,SE,SE,0,246442-599889,0,0,8,6,2,0,0,7,1
HZ_13,Grower_289,Grower_22,2022,Tolerant,0.44,SE,SE,0,274141-583086,0,0,3,2,0,0,0,2,0
HZ_66,Grower_282,Grower_2,2022,Verysusceptible,3.25,SE,SE,0,232411-448801,0,0,4,0,0,0,1,5,1
HZ_88,Grower_154,Grower_223,2019,Susceptible,2.38,E,A,0,169554-530339,0,0,0,0,0,0,0,0,0
HZ_16,Grower_74,Grower_1,2022,Susceptible,1.16,SE,SE,0,227890-595755,0,0,1,0,1,0,1,1,0
HZ_15,Grower_275,Grower_68,2020,Verysusceptible,2.0,SE,A,1,095974-405615,0,0,4,3,2,0,1,0,0
HZ_20,Grower_375,Grower_8,2019,Tolerant,0.22,SE,A,0,226076-595258,0,0,7,4,4,0,0,0,0
HZ_19,Grower_288,Grower_22,2020,Verysusceptible,1.1,SE,SE,0,254010-600590,0,0,4,4,2,0,0,0,0
HZ_20,Grower_396,Grower_112,2020,Tolerant,0.3,E,E,0,118162-566674,0,0,8,2,3,0,0,0,0
HZ_54,Grower_189,Grower_3,2020,Verysusceptible,0.58,SE,A,0,174758-519766,0,0,6,0,2,0,0,0,0
HZ_36,Grower_103,Grower_53,2023,Tolerant,0.46,PB4,E,0,180707-593511,0,0,4,3,2,0,0,0,0
HZ_20,Grower_395,Grower_90,2021,Tolerant,0.15,E,AF,0,117554-565344,0,0,7,3,5,0,0,0,0
HZ_44,Grower_88,Grower_66,2023,Susceptible,0.37,S,S,0,211639-592424,0,0,0,0,0,0,0,0,0
HZ_47,Grower_282,Grower_23,2023,Verysusceptible,1.46,SE,A,0,230503-435690,0,0,1,0,0,0,0,0,0
HZ_32,Grower_114,Grower_44,2023,Susceptible,1.05,SE,SE,0,168449-589488,0,0,6,2,3,1,0,0,0
HZ_2,Grower_332,Grower_2,2022,Tolerant,1.0,SE,SE,0,178139-592894,0,0,8,2,4,0,1,8,3
HZ_2,Grower_259,Grower_2,2020,Tolerant,5.2,E,E,0,048895-366237,0,0,1,0,0,0,0,0,0
HZ_14,Grower_301,Grower_29,2020,Susceptible,0.95,SE,SE,0,248164-606395,0,0,1,0,0,0,0,0,0
HZ_13,Grower_330,Grower_64,2019,Tolerant,0.78,SE,SE,0,174487-589823,0,0,3,0,1,0,0,0,0
HZ_4,Grower_248,Grower_117,2019,Verysusceptible,2.76,SE,A,1,059701-369878,0,0,7,4,4,0,0,0,0
HZ_3,Grower_8,Grower_2,2021,Tolerant,2.62,E,E,0,248562-595068,0,0,1,0,0,0,0,1,0
HZ_4,Grower_201,Grower_49,2022,Verysusceptible,1.5,SE,SE,0,089319-402841,0,0,6,4,3,1,1,7,0
HZ_20,Grower_220,Grower_29,2022,Tolerant,1.04,SE,SE,0,129316-543679,0,0,1,0,0,0,0,0,0
HZ_16,Grower_205,Grower_8,2019,Susceptible,1.2,E,A,0,118243-561083,0,0,8,8,5,0,0,0,0
HZ_3,Grower_5,Grower_39,2021,Tolerant,0.91,SE,SE,0,249710-601796,0,0,1,0,0,0,0,1,0
HZ_17,Grower_151,Grower_86,2023,Susceptible,3.3,SE,SE,0,186511-531757,0,0,1,0,1,0,0,0,0
HZ_39,Grower_134,Grower_42,2022,Tolerant,0.38,PB4,-,0,170808-580520,0,0,2,0,0,2,2,2,0
HZ_12,Grower_339,Grower_136,2021,Susceptible,0.25,PB4,E,1,212411-592818,0,0,2,0,1,0,2,3,0
HZ_7,Grower_119,Grower_102,2019,Tolerant,0.36,SE,A,0,175408-582822,0,0,0,0,0,0,0,0,0
HZ_37,Grower_65,Grower_59,2021,Tolerant,1.1,SE,SE,0,226905-603686,0,0,0,0,0,0,0,0,0
HZ_1,Grower_275,Grower_1,2022,Tolerant,2.4,SE,SE,0,088718-398661,0,0,1,1,0,0,0,0,0
HZ_20,Grower_332,Grower_2,2020,Tolerant,1.35,SE,-,0,179730-591409,0,0,4,0,1,0,0,0,0
HZ_3,Grower_104,Grower_58,2022,Tolerant,1.0,SE,SE,0,180570-593003,0,0,0,0,0,0,0,0,0
HZ_8,Grower_209,Grower_48,2020,Tolerant,2.3,E,E,0,135883-540393,0,0,1,1,0,0,0,0,0
HZ_3,Grower_84,Grower_163,2019,Tolerant,0.5,SE,A,0,196357-598814,0,0,0,0,0,0,0,0,0
HZ_24,Grower_397,Grower_48,2020,Tolerant,1.0,E,A,0,114655-566850,0,0,2,0,1,0,0,0,0
HZ_17,Grower_134,Grower_61,2020,Susceptible,1.4,SE,SE,0,171532-580910,0,0,4,0,1,0,0,0,0
HZ_43,Grower_91,Grower_65,2021,Tolerant,0.52,SE,SE,0,195730-599316,0,0,7,1,3,0,1,2,0
HZ_8,Grower_192,Grower_58,2019,Tolerant,4.46,E,E,0,223979-603246,0,0,8,6,6,0,0,0,0
HZ_3,Grower_364,Grower_18,2021,Tolerant,1.68,SE,SE,0,244789-606138,0,0,0,0,0,0,0,1,1
HZ_2,Grower_348,Grower_6,2022,Tolerant,1.8,SE,SE,0,205064-593937,0,0,1,0,1,0,0,0,0
HZ_70,Grower_105,Grower_32,2020,Tolerant,0.6,SE,A,0,122166-569691,0,0,8,6,6,0,0,0,0
HZ_8,Grower_74,Grower_58,2020,Tolerant,2.56,E,E,0,228132-595089,0,0,2,0,1,0,0,0,0
HZ_4,Grower_238,Grower_1,2022,Verysusceptible,0.6,SE,A,0,059076-370723,0,0,1,1,0,0,1,5,0
HZ_20,Grower_95,Grower_68,2020,Tolerant,1.5,SE,SE,0,184419-594002,0,0,7,5,6,2,0,0,0
HZ_17,Grower_106,Grower_42,2021,Susceptible,2.58,E,E,0,129914-532621,0,0,8,2,3,0,0,0,0
HZ_14,Grower_209,Grower_7,2023,Susceptible,1.25,E,E,0,132486-534789,0,0,7,0,1,1,0,0,0
HZ_75,Grower_65,Grower_17,2019,Tolerant,0.62,SE,E,0,226668-603601,0,0,6,1,2,0,0,0,0
HZ_4,Grower_279,Grower_66,2021,Verysusceptible,2.95,SE,E,0,075833-393731,0,0,7,0,3,0,1,7,0
HZ_17,Grower_127,Grower_61,2019,Susceptible,1.75,SE,SE,0,169094-580843,0,0,6,4,3,0,0,0,0
HZ_20,Grower_232,Grower_90,2020,Tolerant,1.22,SE,B,0,116352-527048,0,0,5,0,2,0,0,0,0
HZ_5,Grower_15,Grower_20,2021,Susceptible,2.6,E,A,1,239855-605880,0,0,8,0,3,0,0,2,0
HZ_17,Grower_196,Grower_46,2020,Susceptible,1.49,E,E,0,119656-567689,0,0,4,4,2,0,0,0,0
HZ_24,Grower_203,Grower_208,2019,Tolerant,3.0,SE,A,0,234777-435983,0,0,4,2,2,0,0,0,0
HZ_4,Grower_344,Grower_86,2021,Verysusceptible,1.1,SE,A,1,184840-523045,0,0,0,0,0,1,0,1,0
HZ_16,Grower_311,Grower_49,2021,Susceptible,5.06,E,E,0,214642-589813,0,0,7,4,4,0,0,4,0
HZ_17,Grower_35,Grower_39,2023,Susceptible,0.6,SE,SE,0,245411-606210,0,0,2,0,0,0,0,2,0
HZ_3,Grower_85,Grower_53,2023,Tolerant,1.22,SE,E,0,213982-594109,0,0,2,0,0,0,0,3,0
HZ_4,Grower_10,Grower_11,2019,Verysusceptible,4.55,E,E,0,262179-585225,0,0,5,3,3,0,4,0,0
HZ_15,Grower_203,Grower_19,2023,Verysusceptible,2.05,SE,E,1,233911-436502,0,0,8,6,5,6,0,4,0
HZ_48,Grower_113,Grower_75,2022,Verysusceptible,0.96,E,A,1,172767-586844,0,0,5,1,1,0,0,1,0
HZ_51,Grower_239,Grower_12,2021,Susceptible,2.22,SE,A,1,039132-369534,0,0,0,0,0,0,0,0,0
HZ_5,Grower_175,Grower_61,2023,Susceptible,3.75,SE,A,0,172030-520703,0,0,0,0,0,0,0,0,0
HZ_20,Grower_84,Grower_163,2020,Tolerant,1.4,SE,E,0,192883-597139,0,0,3,0,1,0,1,0,0
HZ_17,Grower_95,Grower_52,2023,Susceptible,0.8,PB4,PB4,0,184061-592985,0,0,8,4,7,1,0,0,0
HZ_20,Grower_230,Grower_116,2019,Tolerant,2.0,E,E,0,123265-536162,0,0,7,6,4,0,0,0,0
HZ_17,Grower_79,Grower_65,2021,Susceptible,2.0,SE,SE,0,202851-595030,0,0,7,1,3,0,1,6,0
HZ_8,Grower_193,Grower_58,2021,Tolerant,2.25,SE,SE,0,173432-522482,0,0,1,0,0,0,0,1,0
HZ_21,Grower_218,Grower_28,2019,Verysusceptible,0.38,PB3,PB3,0,116997-534755,0,0,1,0,0,0,0,0,0
HZ_2,Grower_255,Grower_6,2023,Tolerant,1.9,SE,SE,0,043508-371694,0,0,0,0,0,0,0,0,0
HZ_17,Grower_64,Grower_47,2022,Susceptible,1.2,SE,SE,0,227485-600083,0,0,4,1,2,1,1,4,0
HZ_24,Grower_205,Grower_48,2021,Tolerant,1.0,PB4,PB4,0,118353-565440,0,0,3,0,1,0,0,1,0
HZ_37,Grower_7,Grower_55,2020,Tolerant,0.98,SE,SE,0,264287-591278,0,0,0,1,0,0,0,0,0
HZ_30,Grower_220,Grower_81,2023,Verysusceptible,1.77,E,E,0,129575-543600,0,0,7,2,4,0,0,4,0
HZ_49,Grower_161,Grower_79,2021,Susceptible,2.9,SE,A,1,160100-490319,0,0,7,2,4,0,1,1,0
HZ_2,Grower_1,Grower_6,2022,Tolerant,2.1,SE,SE,0,252684-599964,0,0,1,0,1,0,0,0,0
HZ_3,Grower_162,Grower_82,2021,Tolerant,1.73,SE,SE,0,164262-494039,0,0,0,0,0,0,0,0,0
HZ_17,Grower_95,Grower_32,2022,Susceptible,0.76,SE,SE,0,183011-593458,0,0,8,0,1,0,0,7,0
HZ_52,Grower_143,Grower_3,2023,Tolerant,2.7,SE,SE,0,177497-527335,0,0,0,0,0,1,0,0,0
HZ_16,Grower_59,Grower_17,2021,Susceptible,0.82,SE,-,0,233469-599807,0,0,3,1,1,0,0,3,0
HZ_17,Grower_83,Grower_32,2020,Susceptible,2.05,SE,SE,0,196126-595166,0,0,0,0,0,0,0,0,0
HZ_5,Grower_15,Grower_3,2019,Susceptible,2.39,SE,A,0,241535-606262,0,0,0,0,0,0,0,0,0
HZ_43,Grower_104,Grower_76,2019,Tolerant,1.74,SE,A,0,179710-592392,0,0,8,6,6,0,0,0,0
HZ_20,Grower_89,Grower_116,2020,Tolerant,2.0,SE,SE,0,194702-600513,0,0,1,0,0,0,0,0,0
HZ_3,Grower_168,Grower_68,2021,Tolerant,1.39,SE,A,1,179570-528983,0,0,6,1,2,0,0,2,0
HZ_20,Grower_199,Grower_116,2021,Tolerant,1.15,E,E,0,117419-565995,0,0,7,4,4,0,1,4,1
HZ_20,Grower_291,Grower_112,2021,Tolerant,2.21,SE,SE,0,239057-599249,0,0,8,2,3,0,0,3,0
HZ_20,Grower_285,Grower_8,2019,Tolerant,1.12,E,E,0,247001-602628,0,0,5,3,3,0,0,0,0
HZ_3,Grower_20,Grower_110,2022,Tolerant,1.2,SE,E,0,234119-601495,0,0,1,0,0,0,0,1,1
HZ_4,Grower_250,Grower_80,2020,Verysusceptible,5.2,SE,SE,0,014145-369258,0,0,8,4,6,0,0,0,0
HZ_24,Grower_241,Grower_48,2021,Tolerant,2.2,SE,SE,0,015776-367002,0,0,3,0,1,0,0,1,0
HZ_4,Grower_262,Grower_1,2022,Verysusceptible,1.86,SE,SE,0,017612-375899,0,0,1,0,0,0,1,4,0
HZ_20,Grower_84,Grower_116,2022,Tolerant,1.5,SE,SE,0,196370-598860,0,0,4,1,2,1,0,0,0
HZ_3,Grower_122,Grower_52,2019,Tolerant,0.84,SE,SE,0,175689-589669,0,0,0,0,0,0,0,0,0
HZ_5,Grower_236,Grower_33,2022,Susceptible,2.0,E,E,0,134885-522428,0,0,0,0,0,0,0,1,0
HZ_7,Grower_3,Grower_7,2023,Tolerant,0.99,E,E,0,244638-592723,0,0,0,0,0,0,0,0,0
HZ_22,Grower_173,Grower_88,2023,Tolerant,1.2,SE,SE,0,183229-521528,0,0,0,0,0,0,0,0,0
HZ_17,Grower_90,Grower_42,2022,Susceptible,1.0,SE,SE,0,200285-601756,0,0,2,1,1,1,1,2,0
HZ_12,Grower_68,Grower_146,2021,Susceptible,1.63,E,E,0,119222-575872,0,0,3,0,1,0,0,2,0
HZ_3,Grower_289,Grower_66,2020,Tolerant,0.66,SE,A,0,275988-581562,0,0,1,0,0,0,0,0,0
HZ_19,Grower_321,Grower_24,2019,Verysusceptible,1.68,SE,SE,0,237494-601355,0,0,8,8,5,0,0,0,0
HZ_3,Grower_398,Grower_86,2019,Tolerant,0.65,SE,SE,0,170704-527026,0,0,0,0,0,0,0,0,0
HZ_61,Grower_266,Grower_107,2019,Susceptible,1.97,SE,SE,0,046981-395923,0,0,5,2,2,0,1,0,0
HZ_1,Grower_233,Grower_71,2022,Tolerant,1.75,E,E,0,122895-531961,0,0,1,1,0,2,0,0,0
HZ_20,Grower_213,Grower_28,2021,Tolerant,0.7,PB4,-,0,134510-543382,0,0,4,0,1,0,0,2,0
HZ_3,Grower_66,Grower_136,2020,Tolerant,1.02,SE,E,0,228725-597012,0,0,0,0,0,0,0,0,0
HZ_27,Grower_322,Grower_2,2021,Tolerant,0.98,SE,SE,0,201572-600360,0,0,0,0,0,0,0,0,0
HZ_8,Grower_367,Grower_28,2021,Tolerant,1.29,SE,E,0,219589-600889,0,0,0,0,0,0,0,0,0
HZ_42,Grower_281,Grower_63,2022,Verysusceptible,3.0,SE,E,0,075274-398671,0,0,6,1,5,2,3,6,2
HZ_1,Grower_154,Grower_82,2020,Tolerant,0.5,SE,SE,0,169329-530319,0,0,1,0,0,0,0,0,0
HZ_11,Grower_200,Grower_19,2020,Tolerant,1.3,E,E,0,117219-571485,0,0,0,0,0,0,0,0,0
HZ_20,Grower_452,Grower_12,2019,Tolerant,1.5,SE,SE,0,130101-540868,0,0,8,4,6,0,0,0,0
HZ_3,Grower_316,Grower_2,2019,Tolerant,0.95,SE,SE,0,225419-603020,0,0,1,1,0,0,0,0,0
HZ_4,Grower_252,Grower_122,2019,Verysusceptible,2.0,E,A,0,053432-373426,0,0,8,6,6,0,6,0,0
HZ_39,Grower_125,Grower_42,2021,Tolerant,0.5,PB4,-,0,160452-578652,0,0,0,0,0,0,0,0,0
HZ_37,Grower_243,Grower_44,2019,Tolerant,4.75,SE,SE,0,044232-387309,0,0,6,4,3,0,0,0,0
HZ_20,Grower_161,Grower_222,2019,Tolerant,1.5,SE,A,0,170298-504610,0,0,5,2,2,0,0,0,0
HZ_2,Grower_25,Grower_2,2020,Tolerant,0.91,SE,SE,0,239514-606787,0,0,0,0,0,0,0,0,0
HZ_16,Grower_18,Grower_32,2022,Susceptible,1.05,SE,E,0,233495-601792,0,0,5,3,1,0,0,3,0
HZ_4,Grower_261,Grower_66,2021,Verysusceptible,4.4,SE,SE,0,046731-414967,0,0,7,0,3,0,1,7,0
HZ_3,Grower_189,Grower_86,2021,Tolerant,0.7,PB4,A,0,173787-518746,0,0,1,0,0,0,0,0,0
HZ_24,Grower_79,Grower_40,2021,Tolerant,0.9,SE,SE,0,201681-595763,0,0,7,4,4,0,0,1,1
HZ_39,Grower_141,Grower_78,2023,Tolerant,0.9,SE,A,0,158453-579746,0,0,1,0,0,0,0,2,0
HZ_32,Grower_342,Grower_44,2021,Susceptible,0.36,SE,SE,0,186425-516877,0,0,1,0,0,0,0,0,0
HZ_17,Grower_66,Grower_12,2020,Susceptible,2.0,SE,SE,0,229463-597599,0,0,5,1,2,0,0,0,0
HZ_17,Grower_231,Grower_32,2021,Susceptible,0.89,PB4,PB4,0,121618-538544,0,0,8,2,3,0,1,0,1
HZ_17,Grower_105,Grower_147,2021,Susceptible,3.25,SE,SE,0,120650-572531,0,0,1,0,0,0,0,1,0
HZ_3,Grower_133,Grower_75,2020,Tolerant,0.77,SE,SE,0,163737-579927,0,0,1,0,0,0,0,0,0
HZ_17,Grower_198,Grower_39,2023,Susceptible,1.53,E,E,0,116445-565003,0,0,2,0,0,0,0,2,0
HZ_3,Grower_141,Grower_42,2021,Tolerant,1.2,SE,A,0,158916-579808,0,0,2,1,1,0,0,0,0
HZ_20,Grower_215,Grower_90,2021,Tolerant,2.9,SE,SE,0,119076-537309,0,0,7,3,5,0,0,0,0
HZ_13,Grower_6,Grower_17,2023,Tolerant,0.81,SE,SE,0,266780-591251,0,0,0,0,0,0,0,0,0
HZ_17,Grower_83,Grower_32,2020,Susceptible,2.19,SE,SE,0,196211-597754,0,0,0,0,0,0,0,0,0
HZ_20,Grower_217,Grower_1,2020,Tolerant,0.96,SE,SE,0,118981-541720,0,0,7,1,3,0,0,0,0
HZ_14,Grower_209,Grower_7,2023,Susceptible,1.2,SE,SE,0,132486-534789,0,0,7,0,1,1,0,0,0
HZ_4,Grower_275,Grower_122,2019,Verysusceptible,2.65,SE,A,1,081640-400194,0,0,8,6,6,0,6,0,0
HZ_3,Grower_81,Grower_53,2022,Tolerant,1.67,SE,SE,0,197715-598897,0,0,6,2,0,0,0,7,0
HZ_3,Grower_68,Grower_18,2021,Tolerant,1.98,SE,SE,0,119222-575872,0,0,0,0,0,0,0,1,1
HZ_17,Grower_275,Grower_90,2020,Susceptible,1.05,SE,SE,0,082990-401005,0,0,3,0,1,0,0,0,0
HZ_3,Grower_49,Grower_18,2023,Tolerant,1.15,SE,SE,0,218793-592734,0,0,1,0,1,0,0,0,0
HZ_5,Grower_203,Grower_92,2023,Susceptible,0.15,SE,AF,0,233464-435300,0,0,2,0,1,1,0,1,0
HZ_50,Grower_327,Grower_42,2021,Tolerant,2.14,PB4,PB4,0,187016-596573,0,0,0,0,0,0,0,0,0
HZ_17,Grower_208,Grower_22,2020,Susceptible,0.85,E,E,0,128109-541329,0,0,4,2,2,1,0,0,0
HZ_20,Grower_354,Grower_90,2020,Tolerant,0.96,SE,AF,0,135529-527162,0,0,5,0,2,0,0,0,0
HZ_3,Grower_228,Grower_58,2021,Tolerant,0.73,SE,SE,0,124942-544439,0,0,8,1,3,0,0,3,0
HZ_20,Grower_232,Grower_36,2020,Tolerant,3.1,E,E,0,116276-527290,0,0,8,1,3,0,1,0,0
HZ_38,Grower_236,Grower_55,2023,Tolerant,1.0,SE,A,0,137295-525131,0,0,6,2,1,1,0,1,0
HZ_50,Grower_130,Grower_84,2023,Tolerant,1.0,SE,SE,0,169634-586449,0,0,0,0,0,0,0,0,0
HZ_17,Grower_104,Grower_42,2021,Susceptible,2.5,E,E,0,180502-591502,0,0,8,2,3,0,0,0,0
HZ_22,Grower_104,Grower_110,2020,Tolerant,0.75,E,E,0,183460-592307,0,0,8,8,5,0,0,0,0
HZ_3,Grower_423,Grower_82,2019,Tolerant,2.1,SE,A,0,169749-507908,0,0,1,1,0,0,0,0,0
HZ_12,Grower_264,Grower_146,2019,Susceptible,1.0,SE,A,0,061425-374235,0,0,6,1,2,0,0,0,0
HZ_47,Grower_271,Grower_167,2021,Verysusceptible,2.25,SE,A,1,094122-394414,0,0,7,7,5,0,2,7,0
HZ_11,Grower_5,Grower_12,2023,Tolerant,0.92,SE,SE,0,250593-600485,0,0,2,0,0,0,0,1,0
HZ_23,Grower_176,Grower_36,2020,Verysusceptible,2.08,SE,A,0,182116-531233,0,0,1,0,0,0,0,0,0
HZ_58,Grower_183,Grower_52,2021,Susceptible,2.91,SE,SE,0,189414-529105,0,0,6,1,2,0,0,1,0
HZ_15,Grower_353,Grower_19,2019,Verysusceptible,0.81,SE,A,1,179981-550981,0,0,8,8,5,0,0,0,0
HZ_4,Grower_162,Grower_89,2019,Verysusceptible,0.75,SE,-,0,161122-493911,0,0,1,1,0,0,0,0,0
HZ_13,Grower_56,Grower_17,2023,Tolerant,2.2,SE,SE,0,224531-592564,0,0,0,0,0,0,0,0,0
HZ_66,Grower_274,Grower_2,2022,Verysusceptible,2.0,SE,SE,0,076494-401537,0,0,4,0,0,0,1,5,1
HZ_54,Grower_343,Grower_1,2020,Verysusceptible,0.5,SE,SE,0,184211-526395,0,0,8,5,2,0,0,0,0
HZ_20,Grower_90,Grower_1,2023,Tolerant,2.15,SE,E,0,198989-601785,0,0,0,0,0,0,0,0,0
HZ_17,Grower_231,Grower_47,2023,Susceptible,1.93,E,E,0,121723-538035,0,0,3,0,2,1,0,1,0
HZ_61,Grower_247,Grower_44,2021,Susceptible,3.0,SE,SE,0,,0,0,2,0,1,0,0,1,0
HZ_49,Grower_123,Grower_41,2021,Susceptible,0.8,SE,SE,0,171135-587668,0,0,0,0,0,0,0,0,0
HZ_4,Grower_262,Grower_90,2021,Verysusceptible,0.91,SE,SE,0,022224-379106,0,0,0,0,0,0,0,0,0
HZ_35,Grower_102,Grower_51,2023,Tolerant,3.1,SE,SE,0,183197-592992,0,0,8,3,4,1,5,8,0
HZ_19,Grower_248,Grower_29,2023,Verysusceptible,3.2,SE,SE,0,061343-369743,0,0,0,0,0,0,0,0,0
HZ_76,Grower_116,Grower_77,2019,Susceptible,0.6,SE,E,1,181308-594172,0,0,0,0,0,0,0,0,0
HZ_20,Grower_294,Grower_28,2019,Tolerant,2.25,SE,SE,0,238138-606388,0,0,8,7,4,0,0,0,0
HZ_15,Grower_275,Grower_68,2019,Verysusceptible,1.53,SE,A,0,095720-405953,0,0,5,1,2,0,0,0,0
HZ_51,Grower_133,Grower_61,2022,Susceptible,1.0,SE,SE,0,162867-581128,0,0,1,0,0,0,0,1,0
HZ_4,Grower_248,Grower_1,2019,Verysusceptible,2.5,SE,A,0,059701-369878,0,0,6,2,2,1,4,0,0
HZ_54,Grower_154,Grower_1,2020,Verysusceptible,0.52,SE,SE,0,170873-531786,0,0,8,5,2,0,0,0,0
HZ_3,Grower_171,Grower_94,2020,Tolerant,0.4,SE,SE,0,185565-528723,0,0,2,1,1,0,0,0,0
HZ_37,Grower_203,Grower_92,2022,Tolerant,2.06,SE,SE,0,233661-436886,0,0,7,4,3,5,0,5,0
HZ_39,Grower_44,Grower_27,2022,Tolerant,0.94,SE,SE,0,230898-601203,0,0,8,0,3,0,1,8,0
HZ_3,Grower_129,Grower_42,2022,Tolerant,3.0,E,E,0,158867-579445,0,0,1,0,0,0,1,1,0
HZ_3,Grower_154,Grower_82,2023,Tolerant,0.67,E,A,0,171541-532865,0,0,3,0,2,0,0,1,0
HZ_3,Grower_189,Grower_88,2022,Tolerant,0.75,E,E,0,174928-519537,0,0,1,2,0,0,0,3,0
HZ_29,Grower_21,Grower_18,2019,Tolerant,0.8,SE,SE,0,235145-600698,0,0,1,0,0,0,0,0,0
HZ_2,Grower_332,Grower_2,2020,Tolerant,1.45,E,E,0,178366-591971,0,0,0,0,0,0,0,0,0
HZ_43,Grower_91,Grower_18,2020,Tolerant,1.45,SE,SE,0,196687-599294,0,0,2,1,1,0,0,0,0
HZ_20,Grower_294,Grower_112,2021,Tolerant,1.4,SE,E,1,239276-606992,0,0,8,2,3,0,0,3,0
HZ_17,Grower_197,Grower_42,2021,Susceptible,1.0,PB4,PB4,0,118851-564008,0,0,2,0,1,0,0,2,0
HZ_44,Grower_89,Grower_74,2023,Susceptible,1.15,SE,-,0,200333-601318,0,0,0,0,0,0,0,0,0
HZ_3,Grower_354,Grower_18,2022,Tolerant,0.75,SE,SE,0,134795-526077,0,0,1,1,1,1,0,3,1
HZ_3,Grower_234,Grower_127,2019,Tolerant,2.8,E,E,0,119533-521883,0,0,0,0,0,0,0,0,0
HZ_20,Grower_99,Grower_32,2021,Tolerant,1.0,PB4,PB4,0,193677-600210,0,0,6,3,4,0,0,1,1
HZ_20,Grower_236,Grower_90,2023,Tolerant,3.5,E,E,0,144251-524722,0,0,1,0,1,0,0,0,0
HZ_17,Grower_307,Grower_47,2022,Susceptible,1.43,E,E,0,222769-592716,0,0,4,1,2,1,1,4,0
HZ_8,Grower_386,Grower_82,2019,Tolerant,0.35,SE,A,0,177624-531830,0,0,1,0,0,1,0,0,0
HZ_3,Grower_306,Grower_150,2021,Tolerant,3.4,SE,SE,0,243435-596435,0,0,3,1,1,0,0,6,1
HZ_4,Grower_161,Grower_86,2020,Verysusceptible,0.82,SE,SE,0,170095-503207,0,0,0,0,0,0,0,0,0
HZ_16,Grower_206,Grower_1,2022,Susceptible,2.35,PB4,PB4,0,115252-568549,0,0,0,0,0,0,0,0,0
HZ_3,Grower_161,Grower_86,2020,Tolerant,1.7,SE,SE,0,175553-507464,0,0,0,0,0,0,0,0,0
HZ_8,Grower_193,Grower_48,2020,Tolerant,2.2,E,AF,0,173502-522474,0,0,2,1,1,0,0,0,0
HZ_70,Grower_90,Grower_2,2019,Tolerant,0.5,SE,A,0,198019-601237,0,0,1,1,0,0,0,0,0
HZ_3,Grower_186,Grower_82,2021,Tolerant,0.8,SE,SE,0,173845-514472,0,0,2,0,1,0,0,0,0
HZ_5,Grower_215,Grower_90,2019,Susceptible,1.0,SE,SE,0,120398-536458,0,0,0,0,0,0,0,0,0
HZ_39,Grower_310,Grower_133,2019,Tolerant,4.0,SE,E,0,230444-592747,0,0,1,0,0,0,3,0,0
HZ_13,Grower_289,Grower_22,2022,Tolerant,0.71,SE,E,0,274141-583086,0,0,3,2,0,0,0,2,0
HZ_7,Grower_100,Grower_66,2021,Tolerant,0.8,SE,SE,0,179451-587512,0,0,0,0,0,0,0,0,0
HZ_3,Grower_93,Grower_58,2022,Tolerant,0.7,SE,SE,0,187878-595912,0,0,0,0,0,0,0,0,0
HZ_10,Grower_5,Grower_44,2022,Tolerant,0.33,SE,SE,0,250591-601068,0,0,1,1,0,0,0,1,0
HZ_20,Grower_54,Grower_8,2019,Tolerant,0.81,SE,SE,0,217733-594162,0,0,6,4,3,0,0,0,0
HZ_16,Grower_26,Grower_8,2023,Susceptible,2.14,SE,SE,0,238962-599587,0,0,1,0,0,0,0,1,0
HZ_20,Grower_276,Grower_11,2022,Tolerant,4.62,SE,E,0,097050-404115,0,0,6,3,4,0,0,3,0
HZ_3,Grower_6,Grower_1,2020,Tolerant,1.25,SE,SE,0,267198-591130,0,0,1,0,0,0,0,0,0
HZ_3,Grower_397,Grower_65,2019,Tolerant,0.4,SE,E,1,113883-562280,0,0,1,0,0,0,0,0,0
HZ_20,Grower_242,Grower_116,2021,Tolerant,7.0,SE,SE,0,199250-600086,0,0,4,3,2,0,1,1,0
HZ_20,Grower_143,Grower_82,2020,Tolerant,2.01,SE,SE,0,180573-526973,0,0,0,0,0,0,0,0,0
HZ_3,Grower_338,Grower_42,2021,Tolerant,3.7,SE,SE,0,174793-538023,0,0,2,1,1,0,0,0,0
HZ_3,Grower_63,Grower_33,2019,Tolerant,1.87,SE,SE,0,228440-598830,0,0,7,1,3,0,1,0,0
HZ_17,Grower_208,Grower_42,2023,Susceptible,0.8,SE,SE,0,135898-540605,0,0,0,0,0,0,0,0,0
HZ_17,Grower_213,Grower_133,2020,Susceptible,1.05,SE,-,0,134574-543140,0,0,8,3,4,0,0,0,0
HZ_43,Grower_171,Grower_128,2020,Tolerant,0.6,SE,E,1,187735-532779,0,0,0,0,0,0,0,0,0
HZ_7,Grower_3,Grower_59,2022,Tolerant,1.02,SE,SE,0,243666-594373,0,0,1,1,0,0,0,0,0
HZ_20,Grower_206,Grower_2,2022,Tolerant,2.35,E,E,0,115083-567094,0,0,4,1,1,0,0,2,0
HZ_51,Grower_38,Grower_5,2022,Susceptible,3.0,SE,SE,0,247592-608279,0,0,8,2,7,4,0,2,1
HZ_44,Grower_282,Grower_66,2023,Susceptible,1.32,SE,SE,0,232893-434199,0,0,4,0,1,0,0,0,0
HZ_17,Grower_9,Grower_22,2020,Susceptible,0.98,SE,SE,0,261943-580129,0,0,7,8,5,2,0,0,0
HZ_65,Grower_267,Grower_12,2022,Tolerant,2.1,SE,SE,0,090957-422311,0,0,3,1,2,0,0,2,0
HZ_54,Grower_343,Grower_90,2022,Verysusceptible,2.1,PB4,SE,0,185500-527685,0,0,0,0,0,0,1,0,0
HZ_20,Grower_209,Grower_1,2020,Tolerant,1.9,SE,AF,0,131949-544080,0,0,7,1,3,0,0,0,0
HZ_65,Grower_209,Grower_49,2019,Tolerant,0.8,SE,SE,0,132233-543645,0,0,4,2,2,0,0,0,0
HZ_17,Grower_319,Grower_19,2019,Susceptible,1.0,SE,A,1,211305-589757,0,0,8,8,5,1,0,0,0
HZ_17,Grower_125,Grower_61,2021,Susceptible,0.78,SE,-,0,160452-578652,0,0,7,2,4,0,0,1,0
HZ_5,Grower_89,Grower_33,2020,Susceptible,1.2,SE,E,0,174849-587506,0,0,0,0,0,0,0,0,0
HZ_29,Grower_105,Grower_27,2021,Tolerant,0.85,PB4,E,0,119855-568754,0,0,1,0,0,0,0,6,0
HZ_1,Grower_217,Grower_1,2023,Tolerant,1.3,SE,SE,0,119370-541421,0,0,0,0,0,0,0,0,0
HZ_4,Grower_254,Grower_1,2022,Verysusceptible,0.7,SE,AF,0,055658-363910,0,0,1,0,0,0,1,4,0
HZ_3,Grower_57,Grower_102,2019,Tolerant,3.5,SE,SE,0,226014-593950,0,0,7,3,5,0,0,0,0
HZ_39,Grower_105,Grower_29,2023,Tolerant,1.3,PB4,PB4,0,122006-569501,0,0,0,0,0,0,0,0,0
HZ_37,Grower_281,Grower_55,2019,Tolerant,1.0,SE,A,0,075253-398700,0,0,5,0,2,0,0,0,0
HZ_39,Grower_129,Grower_90,2022,Tolerant,2.1,E,A,0,159327-579108,0,0,1,0,1,1,0,2,0
HZ_3,Grower_182,Grower_94,2021,Tolerant,2.1,SE,SE,0,190046-529838,0,0,0,0,0,0,0,0,0
HZ_21,Grower_182,Grower_88,2019,Verysusceptible,1.0,SE,SE,0,185256-530937,0,0,0,0,0,0,0,0,0
HZ_20,Grower_19,Grower_1,2022,Tolerant,1.96,SE,SE,0,243683-602024,0,0,0,0,0,0,0,1,0
HZ_39,Grower_310,Grower_205,2019,Tolerant,2.2,PB3,PB3,0,230277-592999,0,0,0,0,0,0,0,0,0
HZ_37,Grower_163,Grower_92,2023,Tolerant,1.95,SE,-,0,159496-491445,0,0,2,0,0,0,0,0,0
HZ_12,Grower_442,Grower_205,2019,Susceptible,0.8,PB3,-,0,225422-602328,0,0,0,0,0,0,0,0,0
HZ_55,Grower_268,Grower_114,2021,Tolerant,3.1,SE,SE,0,067127-400098,0,0,0,0,0,0,0,5,0
HZ_65,Grower_250,Grower_198,2019,Tolerant,2.2,SE,E,0,019235-369879,0,0,6,4,3,0,0,0,0
HZ_4,Grower_160,Grower_89,2019,Verysusceptible,0.75,SE,SE,0,173735-492404,0,0,1,1,0,0,0,0,0
HZ_24,Grower_275,Grower_48,2021,Tolerant,5.29,SE,E,0,086971-398754,0,0,3,0,1,0,0,1,0
HZ_3,Grower_35,Grower_39,2020,Tolerant,1.6,SE,SE,0,245635-606196,0,0,0,0,0,0,0,0,0
HZ_3,Grower_304,Grower_113,2020,Tolerant,2.33,SE,SE,0,241443-597330,0,0,0,0,0,0,0,0,0
HZ_43,Grower_153,Grower_18,2022,Tolerant,1.2,SE,SE,0,172863-536165,0,0,4,1,1,1,1,2,1
HZ_16,Grower_161,Grower_49,2023,Susceptible,1.85,SE,E,0,175646-507784,0,0,0,0,0,0,0,0,0
HZ_12,Grower_399,Grower_210,2019,Susceptible,2.4,SE,SE,0,061426-372158,0,0,0,0,0,0,0,0,0
HZ_20,Grower_99,Grower_58,2023,Tolerant,2.75,SE,SE,0,195569-601200,0,0,0,0,0,0,0,0,0
HZ_43,Grower_86,Grower_18,2020,Tolerant,1.23,SE,SE,0,196304-600542,0,0,1,0,0,0,0,0,0
HZ_20,Grower_19,Grower_122,2020,Tolerant,2.16,E,E,0,244105-602085,0,0,8,4,6,0,4,0,0
HZ_35,Grower_161,Grower_51,2019,Tolerant,2.8,SE,AF,0,175285-507941,0,0,8,8,5,0,5,0,0
HZ_43,Grower_17,Grower_18,2020,Tolerant,1.1,SE,SE,0,241974-605554,0,0,1,0,0,0,0,0,0
HZ_39,Grower_89,Grower_36,2022,Tolerant,2.92,SE,SE,0,200024-600425,0,0,0,0,0,0,4,4,0
HZ_51,Grower_261,Grower_55,2021,Susceptible,0.4,SE,A,1,046516-414078,0,0,8,4,6,0,1,5,0
HZ_3,Grower_168,Grower_94,2022,Tolerant,1.0,SE,E,0,189199-530683,0,0,0,0,0,1,0,1,0
HZ_18,Grower_416,Grower_5,2020,Tolerant,0.65,SE,SE,0,179307-498708,0,0,2,1,1,0,0,0,0
HZ_3,Grower_294,Grower_110,2022,Tolerant,1.21,SE,SE,0,240623-605102,0,0,1,0,0,0,0,1,1
HZ_29,Grower_338,Grower_2,2020,Tolerant,1.24,SE,E,0,181099-548599,0,0,1,0,0,0,0,0,0
HZ_30,Grower_130,Grower_66,2022,Verysusceptible,0.67,SE,-,0,166800-582537,0,0,1,0,1,0,0,0,0
HZ_20,Grower_161,Grower_28,2019,Tolerant,2.3,SE,SE,0,176783-498786,0,0,8,7,4,0,0,0,0
HZ_2,Grower_93,Grower_2,2020,Tolerant,0.6,SE,SE,0,180168-592966,0,0,0,0,0,0,0,0,0
HZ_22,Grower_255,Grower_153,2019,Tolerant,3.25,SE,SE,0,044591-369719,0,0,3,2,1,0,0,0,0
HZ_39,Grower_398,Grower_42,2020,Tolerant,1.0,SE,A,1,170370-526681,0,0,5,2,2,0,0,0,0
HZ_4,Grower_279,Grower_1,2020,Verysusceptible,0.7,SE,A,1,088542-408334,0,0,7,2,4,0,6,0,0
HZ_24,Grower_26,Grower_24,2022,Tolerant,1.12,SE,SE,0,239535-599291,0,0,6,6,1,0,0,2,0
HZ_20,Grower_83,Grower_116,2019,Tolerant,0.72,SE,A,0,197164-600557,0,0,5,4,3,0,0,0,0
HZ_8,Grower_342,Grower_48,2020,Tolerant,0.41,SE,E,0,187282-517071,0,0,0,0,0,0,0,0,0
HZ_39,Grower_295,Grower_62,2022,Tolerant,0.74,SE,SE,0,234868-605544,0,0,1,0,0,0,0,5,0
HZ_24,Grower_275,Grower_24,2022,Tolerant,1.2,SE,SE,0,085717-399132,0,0,6,6,1,0,0,2,0
HZ_3,Grower_196,Grower_112,2021,Tolerant,0.6,SE,SE,0,117650-571034,0,0,1,0,0,0,0,1,0
HZ_5,Grower_8,Grower_8,2022,Susceptible,0.1,E,E,0,246628-595386,0,0,0,0,0,0,0,1,0
HZ_55,Grower_59,Grower_74,2020,Tolerant,0.53,SE,-,0,233894-600143,0,0,0,0,0,0,0,0,0
HZ_39,Grower_376,Grower_36,2021,Tolerant,1.0,SE,A,1,205600-594117,0,0,7,3,5,0,1,7,0
HZ_20,Grower_286,Grower_40,2019,Tolerant,1.19,E,A,0,251265-597140,0,0,8,6,6,0,2,0,0
HZ_4,Grower_275,Grower_1,2021,Verysusceptible,4.25,SE,E,0,083874-401907,0,0,8,1,3,0,0,7,0
HZ_4,Grower_271,Grower_1,2019,Verysusceptible,2.0,SE,A,0,090701-404533,0,0,6,2,2,1,4,0,0
HZ_20,Grower_446,Grower_71,2019,Tolerant,2.86,SE,SE,0,177048-534565,0,0,4,3,2,0,0,0,0
HZ_3,Grower_288,Grower_18,2020,Tolerant,0.81,SE,SE,0,253541-600448,0,0,0,0,0,0,0,0,0
HZ_20,Grower_197,Grower_147,2021,Tolerant,2.4,SE,SE,0,119019-566261,0,0,6,4,3,0,0,2,1
HZ_3,Grower_405,Grower_1,2021,Tolerant,1.95,SE,E,0,095820-404148,0,0,7,1,3,0,0,3,0
HZ_4,Grower_231,Grower_11,2019,Verysusceptible,1.69,E,E,0,121412-538724,0,0,5,3,3,0,4,0,0
HZ_5,Grower_158,Grower_112,2020,Susceptible,3.95,E,E,0,179481-498776,0,0,2,1,1,0,0,0,0
HZ_20,Grower_209,Grower_1,2022,Tolerant,1.9,E,E,0,130645-536881,0,0,4,1,1,0,1,6,0
HZ_20,Grower_276,Grower_76,2019,Tolerant,4.0,SE,SE,0,097017-404107,0,0,8,2,3,0,0,0,0
HZ_29,Grower_71,Grower_2,2019,Tolerant,1.1,SE,SE,0,228749-602715,0,0,3,1,1,0,0,0,0
HZ_51,Grower_105,Grower_66,2022,Susceptible,1.25,S,S,0,116289-563975,0,0,0,0,0,0,0,0,0
HZ_1,Grower_1,Grower_112,2022,Tolerant,1.53,SE,SE,0,252458-599275,0,0,2,0,1,0,0,2,0
HZ_47,Grower_271,Grower_16,2023,Verysusceptible,0.35,SE,A,0,093374-399226,0,0,1,1,0,0,0,0,0
HZ_19,Grower_14,Grower_24,2021,Verysusceptible,2.25,SE,SE,0,258110-576214,0,0,2,0,1,0,0,1,1
HZ_65,Grower_186,Grower_104,2022,Tolerant,0.7,SE,A,0,173140-515109,0,0,0,0,0,0,0,2,0
HZ_3,Grower_182,Grower_93,2023,Tolerant,1.3,SE,E,0,185919-531862,0,0,0,0,0,0,0,0,0
HZ_9,Grower_244,Grower_67,2022,Verysusceptible,0.85,SE,SE,0,045892-362435,0,0,6,7,1,0,0,4,0
HZ_17,Grower_275,Grower_52,2020,Susceptible,2.45,SE,E,1,082983-401149,0,0,8,2,3,0,0,0,0
HZ_39,Grower_287,Grower_36,2019,Tolerant,2.55,SE,SE,0,246732-599790,0,0,2,0,1,0,1,0,0
HZ_66,Grower_282,Grower_58,2022,Verysusceptible,1.25,SE,SE,0,232707-448699,0,0,1,0,0,0,2,2,0
HZ_17,Grower_129,Grower_42,2021,Susceptible,0.45,PB4,-,0,158564-579515,0,0,6,2,2,0,1,1,0
HZ_65,Grower_93,Grower_49,2021,Tolerant,0.95,E,E,0,173841-590429,0,0,4,0,1,0,0,1,0
HZ_20,Grower_220,Grower_2,2021,Tolerant,2.4,E,E,0,130021-542223,0,0,5,0,2,0,0,2,0
HZ_65,Grower_92,Grower_132,2020,Tolerant,0.38,SE,E,0,190884-597708,0,0,0,0,0,0,0,0,0
HZ_40,Grower_123,Grower_11,2022,Tolerant,0.3,SE,SE,0,170646-588304,0,0,8,2,5,0,1,6,1
HZ_51,Grower_261,Grower_55,2021,Susceptible,4.1,SE,SE,0,047550-400753,0,0,8,4,6,0,1,5,0
HZ_3,Grower_180,Grower_94,2021,Tolerant,0.35,SE,AF,0,180560-537798,0,0,0,0,0,0,0,0,0
HZ_61,Grower_382,Grower_205,2019,Susceptible,3.46,E,A,0,048846-394233,0,0,8,5,2,0,0,0,0
HZ_14,Grower_301,Grower_29,2020,Susceptible,1.31,SE,SE,0,249338-607038,0,0,1,0,0,0,0,0,0
HZ_22,Grower_275,Grower_32,2023,Tolerant,0.46,SE,SE,0,086904-399056,0,0,1,0,1,0,0,0,0
HZ_22,Grower_239,Grower_110,2021,Tolerant,1.39,SE,E,1,039132-369534,0,0,8,1,3,0,0,2,0
HZ_20,Grower_55,Grower_50,2021,Tolerant,1.0,E,E,0,227820-602210,0,0,4,1,1,0,0,1,0
HZ_20,Grower_453,Grower_49,2019,Tolerant,1.8,E,E,0,140371-523940,0,0,6,5,5,0,0,0,0
HZ_37,Grower_163,Grower_92,2023,Tolerant,1.95,SE,SE,0,159496-491445,0,0,2,0,0,0,0,0,0
HZ_19,Grower_203,Grower_24,2021,Verysusceptible,0.96,SE,SE,0,224014-444960,0,0,2,0,1,0,0,1,1
HZ_20,Grower_354,Grower_90,2020,Tolerant,0.55,SE,A,0,132353-538322,0,0,5,0,2,0,0,0,0
HZ_20,Grower_230,Grower_1,2021,Tolerant,2.5,SE,-,0,123527-535197,0,0,0,0,0,0,0,0,0
HZ_4,Grower_271,Grower_49,2020,Verysusceptible,3.9,SE,E,0,091807-402634,0,0,7,1,3,0,6,0,0
HZ_24,Grower_119,Grower_40,2021,Tolerant,1.03,SE,SE,0,173519-582339,0,0,7,4,4,0,0,1,1
HZ_3,Grower_20,Grower_110,2021,Tolerant,1.15,SE,SE,0,233220-602728,0,0,5,0,2,0,0,0,0
HZ_20,Grower_395,Grower_32,2021,Tolerant,0.35,PB4,PB4,0,117554-565344,0,0,6,3,4,0,0,1,1
HZ_1,Grower_342,Grower_82,2020,Tolerant,0.56,SE,SE,0,187102-517308,0,0,1,0,0,0,0,0,0
HZ_3,Grower_222,Grower_65,2019,Tolerant,1.8,SE,SE,0,123435-538908,0,0,1,0,0,0,0,0,0
HZ_17,Grower_89,Grower_65,2020,Susceptible,5.0,SE,SE,0,194077-600172,0,0,7,2,4,1,0,0,0
HZ_4,Grower_279,Grower_90,2023,Verysusceptible,2.4,SE,E,0,085209-398139,0,0,2,0,1,0,0,1,0
HZ_5,Grower_106,Grower_90,2021,Susceptible,1.81,E,E,0,128980-533060,0,0,1,2,0,0,0,1,0
HZ_37,Grower_402,Grower_44,2019,Tolerant,3.0,SE,E,1,078641-401337,0,0,5,1,2,0,0,0,0
HZ_5,Grower_252,Grower_29,2023,Susceptible,1.3,SE,A,0,053354-373534,0,0,1,1,0,0,0,0,0
HZ_12,Grower_19,Grower_15,2023,Susceptible,1.12,SE,A,0,242662-602302,0,0,1,0,1,1,0,2,0
HZ_4,Grower_241,Grower_90,2021,Verysusceptible,4.0,SE,A,1,018311-372757,0,0,0,0,0,0,0,0,0
HZ_20,Grower_110,Grower_1,2022,Tolerant,0.75,SE,SE,0,168817-587220,0,0,2,1,0,0,0,2,0
HZ_51,Grower_63,Grower_119,2021,Susceptible,3.04,E,A,1,227905-597913,0,0,7,8,5,0,3,7,1
HZ_51,Grower_104,Grower_5,2021,Susceptible,2.7,E,E,0,183345-592136,0,0,1,0,0,1,0,0,0
HZ_12,Grower_263,Grower_95,2022,Susceptible,4.43,SE,E,1,035560-371047,0,0,6,3,6,2,0,6,0
HZ_17,Grower_102,Grower_67,2021,Susceptible,0.5,SE,SE,0,177485-582219,0,0,0,0,0,0,0,0,0
HZ_20,Grower_99,Grower_116,2020,Tolerant,1.4,SE,E,0,195579-601317,0,0,2,1,1,0,0,0,0
HZ_58,Grower_182,Grower_52,2020,Susceptible,0.8,SE,A,0,190024-529321,0,0,1,1,0,0,0,0,0
HZ_5,Grower_15,Grower_8,2021,Susceptible,1.25,SE,E,1,239855-605880,0,0,0,0,0,0,0,2,0
HZ_12,Grower_173,Grower_95,2022,Susceptible,1.3,SE,E,0,191043-516416,0,0,4,2,4,2,1,5,1
HZ_12,Grower_188,Grower_95,2020,Susceptible,3.5,SE,SE,0,170374-522936,0,0,0,0,0,0,0,0,0
HZ_51,Grower_119,Grower_66,2022,Susceptible,0.6,SE,SE,0,173835-581089,0,0,1,0,0,0,0,0,0
HZ_47,Grower_252,Grower_167,2019,Verysusceptible,2.55,SE,A,1,055755-375364,0,0,4,1,1,0,0,0,0
HZ_3,Grower_90,Grower_53,2022,Tolerant,0.35,SE,E,0,198721-601608,0,0,6,2,0,0,0,7,0
HZ_19,Grower_203,Grower_24,2022,Verysusceptible,2.78,SE,SE,0,229937-435497,0,0,4,1,1,0,1,2,1
HZ_17,Grower_132,Grower_42,2019,Susceptible,0.31,SE,A,0,161023-568991,0,0,8,1,3,0,0,0,0
HZ_54,Grower_93,Grower_1,2022,Verysusceptible,0.65,SE,SE,0,173816-591489,0,0,0,0,0,0,8,4,2
HZ_17,Grower_83,Grower_47,2023,Susceptible,4.0,SE,SE,0,196886-597277,0,0,3,0,2,1,0,1,0
HZ_29,Grower_338,Grower_2,2020,Tolerant,1.26,SE,SE,0,178191-549485,0,0,1,0,0,0,0,0,0
HZ_24,Grower_197,Grower_48,2021,Tolerant,1.0,PB4,PB4,0,118851-564008,0,0,3,0,1,0,0,1,0
HZ_32,Grower_186,Grower_44,2020,Susceptible,2.9,SE,SE,0,173476-515592,0,0,0,0,0,0,0,0,0
HZ_17,Grower_319,Grower_58,2020,Susceptible,0.76,SE,-,0,212603-589129,0,0,8,0,3,0,0,0,0
HZ_12,Grower_19,Grower_126,2021,Susceptible,0.91,SE,SE,0,243705-602241,0,0,7,8,5,3,5,7,2
HZ_3,Grower_143,Grower_144,2020,Tolerant,0.97,SE,E,0,177646-519222,0,0,0,0,0,0,0,0,0
HZ_6,Grower_310,Grower_113,2022,Tolerant,3.65,E,E,0,221270-596215,0,0,3,1,0,1,0,6,0
HZ_11,Grower_202,Grower_12,2023,Tolerant,0.94,SE,SE,0,121217-571526,0,0,2,0,0,0,0,2,0
HZ_34,Grower_65,Grower_49,2023,Verysusceptible,1.92,SE,SE,0,227093-604100,0,0,3,1,1,0,1,3,0
HZ_16,Grower_59,Grower_1,2021,Susceptible,0.23,E,AF,0,234226-600208,0,0,8,6,6,0,0,3,1
HZ_3,Grower_364,Grower_113,2019,Tolerant,1.44,SE,SE,0,245445-602308,0,0,0,0,0,0,0,0,0
HZ_4,Grower_3,Grower_117,2019,Verysusceptible,3.31,E,A,0,244704-592722,0,0,6,3,4,0,0,0,0
HZ_24,Grower_198,Grower_24,2022,Tolerant,0.8,S,S,0,117072-564066,0,0,6,6,1,0,0,2,0
HZ_4,Grower_356,Grower_132,2019,Verysusceptible,3.92,SE,A,0,100911-476541,0,0,8,6,6,1,0,0,0
HZ_5,Grower_89,Grower_33,2022,Susceptible,0.45,SE,SE,0,194265-599743,0,0,0,0,0,0,0,0,0
HZ_12,Grower_305,Grower_146,2020,Susceptible,2.7,SE,A,0,247863-603888,0,0,2,1,1,0,0,0,0
HZ_43,Grower_20,Grower_68,2020,Tolerant,0.2,E,E,0,234641-601782,0,0,8,7,4,0,2,0,0
HZ_65,Grower_70,Grower_17,2019,Tolerant,1.02,SE,-,0,226042-595515,0,0,6,1,2,0,0,0,0
HZ_30,Grower_105,Grower_1,2022,Verysusceptible,0.45,PB4,SE,0,119727-572467,0,0,0,0,0,0,0,0,0
HZ_20,Grower_276,Grower_11,2021,Tolerant,0.4,SE,SE,0,100395-403495,0,0,8,2,3,0,1,6,0
HZ_7,Grower_130,Grower_205,2019,Tolerant,2.25,SE,SE,0,166748-583180,0,0,0,0,0,0,0,0,0
HZ_3,Grower_151,Grower_88,2022,Tolerant,4.77,SE,SE,0,162600-541136,0,0,1,2,0,0,0,3,0
HZ_58,Grower_125,Grower_93,2022,Susceptible,0.45,SE,-,0,160514-578029,0,0,6,2,4,0,0,2,0
HZ_16,Grower_311,Grower_8,2021,Susceptible,1.33,SE,SE,0,214352-589059,0,0,4,0,1,0,0,1,0
HZ_17,Grower_130,Grower_40,2019,Susceptible,1.25,SE,E,1,166121-582753,0,0,8,8,5,0,4,0,0
HZ_4,Grower_3,Grower_1,2022,Verysusceptible,2.26,SE,A,1,244294-592431,0,0,2,2,0,0,1,6,0
HZ_17,Grower_206,Grower_83,2023,Susceptible,1.05,PB4,PB4,0,113682-565651,0,0,6,3,3,0,0,0,0
HZ_3,Grower_151,Grower_86,2020,Tolerant,0.2,SE,SE,0,177676-537774,0,0,0,0,0,0,0,0,0
HZ_34,Grower_94,Grower_68,2022,Verysusceptible,0.3,PB3,-,0,185822-595555,0,0,3,1,0,0,2,2,0
HZ_34,Grower_150,Grower_2,2021,Verysusceptible,0.55,SE,SE,0,176421-530873,0,0,0,0,0,0,0,5,0
HZ_20,Grower_186,Grower_71,2023,Tolerant,0.8,SE,SE,0,175935-517381,0,0,1,0,0,0,0,0,0
HZ_20,Grower_40,Grower_2,2021,Tolerant,1.0,SE,SE,0,248901-604357,0,0,7,2,4,0,0,1,0
HZ_54,Grower_345,Grower_90,2022,Verysusceptible,0.9,SE,SE,0,186477-527695,0,0,0,0,0,0,1,0,0
HZ_17,Grower_175,Grower_47,2022,Susceptible,2.9,SE,SE,0,171007-521807,0,0,4,1,2,1,1,4,0
HZ_29,Grower_163,Grower_2,2021,Tolerant,1.48,SE,SE,0,159187-490917,0,0,0,0,0,0,0,1,0
HZ_20,Grower_83,Grower_76,2019,Tolerant,1.7,SE,A,0,193120-598933,0,0,8,2,3,0,0,0,0
HZ_43,Grower_342,Grower_18,2021,Tolerant,4.15,SE,A,0,187661-520863,0,0,1,0,0,0,1,3,0
HZ_51,Grower_108,Grower_12,2021,Susceptible,1.8,E,E,0,181208-584631,0,0,8,0,3,0,2,4,0
HZ_5,Grower_259,Grower_92,2023,Susceptible,3.2,SE,E,0,051714-361190,0,0,2,0,1,1,0,1,0
HZ_24,Grower_301,Grower_24,2020,Tolerant,2.03,SE,A,0,249338-607038,0,0,1,1,0,0,0,0,0
HZ_43,Grower_86,Grower_53,2022,Tolerant,0.57,SE,SE,0,195475-597742,0,0,6,1,1,1,1,3,0
HZ_13,Grower_312,Grower_153,2019,Tolerant,3.0,SE,A,0,090527-402786,0,0,1,1,0,0,0,0,0
HZ_20,Grower_15,Grower_83,2019,Tolerant,1.78,E,A,0,240406-608061,0,0,8,3,4,0,0,0,0
HZ_34,Grower_213,Grower_32,2022,Verysusceptible,0.5,PB3,-,0,134168-543212,0,0,7,1,0,1,0,1,0
HZ_17,Grower_383,Grower_42,2019,Susceptible,1.3,SE,A,0,166286-582513,0,0,8,1,3,0,0,0,0
HZ_3,Grower_375,Grower_8,2019,Tolerant,0.8,SE,SE,0,225090-594536,0,0,0,0,0,0,0,0,0
HZ_3,Grower_383,Grower_58,2021,Tolerant,2.3,E,E,0,164384-583039,0,0,4,0,1,0,0,0,0
HZ_17,Grower_206,Grower_58,2021,Susceptible,2.6,E,E,0,114529-567559,0,0,8,6,6,0,0,3,0
HZ_21,Grower_234,Grower_88,2019,Verysusceptible,1.1,SE,SE,0,122392-526094,0,0,0,0,0,0,0,0,0
HZ_24,Grower_373,Grower_40,2020,Tolerant,1.2,SE,A,0,105145-471733,0,0,0,0,0,0,0,0,0
HZ_3,Grower_98,Grower_76,2023,Tolerant,0.22,SE,A,0,182216-594415,0,0,0,0,0,0,0,0,0
HZ_26,Grower_26,Grower_33,2023,Tolerant,0.86,PB4,SE,0,237463-599590,0,0,6,0,4,0,0,1,0
HZ_12,Grower_263,Grower_16,2023,Susceptible,4.14,SE,SE,0,035392-375886,0,0,1,1,0,0,0,0,0
HZ_17,Grower_195,Grower_23,2022,Susceptible,2.5,E,E,0,120435-567893,0,0,7,1,2,2,0,0,0
HZ_5,Grower_218,Grower_86,2023,Susceptible,2.28,SE,SE,0,117874-532420,0,0,0,0,0,0,0,0,0
HZ_19,Grower_321,Grower_50,2021,Verysusceptible,3.05,PB4,A,1,238029-601606,0,0,8,5,2,0,0,2,0
HZ_16,Grower_42,Grower_17,2019,Susceptible,1.2,SE,SE,0,247826-600879,0,0,8,7,4,0,3,0,0
HZ_19,Grower_288,Grower_24,2022,Verysusceptible,1.04,SE,SE,0,253538-602177,0,0,5,2,0,0,0,1,1
HZ_12,Grower_31,Grower_15,2021,Susceptible,1.67,E,E,0,250936-606152,0,0,5,0,2,0,0,3,0
HZ_3,Grower_211,Grower_36,2021,Tolerant,1.4,SE,SE,0,129268-542976,0,0,0,0,0,0,0,0,0
HZ_5,Grower_234,Grower_83,2022,Susceptible,1.1,SE,E,0,128875-515798,0,0,8,5,2,0,2,8,1
HZ_5,Grower_8,Grower_92,2021,Susceptible,1.5,SE,SE,0,249486-594601,0,0,0,0,0,0,0,0,0
HZ_20,Grower_212,Grower_12,2022,Tolerant,0.45,SE,E,0,133698-535992,0,0,4,1,2,0,1,4,0
HZ_42,Grower_93,Grower_66,2022,Verysusceptible,2.67,E,E,0,182704-595320,0,0,6,1,0,0,2,1,0
HZ_19,Grower_18,Grower_50,2021,Verysusceptible,0.68,PB4,E,1,232490-601910,0,0,8,5,2,0,0,2,0
HZ_75,Grower_126,Grower_64,2019,Tolerant,0.35,SE,A,0,164618-579918,0,0,8,8,5,0,0,0,0
HZ_20,Grower_19,Grower_2,2020,Tolerant,2.66,E,E,0,242632-603017,0,0,0,0,0,0,0,0,0
HZ_12,Grower_224,Grower_95,2021,Susceptible,2.96,SE,SE,0,126339-534231,0,0,5,4,3,2,0,6,0
HZ_38,Grower_122,Grower_4,2019,Tolerant,2.07,SE,SE,0,175689-589669,0,0,1,0,0,0,0,0,0
HZ_38,Grower_236,Grower_40,2023,Tolerant,0.3,E,E,0,137295-525131,0,0,3,0,0,0,0,3,0
HZ_43,Grower_91,Grower_36,2020,Tolerant,0.28,SE,SE,0,196687-599294,0,0,6,2,2,1,1,0,0
HZ_8,Grower_288,Grower_146,2021,Tolerant,1.11,SE,SE,0,253626-600749,0,0,2,1,1,0,0,0,0
HZ_5,Grower_203,Grower_86,2023,Susceptible,2.52,SE,SE,0,227028-434647,0,0,0,0,0,0,0,0,0
HZ_3,Grower_158,Grower_86,2023,Tolerant,2.3,E,A,0,169601-510681,0,0,1,0,1,0,0,1,0
HZ_17,Grower_211,Grower_90,2020,Susceptible,1.21,SE,SE,0,130676-538496,0,0,3,0,1,0,0,0,0
HZ_51,Grower_301,Grower_55,2021,Susceptible,1.52,SE,SE,0,252019-602938,0,0,8,4,6,0,1,5,0
HZ_3,Grower_7,Grower_18,2023,Tolerant,2.3,E,E,0,264493-590378,0,0,1,0,1,0,0,0,0
HZ_40,Grower_201,Grower_44,2023,Tolerant,0.9,SE,E,1,089240-402167,0,0,7,3,7,3,0,0,0
HZ_43,Grower_105,Grower_68,2020,Tolerant,0.15,E,A,0,121667-571974,0,0,8,7,4,0,2,0,0
HZ_20,Grower_206,Grower_83,2020,Tolerant,0.9,E,A,0,116183-568735,0,0,4,1,1,0,0,0,0
HZ_65,Grower_261,Grower_153,2021,Tolerant,1.6,SE,E,0,057608-412893,0,0,8,8,5,0,0,4,0
HZ_20,Grower_84,Grower_70,2023,Tolerant,2.4,S,SE,0,198228-601458,0,0,0,0,0,0,0,0,0
HZ_17,Grower_205,Grower_12,2019,Susceptible,0.3,E,E,0,113428-563391,0,0,5,2,2,0,0,0,0
HZ_40,Grower_201,Grower_44,2022,Tolerant,0.15,SE,SE,0,089714-402082,0,0,5,1,2,0,0,2,0
HZ_4,Grower_267,Grower_1,2019,Verysusceptible,1.55,SE,E,1,094465-424027,0,0,6,2,2,1,4,0,0
HZ_3,Grower_137,Grower_61,2019,Tolerant,0.85,SE,A,0,166511-579744,0,0,5,0,2,0,0,0,0
HZ_3,Grower_87,Grower_163,2020,Tolerant,0.85,SE,A,0,203392-601658,0,0,6,0,2,0,0,0,0
HZ_4,Grower_254,Grower_49,2019,Verysusceptible,1.0,SE,SE,0,054163-362376,0,0,7,3,5,0,2,0,0
HZ_54,Grower_154,Grower_1,2020,Verysusceptible,0.65,E,E,0,170938-531909,0,0,8,5,2,0,0,0,0
HZ_24,Grower_294,Grower_24,2021,Tolerant,0.44,PB4,PB4,0,238317-605706,0,0,1,0,0,0,0,1,0
HZ_20,Grower_255,Grower_1,2021,Tolerant,3.0,SE,SE,0,040987-370699,0,0,0,0,0,0,0,0,0
HZ_3,Grower_161,Grower_71,2023,Tolerant,1.23,SE,AF,0,167212-508922,0,0,0,0,0,0,0,0,0
HZ_37,Grower_44,Grower_36,2023,Tolerant,1.04,SE,SE,0,232483-600327,0,0,0,0,0,0,0,0,0
HZ_38,Grower_351,Grower_12,2019,Tolerant,2.34,E,E,0,130727-544589,0,0,8,5,2,0,0,0,0
HZ_4,Grower_277,Grower_49,2021,Verysusceptible,2.45,SE,SE,0,076839-397129,0,0,8,0,3,0,0,8,0
HZ_20,Grower_354,Grower_112,2020,Tolerant,1.2,E,A,0,135529-527162,0,0,7,2,4,0,0,0,0
HZ_20,Grower_28,Grower_16,2023,Tolerant,1.0,SE,SE,0,246313-597842,0,0,0,0,0,0,0,0,0
HZ_51,Grower_105,Grower_12,2020,Susceptible,3.0,S,S,0,119640-568199,0,0,4,1,1,0,0,0,0
HZ_20,Grower_276,Grower_8,2023,Tolerant,0.5,SE,A,0,100676-403761,0,0,3,0,3,0,0,1,0
HZ_17,Grower_175,Grower_46,2021,Susceptible,2.85,SE,E,0,172114-520566,0,0,4,1,1,0,1,0,0
HZ_20,Grower_105,Grower_116,2022,Tolerant,0.9,PB4,SE,0,119154-565757,0,0,4,1,0,2,0,1,0
HZ_17,Grower_132,Grower_52,2023,Susceptible,0.8,SE,SE,0,161959-570444,0,0,8,4,7,1,0,0,0
HZ_4,Grower_201,Grower_52,2021,Verysusceptible,2.5,SE,SE,0,089597-402804,0,0,7,0,3,0,0,0,0
HZ_34,Grower_19,Grower_2,2021,Verysusceptible,0.95,E,E,0,243705-602241,0,0,0,0,0,0,0,5,0
HZ_55,Grower_268,Grower_74,2020,Tolerant,1.23,SE,A,0,067420-400268,0,0,0,0,0,0,0,0,0
HZ_51,Grower_35,Grower_55,2021,Susceptible,1.5,SE,SE,0,246369-606380,0,0,8,4,6,0,1,5,0
HZ_65,Grower_267,Grower_49,2021,Tolerant,3.25,SE,SE,0,091852-422001,0,0,4,0,1,0,0,1,0
HZ_20,Grower_34,Grower_11,2020,Tolerant,1.15,SE,SE,0,246795-606996,0,0,4,1,1,0,0,0,0
HZ_20,Grower_294,Grower_49,2019,Tolerant,2.4,SE,A,0,238138-606388,0,0,7,5,6,0,0,0,0
HZ_4,Grower_319,Grower_132,2019,Verysusceptible,0.49,SE,-,0,211666-589993,0,0,8,6,6,1,0,0,0
HZ_1,Grower_154,Grower_82,2022,Tolerant,0.33,SE,SE,0,169552-530324,0,0,3,0,1,1,0,0,0
HZ_20,Grower_213,Grower_147,2021,Tolerant,0.8,SE,SE,0,134510-543382,0,0,6,4,3,0,0,2,1
HZ_51,Grower_121,Grower_132,2021,Susceptible,5.0,E,E,0,177851-583122,0,0,6,6,1,1,2,5,0
HZ_12,Grower_63,Grower_126,2021,Susceptible,0.17,SE,SE,0,228585-598409,0,0,7,8,5,3,5,7,2
HZ_3,Grower_378,Grower_205,2019,Tolerant,1.0,SE,-,0,214502-590876,0,0,3,0,1,0,0,0,0
HZ_4,Grower_187,Grower_61,2021,Verysusceptible,4.38,SE,SE,0,054699-374545,0,0,6,2,2,0,0,1,0
HZ_39,Grower_182,Grower_36,2023,Tolerant,1.1,SE,SE,0,185282-530893,0,0,0,0,0,0,0,0,0
HZ_51,Grower_171,Grower_5,2022,Susceptible,0.7,SE,SE,0,187660-532799,0,0,8,2,7,4,0,2,1
HZ_2,Grower_2,Grower_81,2019,Tolerant,0.82,SE,SE,0,251288-602931,0,0,0,0,0,0,0,0,0
HZ_20,Grower_204,Grower_83,2019,Tolerant,1.3,SE,E,1,118891-562936,0,0,8,5,2,1,0,0,0
HZ_17,Grower_83,Grower_65,2020,Susceptible,2.0,SE,SE,0,196343-598018,0,0,7,4,4,1,1,0,0
HZ_4,Grower_187,Grower_49,2023,Verysusceptible,2.38,SE,A,0,058323-371801,0,0,0,0,0,0,0,0,0
HZ_5,Grower_284,Grower_83,2021,Susceptible,1.7,SE,SE,0,085738-401201,0,0,2,1,1,0,0,1,0
HZ_36,Grower_127,Grower_11,2022,Tolerant,0.9,SE,SE,0,167680-581680,0,0,7,5,6,0,3,0,3
HZ_24,Grower_301,Grower_40,2020,Tolerant,0.41,SE,A,0,252408-603064,0,0,4,1,1,0,0,0,0
HZ_21,Grower_218,Grower_90,2020,Verysusceptible,0.57,SE,SE,0,117310-537212,0,0,0,0,0,0,0,0,0
HZ_5,Grower_248,Grower_90,2019,Susceptible,1.28,SE,A,0,058346-363751,0,0,0,0,0,0,0,0,0
HZ_20,Grower_74,Grower_38,2022,Tolerant,2.18,SE,SE,0,227467-595220,0,0,6,2,1,0,0,7,0
HZ_3,Grower_394,Grower_132,2020,Tolerant,0.6,SE,A,0,178985-517126,0,0,0,0,0,0,0,0,0
HZ_3,Grower_154,Grower_66,2020,Tolerant,0.59,E,E,0,171113-532684,0,0,1,0,0,0,0,0,0
HZ_17,Grower_89,Grower_47,2023,Susceptible,1.45,SE,SE,0,194109-600149,0,0,3,0,2,1,0,1,0
HZ_4,Grower_67,Grower_117,2019,Verysusceptible,2.1,SE,A,0,234282-599089,0,0,7,4,4,0,0,0,0
HZ_2,Grower_91,Grower_2,2020,Tolerant,1.08,SE,SE,0,199041-599692,0,0,0,0,0,0,0,0,0
HZ_65,Grower_83,Grower_49,2021,Tolerant,2.0,SE,SE,0,194524-599924,0,0,4,0,1,0,0,1,0
HZ_4,Grower_271,Grower_1,2020,Verysusceptible,0.75,SE,E,0,091807-402634,0,0,6,2,2,0,3,0,0
HZ_20,Grower_110,Grower_116,2020,Tolerant,0.65,SE,SE,0,169095-587389,0,0,1,0,0,0,0,0,0
HZ_20,Grower_223,Grower_8,2020,Tolerant,0.52,E,AF,0,141841-526934,0,0,8,4,6,0,0,0,0
HZ_16,Grower_321,Grower_8,2021,Susceptible,2.5,PB4,SE,0,244265-608273,0,0,4,0,1,0,0,1,0
HZ_10,Grower_5,Grower_44,2022,Tolerant,0.26,SE,SE,0,250591-601068,0,0,1,1,0,0,0,1,0
HZ_48,Grower_255,Grower_99,2019,Verysusceptible,3.9,SE,AF,1,045397-370133,0,0,8,8,5,0,8,0,0
HZ_17,Grower_132,Grower_52,2021,Susceptible,0.81,SE,SE,0,161159-570717,0,0,7,3,5,0,0,3,0
HZ_12,Grower_63,Grower_126,2021,Susceptible,0.94,SE,SE,0,228216-598201,0,0,7,8,5,3,5,7,2
HZ_23,Grower_150,Grower_30,2022,Verysusceptible,1.56,E,E,0,176720-530690,0,0,7,2,6,0,0,3,0
HZ_51,Grower_139,Grower_61,2020,Susceptible,0.98,SE,-,0,161557-583526,0,0,2,0,1,0,0,0,0
HZ_3,Grower_39,Grower_110,2021,Tolerant,0.8,SE,SE,0,246435-605892,0,0,5,0,2,0,0,0,0
HZ_21,Grower_235,Grower_90,2019,Verysusceptible,3.0,E,A,1,125288-517312,0,0,8,8,5,0,0,0,0
HZ_13,Grower_9,Grower_176,2019,Tolerant,0.36,E,A,0,263586-581529,0,0,0,0,0,0,0,0,0
HZ_12,Grower_90,Grower_205,2019,Susceptible,0.2,PB2,-,0,198471-601752,0,0,0,0,0,0,0,0,0
HZ_22,Grower_239,Grower_88,2020,Tolerant,1.75,SE,A,0,018441-373362,0,0,3,0,1,0,0,0,0
HZ_12,Grower_244,Grower_146,2020,Susceptible,3.05,SE,E,0,050487-370505,0,0,2,1,1,0,0,0,0
HZ_43,Grower_81,Grower_65,2019,Tolerant,1.2,SE,A,0,196838-598481,0,0,0,0,0,0,0,0,0
HZ_5,Grower_252,Grower_47,2021,Susceptible,4.0,SE,SE,0,052554-374045,0,0,1,1,0,0,0,1,0
HZ_24,Grower_32,Grower_48,2022,Tolerant,0.84,SE,SE,0,242910-601706,0,0,4,7,2,2,5,7,2
HZ_3,Grower_94,Grower_58,2023,Tolerant,0.1,E,E,0,185593-595723,0,0,2,0,2,0,0,0,0
HZ_55,Grower_226,Grower_114,2021,Tolerant,1.2,SE,SE,0,126991-540384,0,0,0,0,0,0,0,5,0
HZ_3,Grower_37,Grower_3,2020,Tolerant,1.1,SE,A,0,246943-606310,0,0,6,2,2,0,0,0,0
HZ_39,Grower_206,Grower_90,2022,Tolerant,1.0,SE,A,0,115083-567094,0,0,1,0,1,1,0,2,0
HZ_20,Grower_281,Grower_82,2020,Tolerant,2.4,SE,A,0,082939-397558,0,0,1,0,0,1,0,0,0
HZ_43,Grower_89,Grower_65,2019,Tolerant,1.1,SE,SE,0,200317-601346,0,0,1,1,0,0,0,0,0
HZ_16,Grower_18,Grower_1,2020,Susceptible,0.97,SE,SE,0,233640-601202,0,0,1,2,0,0,0,0,0
HZ_17,Grower_102,Grower_32,2021,Susceptible,1.1,SE,-,0,182411-594016,0,0,8,6,6,0,3,8,0
HZ_20,Grower_395,Grower_90,2021,Tolerant,1.75,E,E,0,117318-564438,0,0,7,3,5,0,0,0,0
HZ_20,Grower_74,Grower_2,2021,Tolerant,0.4,SE,E,0,227618-595178,0,0,7,2,4,0,0,1,0
HZ_17,Grower_9,Grower_47,2022,Susceptible,0.85,SE,SE,0,263586-581369,0,0,4,1,2,1,1,4,0
HZ_46,Grower_201,Grower_99,2022,Susceptible,0.6,SE,A,1,089714-402082,0,0,4,1,1,1,0,2,0
HZ_3,Grower_15,Grower_36,2019,Tolerant,1.75,SE,SE,0,241822-605621,0,0,2,1,1,0,0,0,0
HZ_8,Grower_342,Grower_48,2020,Tolerant,0.31,SE,SE,0,187282-517071,0,0,0,0,0,0,0,0,0
HZ_3,Grower_120,Grower_52,2021,Tolerant,0.77,SE,SE,0,173104-588705,0,0,0,0,0,0,0,0,0
HZ_11,Grower_247,Grower_102,2020,Tolerant,2.5,SE,SE,0,039439-368606,0,0,0,0,0,0,0,0,0
HZ_51,Grower_205,Grower_55,2021,Susceptible,1.5,SE,E,1,119206-565068,0,0,8,4,6,0,1,5,0
HZ_13,Grower_245,Grower_101,2023,Tolerant,1.25,SE,E,0,037367-374214,0,0,0,0,0,0,0,0,0
HZ_65,Grower_44,Grower_12,2019,Tolerant,1.89,E,E,0,231420-600860,0,0,6,2,2,0,0,0,0
HZ_5,Grower_10,Grower_47,2019,Susceptible,6.05,E,E,0,262179-585225,0,0,0,0,0,0,0,0,0
HZ_43,Grower_99,Grower_68,2020,Tolerant,2.25,SE,A,0,199344-597120,0,0,8,5,2,0,1,0,0
HZ_20,Grower_223,Grower_8,2019,Tolerant,0.78,SE,AF,0,128334-538579,0,0,6,4,3,0,0,0,0
HZ_5,Grower_38,Grower_3,2019,Susceptible,0.5,SE,A,0,248372-606130,0,0,0,0,0,0,0,0,0
HZ_3,Grower_126,Grower_61,2020,Tolerant,0.9,SE,-,0,164384-579844,0,0,1,0,0,0,0,0,0
HZ_16,Grower_187,Grower_1,2019,Susceptible,2.34,SE,A,0,058806-375646,0,0,4,3,2,0,2,0,0
HZ_5,Grower_95,Grower_213,2019,Susceptible,1.6,E,E,0,183086-594441,0,0,0,0,0,0,0,0,0
HZ_3,Grower_94,Grower_58,2022,Tolerant,0.95,E,E,0,185226-596184,0,0,0,0,0,0,0,0,0
HZ_43,Grower_91,Grower_18,2020,Tolerant,0.86,SE,E,0,196717-599133,0,0,2,1,1,0,0,0,0
HZ_17,Grower_51,Grower_133,2019,Susceptible,1.24,SE,-,0,214182-585977,0,0,8,7,4,0,4,0,0
HZ_58,Grower_189,Grower_93,2022,Susceptible,0.63,SE,SE,0,174928-519537,0,0,6,2,4,0,0,2,0
HZ_42,Grower_271,Grower_66,2021,Verysusceptible,2.1,SE,SE,0,090048-399543,0,0,4,2,2,0,0,4,0
HZ_20,Grower_105,Grower_11,2019,Tolerant,1.1,SE,A,0,119589-569988,0,0,4,1,1,0,1,0,0
HZ_17,Grower_119,Grower_61,2021,Susceptible,0.7,SE,SE,0,174267-582937,0,0,7,2,4,0,0,1,0
HZ_16,Grower_206,Grower_1,2020,Susceptible,1.6,E,E,0,115615-568156,0,0,7,1,3,0,0,0,0
HZ_12,Grower_159,Grower_95,2019,Susceptible,1.9,E,A,0,176164-492977,0,0,6,1,2,0,0,0,0
HZ_42,Grower_152,Grower_66,2022,Verysusceptible,3.9,SE,E,1,173668-535823,0,0,8,1,0,0,3,2,0
HZ_20,Grower_28,Grower_1,2021,Tolerant,2.0,SE,SE,0,249424-598473,0,0,6,1,2,1,2,4,1
HZ_39,Grower_87,Grower_133,2019,Tolerant,2.7,SE,SE,0,203166-601390,0,0,1,0,0,0,3,0,0
HZ_37,Grower_203,Grower_59,2023,Tolerant,1.62,SE,E,0,241009-440893,0,0,5,0,5,1,0,0,0
HZ_12,Grower_264,Grower_95,2021,Susceptible,0.45,SE,SE,0,062409-371921,0,0,5,4,3,2,0,6,0
HZ_17,Grower_199,Grower_22,2020,Susceptible,0.94,E,A,1,113451-565121,0,0,4,2,2,1,0,0,0
HZ_5,Grower_141,Grower_61,2019,Susceptible,1.5,SE,-,0,158713-580360,0,0,8,1,3,0,0,0,0
HZ_3,Grower_74,Grower_50,2023,Tolerant,2.25,SE,SE,0,228111-595112,0,0,0,0,0,0,0,0,0
HZ_20,Grower_83,Grower_116,2022,Tolerant,1.8,SE,SE,0,191733-596576,0,0,3,0,2,0,0,0,0
HZ_51,Grower_238,Grower_12,2021,Susceptible,0.15,PB4,A,1,059109-370420,0,0,0,0,0,0,0,0,0
HZ_43,Grower_42,Grower_68,2020,Tolerant,1.19,E,A,1,247117-600643,0,0,8,7,4,0,2,0,0
HZ_56,Grower_182,Grower_49,2021,Susceptible,3.2,SE,A,1,185526-530738,0,0,7,4,4,1,0,6,0
HZ_20,Grower_64,Grower_2,2020,Tolerant,0.5,E,E,0,227005-600066,0,0,0,0,0,0,0,0,0
HZ_47,Grower_282,Grower_44,2020,Verysusceptible,2.75,SE,A,0,234196-436394,0,0,8,0,3,0,0,0,0
HZ_19,Grower_203,Grower_45,2023,Verysusceptible,3.15,SE,SE,0,233904-435711,0,0,7,3,6,0,0,0,0
HZ_38,Grower_195,Grower_4,2020,Tolerant,1.0,E,A,1,118385-562585,0,0,0,0,0,0,0,0,0
HZ_3,Grower_346,Grower_81,2020,Tolerant,2.26,SE,E,0,178639-552477,0,0,0,0,0,0,0,0,0
HZ_20,Grower_90,Grower_1,2023,Tolerant,0.6,SE,SE,0,198449-601363,0,0,0,0,0,0,0,0,0
HZ_4,Grower_77,Grower_33,2021,Verysusceptible,3.53,E,A,1,204946-600122,0,0,6,0,2,0,1,1,0
HZ_17,Grower_275,Grower_99,2022,Susceptible,1.7,SE,SE,0,082770-401193,0,0,5,2,4,0,0,4,0
HZ_9,Grower_89,Grower_2,2022,Verysusceptible,2.0,SE,SE,0,191753-600256,0,0,0,0,0,0,0,0,0
HZ_12,Grower_389,Grower_95,2021,Susceptible,0.74,SE,SE,0,175882-533489,0,0,5,4,3,2,0,6,0
HZ_13,Grower_64,Grower_17,2019,Tolerant,1.37,SE,-,0,227476-600070,0,0,8,4,6,0,0,0,0
HZ_4,Grower_77,Grower_33,2021,Verysusceptible,0.63,E,A,1,205217-600347,0,0,6,0,2,0,1,1,0
HZ_51,Grower_321,Grower_12,2021,Susceptible,2.85,PB4,PB4,0,241602-601788,0,0,0,0,0,0,0,0,0
HZ_24,Grower_203,Grower_48,2020,Tolerant,4.2,SE,SE,0,233643-437047,0,0,2,0,1,0,0,0,0
HZ_5,Grower_236,Grower_33,2022,Susceptible,1.7,E,E,0,135645-521698,0,0,0,0,0,0,0,1,0
HZ_17,Grower_204,Grower_52,2019,Susceptible,2.1,E,E,0,120440-564800,0,0,8,0,3,1,0,0,0
HZ_47,Grower_275,Grower_44,2022,Verysusceptible,0.8,SE,A,0,087708-395673,0,0,6,4,1,0,0,0,0
HZ_12,Grower_399,Grower_125,2021,Susceptible,1.2,SE,SE,0,061567-372420,0,0,7,5,6,0,3,2,0
HZ_35,Grower_211,Grower_201,2019,Tolerant,1.23,E,E,0,131454-536845,0,0,8,8,5,0,4,0,0
HZ_17,Grower_109,Grower_52,2020,Susceptible,0.96,SE,SE,0,176612-589871,0,0,7,4,4,0,0,0,0
HZ_4,Grower_87,Grower_66,2021,Verysusceptible,3.6,SE,SE,0,203050-600137,0,0,7,0,3,0,1,7,0
HZ_12,Grower_63,Grower_136,2020,Susceptible,1.04,SE,A,1,228534-598636,0,0,7,7,5,0,7,0,0
HZ_20,Grower_183,Grower_82,2021,Tolerant,3.65,SE,SE,0,185879-527632,0,0,1,0,0,0,0,0,0
HZ_20,Grower_220,Grower_90,2023,Tolerant,1.97,E,E,0,129932-541910,0,0,0,0,0,0,0,0,0
HZ_17,Grower_45,Grower_12,2020,Susceptible,0.14,SE,SE,0,214752-593026,0,0,8,3,4,0,0,0,0
HZ_8,Grower_192,Grower_58,2020,Tolerant,1.06,SE,SE,0,223689-602593,0,0,2,0,1,0,0,0,0
HZ_2,Grower_154,Grower_82,2020,Tolerant,0.65,SE,SE,0,171445-532727,0,0,0,0,0,0,0,0,0
HZ_12,Grower_15,Grower_15,2020,Susceptible,1.28,SE,A,0,238994-603097,0,0,0,0,0,0,0,0,0
HZ_61,Grower_374,Grower_168,2019,Susceptible,1.5,SE,E,1,098928-471540,0,0,0,0,0,0,0,0,0
HZ_5,Grower_88,Grower_33,2022,Susceptible,1.71,PB4,PB4,0,217511-588160,0,0,0,0,0,0,0,0,0
HZ_36,Grower_114,Grower_11,2023,Tolerant,1.7,SE,SE,0,169088-589867,0,0,8,1,4,0,0,3,0
HZ_20,Grower_291,Grower_1,2021,Tolerant,4.58,SE,SE,0,239057-599249,0,0,5,0,2,0,0,1,0
HZ_20,Grower_148,Grower_222,2019,Tolerant,0.5,SE,SE,0,176909-529000,0,0,5,2,2,0,0,0,0
HZ_4,Grower_241,Grower_1,2022,Verysusceptible,4.03,SE,SE,0,017690-372555,0,0,1,0,0,0,1,4,0
HZ_4,Grower_272,Grower_1,2020,Verysusceptible,0.7,SE,A,1,091095-398465,0,0,6,2,2,0,3,0,0
HZ_5,Grower_10,Grower_5,2023,Susceptible,1.5,SE,A,0,261144-586036,0,0,0,0,0,0,0,0,0
HZ_20,Grower_200,Grower_1,2020,Tolerant,0.72,SE,AF,0,118096-571116,0,0,7,1,3,0,0,0,0
HZ_17,Grower_104,Grower_58,2022,Susceptible,1.5,E,E,0,180065-592209,0,0,4,2,2,0,2,3,0
HZ_63,Grower_296,Grower_24,2020,Tolerant,2.17,SE,SE,0,240785-600250,0,0,0,0,0,0,0,0,0
HZ_38,Grower_195,Grower_12,2022,Tolerant,2.25,E,E,0,114911-566565,0,0,4,2,1,0,1,2,0
HZ_20,Grower_294,Grower_12,2021,Tolerant,1.98,SE,SE,0,237783-607022,0,0,7,2,4,0,1,6,1
HZ_47,Grower_282,Grower_167,2021,Verysusceptible,3.06,SE,A,1,227618-440887,0,0,7,7,5,0,5,7,0
HZ_17,Grower_195,Grower_23,2019,Susceptible,2.7,E,E,0,118558-571503,0,0,7,6,4,0,0,0,0
HZ_3,Grower_314,Grower_47,2020,Tolerant,1.29,SE,SE,0,252640-599532,0,0,0,0,0,0,0,0,0
HZ_16,Grower_282,Grower_31,2019,Susceptible,1.22,SE,A,0,232958-435161,0,0,3,1,1,0,0,0,0
HZ_39,Grower_75,Grower_61,2023,Tolerant,1.63,SE,A,0,206407-591252,0,0,8,0,2,0,0,8,0
HZ_11,Grower_231,Grower_102,2019,Tolerant,0.47,SE,SE,0,120987-538998,0,0,5,3,3,0,0,0,0
HZ_12,Grower_40,Grower_15,2020,Susceptible,1.3,SE,SE,0,247252-604738,0,0,0,0,0,0,0,0,0
HZ_12,Grower_264,Grower_146,2019,Susceptible,2.3,E,E,0,061425-374235,0,0,6,1,2,0,0,0,0
HZ_17,Grower_319,Grower_22,2020,Susceptible,1.32,SE,A,1,212603-589129,0,0,7,8,5,2,0,0,0
HZ_29,Grower_291,Grower_18,2019,Tolerant,0.89,SE,E,0,235907-604859,0,0,1,0,0,0,0,0,0
HZ_17,Grower_84,Grower_52,2020,Susceptible,1.5,SE,SE,0,195076-598872,0,0,8,1,3,0,0,0,0
HZ_5,Grower_332,Grower_33,2021,Susceptible,1.0,SE,SE,0,177730-592592,0,0,3,0,1,0,0,1,0
HZ_12,Grower_19,Grower_117,2022,Susceptible,1.14,SE,SE,0,242266-602624,0,0,5,2,0,0,2,7,0
HZ_51,Grower_174,Grower_5,2022,Susceptible,1.68,SE,SE,0,046204-365265,0,0,8,2,7,4,0,2,1
HZ_61,Grower_244,Grower_58,2019,Susceptible,2.5,SE,E,1,054016-370352,0,0,8,8,5,0,2,0,0
HZ_22,Grower_43,Grower_38,2023,Tolerant,0.9,SE,SE,0,217729-596180,0,0,1,0,1,0,0,5,0
HZ_20,Grower_221,Grower_50,2023,Tolerant,3.36,SE,SE,0,126452-537087,0,0,7,0,3,0,0,4,0
HZ_3,Grower_332,Grower_110,2020,Tolerant,1.65,SE,-,0,179730-591409,0,0,0,0,0,0,0,0,0
HZ_36,Grower_127,Grower_11,2023,Tolerant,0.5,SE,E,0,168624-581463,0,0,8,1,4,0,0,3,0
HZ_20,Grower_152,Grower_82,2020,Tolerant,0.95,E,E,0,174106-533274,0,0,1,0,0,1,0,0,0
HZ_3,Grower_21,Grower_1,2023,Tolerant,3.0,SE,SE,0,240063-605857,0,0,0,0,0,0,0,0,0
HZ_3,Grower_127,Grower_61,2020,Tolerant,1.28,SE,SE,0,168796-581563,0,0,1,0,0,0,0,0,0
HZ_12,Grower_50,Grower_15,2020,Susceptible,0.51,SE,A,0,219911-592114,0,0,0,0,0,0,0,0,0
HZ_3,Grower_189,Grower_138,2022,Tolerant,0.33,E,E,0,174928-519537,0,0,0,0,0,0,0,0,0
HZ_7,Grower_119,Grower_66,2019,Tolerant,1.87,E,A,0,175408-582822,0,0,0,0,0,0,0,0,0
HZ_5,Grower_33,Grower_47,2020,Susceptible,1.75,SE,SE,0,247312-608256,0,0,0,0,0,0,0,0,0
HZ_16,Grower_282,Grower_1,2019,Susceptible,3.02,SE,A,0,237688-435494,0,0,4,3,2,0,2,0,0
HZ_29,Grower_181,Grower_86,2023,Tolerant,1.4,SE,A,0,180716-530220,0,0,0,0,0,0,0,0,0
HZ_17,Grower_87,Grower_53,2021,Susceptible,2.0,SE,SE,0,205935-594520,0,0,0,0,0,0,0,0,0
HZ_3,Grower_40,Grower_110,2021,Tolerant,0.45,SE,A,0,246871-604079,0,0,5,0,2,0,0,0,0
HZ_5,Grower_100,Grower_33,2020,Susceptible,1.7,SE,E,0,179483-587306,0,0,0,0,0,0,0,0,0
HZ_7,Grower_141,Grower_66,2022,Tolerant,1.4,SE,SE,0,158774-580450,0,0,0,0,0,0,0,1,0
HZ_2,Grower_81,Grower_6,2022,Tolerant,1.19,SE,A,0,197761-599328,0,0,1,0,1,0,0,0,0
HZ_5,Grower_8,Grower_47,2019,Susceptible,1.96,SE,SE,0,250174-596103,0,0,1,1,0,0,0,0,0
HZ_65,Grower_59,Grower_49,2019,Tolerant,1.92,SE,A,0,234115-600635,0,0,4,2,2,0,0,0,0
HZ_46,Grower_201,Grower_49,2023,Susceptible,2.1,SE,A,1,088973-402581,0,0,4,3,1,0,0,0,0
HZ_22,Grower_341,Grower_88,2019,Tolerant,0.9,E,E,0,169414-508490,0,0,4,3,2,0,2,0,0
HZ_30,Grower_220,Grower_81,2023,Verysusceptible,0.82,E,E,0,129575-543600,0,0,7,2,4,0,0,4,0
HZ_61,Grower_266,Grower_58,2019,Susceptible,1.45,SE,SE,0,044257-394747,0,0,8,6,6,0,1,0,0
HZ_24,Grower_77,Grower_40,2023,Tolerant,1.53,SE,SE,0,206019-600290,0,0,6,0,0,0,1,2,0
HZ_5,Grower_100,Grower_42,2021,Susceptible,3.0,E,E,0,175669-590603,0,0,3,0,1,0,0,1,0
HZ_24,Grower_260,Grower_48,2022,Tolerant,0.5,SE,A,0,058440-379225,0,0,5,6,3,1,0,7,4
HZ_5,Grower_4,Grower_111,2022,Susceptible,2.04,SE,SE,0,252896-603554,0,0,1,0,1,0,0,2,0
HZ_5,Grower_89,Grower_213,2019,Susceptible,1.7,SE,E,0,194553-599733,0,0,0,0,0,0,0,0,0
HZ_6,Grower_36,Grower_3,2023,Tolerant,1.2,SE,A,0,245981-608551,0,0,2,0,1,1,0,5,0
HZ_12,Grower_68,Grower_95,2021,Susceptible,0.55,SE,A,0,117984-563252,0,0,5,4,3,2,0,6,0
HZ_20,Grower_203,Grower_102,2019,Tolerant,2.07,SE,AF,0,237330-440770,0,0,8,2,3,0,0,0,0
HZ_3,Grower_168,Grower_68,2021,Tolerant,1.36,SE,A,1,179019-530241,0,0,6,1,2,0,0,2,0
HZ_17,Grower_102,Grower_156,2020,Susceptible,0.45,S,E,0,176397-581604,0,0,0,0,0,0,0,0,0
HZ_20,Grower_84,Grower_28,2023,Tolerant,1.2,PB4,PB4,0,198228-601458,0,0,2,1,1,0,0,2,0
HZ_3,Grower_94,Grower_33,2019,Tolerant,1.0,E,E,0,185602-596010,0,0,5,0,2,0,1,0,0
HZ_54,Grower_93,Grower_1,2022,Verysusceptible,1.45,E,E,0,173816-591489,0,0,0,0,0,0,8,4,2
HZ_17,Grower_56,Grower_133,2021,Susceptible,0.64,SE,SE,0,224886-592341,0,0,6,4,3,0,0,3,0
HZ_4,Grower_187,Grower_64,2019,Verysusceptible,1.62,SE,A,0,058323-371760,0,0,7,4,4,1,1,0,0
HZ_20,Grower_164,Grower_82,2020,Tolerant,3.5,SE,A,0,153117-482837,0,0,1,0,0,1,0,0,0
HZ_34,Grower_95,Grower_2,2022,Verysusceptible,1.99,SE,SE,0,184444-592775,0,0,8,2,0,0,3,7,1
HZ_70,Grower_275,Grower_2,2019,Tolerant,5.0,SE,A,0,102049-411308,0,0,1,1,0,0,0,0,0
HZ_17,Grower_206,Grower_147,2021,Susceptible,0.45,E,AF,1,114529-567559,0,0,1,0,0,0,0,1,0
HZ_3,Grower_37,Grower_113,2019,Tolerant,2.1,SE,SE,0,248155-608408,0,0,0,0,0,0,0,0,0
HZ_23,Grower_143,Grower_30,2022,Verysusceptible,1.8,SE,SE,0,178812-530831,0,0,7,2,6,0,0,3,0
HZ_3,Grower_104,Grower_163,2020,Tolerant,0.95,E,E,0,182036-592516,0,0,6,0,2,0,0,0,0
HZ_39,Grower_44,Grower_42,2020,Tolerant,1.52,SE,SE,0,230409-600509,0,0,0,0,0,0,0,0,0
HZ_20,Grower_21,Grower_8,2020,Tolerant,2.15,SE,-,0,239797-606612,0,0,0,0,0,0,0,0,0
HZ_3,Grower_97,Grower_205,2019,Tolerant,1.65,S,A,0,190009-597520,0,0,0,0,0,0,0,0,0
HZ_5,Grower_259,Grower_83,2021,Susceptible,1.2,SE,E,0,048974-361645,0,0,2,1,1,0,0,1,0
HZ_5,Grower_108,Grower_33,2022,Susceptible,1.05,SE,SE,0,181615-582872,0,0,0,0,0,0,0,0,0
HZ_17,Grower_212,Grower_42,2022,Susceptible,0.67,PB4,PB4,0,133887-535808,0,0,0,0,0,0,0,0,0
HZ_20,Grower_203,Grower_2,2019,Tolerant,5.95,SE,A,0,234854-436351,0,0,8,3,4,0,1,0,0
HZ_5,Grower_106,Grower_83,2020,Susceptible,0.58,SE,-,0,129419-533364,0,0,2,0,1,0,0,0,0
HZ_17,Grower_130,Grower_52,2023,Susceptible,0.57,PB4,-,0,166547-583640,0,0,8,4,7,1,0,0,0
HZ_27,Grower_122,Grower_2,2022,Tolerant,2.0,SE,SE,0,175704-589858,0,0,3,1,1,0,1,1,1
HZ_17,Grower_151,Grower_52,2022,Susceptible,1.2,SE,SE,0,186373-531654,0,0,6,0,3,0,0,0,0
HZ_3,Grower_209,Grower_75,2019,Tolerant,1.06,E,E,0,132160-545882,0,0,3,0,1,0,0,0,0
HZ_20,Grower_34,Grower_49,2022,Tolerant,1.45,SE,SE,0,246520-608541,0,0,5,2,3,0,0,4,1
HZ_20,Grower_164,Grower_82,2023,Tolerant,3.6,SE,E,0,152848-483253,0,0,4,1,2,0,0,0,0
HZ_3,Grower_168,Grower_48,2023,Tolerant,1.33,E,A,0,181280-532689,0,0,1,0,0,0,0,0,0
HZ_20,Grower_22,Grower_112,2020,Tolerant,1.03,SE,SE,0,237233-606360,0,0,8,2,3,0,0,0,0
HZ_22,Grower_275,Grower_48,2022,Tolerant,2.9,SE,SE,0,078366-403129,0,0,2,1,2,0,0,3,1
HZ_31,Grower_203,Grower_29,2021,Tolerant,0.94,SE,SE,0,226026-438483,0,0,0,0,0,0,0,1,0
HZ_13,Grower_251,Grower_101,2023,Tolerant,2.0,SE,E,0,059333-368717,0,0,0,0,0,0,0,0,0
HZ_50,Grower_226,Grower_47,2022,Tolerant,3.0,SE,SE,0,123772-538605,0,0,5,1,0,4,0,4,5
HZ_20,Grower_46,Grower_1,2020,Tolerant,1.36,E,E,0,220920-591737,0,0,6,1,2,0,0,0,0
HZ_24,Grower_79,Grower_24,2020,Tolerant,2.0,SE,SE,0,203568-593406,0,0,1,1,0,0,0,0,0
HZ_17,Grower_275,Grower_42,2021,Susceptible,2.01,SE,SE,0,086971-398754,0,0,8,4,6,0,1,0,0
HZ_29,Grower_301,Grower_2,2020,Tolerant,2.45,SE,A,0,252408-603064,0,0,1,0,0,0,0,0,0
HZ_49,Grower_136,Grower_133,2019,Susceptible,1.25,SE,SE,0,163974-579694,0,0,1,0,0,0,0,0,0
HZ_54,Grower_216,Grower_90,2019,Verysusceptible,0.5,PB3,PB3,0,118075-537166,0,0,0,0,0,0,0,0,0
HZ_20,Grower_294,Grower_2,2021,Tolerant,1.91,SE,E,0,237783-607022,0,0,7,2,4,0,0,1,0
HZ_20,Grower_332,Grower_194,2019,Tolerant,2.4,E,A,0,168220-586361,0,0,0,0,0,0,0,0,0
HZ_20,Grower_28,Grower_1,2020,Tolerant,1.14,SE,SE,0,246364-597814,0,0,7,1,3,0,0,0,0
HZ_3,Grower_330,Grower_52,2019,Tolerant,1.57,E,E,0,176202-588659,0,0,0,0,0,0,0,0,0
HZ_3,Grower_2,Grower_2,2020,Tolerant,0.48,SE,SE,0,251550-603255,0,0,2,0,1,0,0,0,0
HZ_20,Grower_152,Grower_71,2023,Tolerant,0.9,SE,E,0,173775-532235,0,0,0,0,0,0,0,0,0
HZ_17,Grower_275,Grower_147,2021,Susceptible,0.7,SE,SE,0,086971-398754,0,0,1,0,0,0,0,1,0
HZ_20,Grower_105,Grower_112,2020,Tolerant,0.45,E,E,0,117557-566203,0,0,8,2,3,0,0,0,0
HZ_4,Grower_249,Grower_11,2019,Verysusceptible,2.8,E,A,0,057941-366174,0,0,5,3,3,0,4,0,0
HZ_3,Grower_100,Grower_76,2023,Tolerant,0.87,SE,A,0,179109-587276,0,0,0,0,0,0,0,0,0
HZ_3,Grower_436,Grower_39,2019,Tolerant,2.5,E,B,0,252806-606004,0,0,1,1,0,0,0,0,0
HZ_46,Grower_275,Grower_3,2020,Susceptible,3.15,SE,A,0,086792-398865,0,0,2,0,1,0,0,0,0
HZ_24,Grower_64,Grower_24,2021,Tolerant,2.0,E,E,0,227146-599732,0,0,1,0,0,0,0,1,0
HZ_36,Grower_109,Grower_11,2021,Tolerant,0.91,SE,SE,0,176055-589210,0,0,6,0,2,0,0,0,0
HZ_20,Grower_286,Grower_1,2021,Tolerant,1.0,SE,SE,0,254933-599471,0,0,3,1,1,0,0,2,0
HZ_5,Grower_3,Grower_47,2022,Susceptible,2.83,SE,SE,0,249376-595017,0,0,1,1,1,0,0,0,0
HZ_8,Grower_161,Grower_82,2023,Tolerant,0.9,SE,A,0,175321-507945,0,0,1,0,1,0,0,0,0
HZ_20,Grower_99,Grower_163,2020,Tolerant,4.5,SE,SE,0,199837-597165,0,0,6,0,2,0,0,0,0
HZ_4,Grower_278,Grower_66,2023,Verysusceptible,4.0,SE,A,0,088008-399366,0,0,2,1,1,1,0,1,1
HZ_37,Grower_44,Grower_59,2023,Tolerant,3.0,E,E,0,232483-600327,0,0,5,0,5,1,0,0,0
HZ_3,Grower_394,Grower_132,2020,Tolerant,1.6,SE,A,0,178985-517126,0,0,0,0,0,0,0,0,0
HZ_4,Grower_3,Grower_66,2022,Verysusceptible,4.26,E,E,0,246523-592814,0,0,4,0,0,0,0,2,0
HZ_20,Grower_86,Grower_116,2019,Tolerant,3.18,SE,-,0,195986-600693,0,0,5,4,3,0,0,0,0
HZ_5,Grower_332,Grower_42,2020,Susceptible,0.9,SE,-,0,178389-592687,0,0,3,0,1,0,0,0,0
HZ_5,Grower_174,Grower_83,2022,Susceptible,1.82,SE,E,1,050362-369765,0,0,7,4,5,0,1,1,0
HZ_42,Grower_97,Grower_63,2022,Verysusceptible,0.8,PB4,-,0,201815-600658,0,0,5,4,1,0,0,2,0
HZ_21,Grower_168,Grower_89,2022,Verysusceptible,2.0,SE,SE,0,191138-528936,0,0,1,0,1,0,0,3,1
HZ_37,Grower_44,Grower_92,2022,Tolerant,0.88,SE,SE,0,231263-601503,0,0,7,4,3,5,0,5,0
HZ_37,Grower_41,Grower_55,2019,Tolerant,2.7,SE,SE,0,244961-597971,0,0,5,0,2,0,0,0,0
HZ_47,Grower_282,Grower_44,2020,Verysusceptible,2.8,SE,E,1,229626-438646,0,0,8,0,3,0,0,0,0
HZ_3,Grower_26,Grower_18,2019,Tolerant,1.2,E,E,0,237921-597860,0,0,1,1,0,0,0,0,0
HZ_43,Grower_217,Grower_18,2021,Tolerant,2.35,E,E,0,118776-537285,0,0,1,0,0,0,1,3,0
HZ_20,Grower_196,Grower_11,2019,Tolerant,2.02,SE,A,0,117890-565545,0,0,4,1,1,0,1,0,0
HZ_3,Grower_117,Grower_52,2023,Tolerant,1.08,SE,SE,0,172050-590635,0,0,0,0,0,0,0,0,0
HZ_3,Grower_121,Grower_75,2021,Tolerant,0.9,SE,SE,0,172657-580086,0,0,7,0,3,0,0,3,0
HZ_39,Grower_20,Grower_62,2022,Tolerant,0.95,SE,SE,0,234119-601495,0,0,0,0,0,0,0,0,0
HZ_12,Grower_177,Grower_95,2022,Susceptible,0.62,SE,SE,0,182478-522659,0,0,6,3,6,2,0,6,0
HZ_1,Grower_342,Grower_1,2022,Tolerant,0.17,E,E,0,187513-517548,0,0,1,1,0,0,0,0,0
HZ_22,Grower_358,Grower_31,2021,Tolerant,2.0,SE,SE,0,101701-407122,0,0,8,2,3,0,0,7,1
HZ_20,Grower_68,Grower_11,2019,Tolerant,0.82,SE,E,1,118187-563559,0,0,4,1,1,0,1,0,0
HZ_20,Grower_230,Grower_28,2020,Tolerant,3.0,SE,SE,0,124418-536354,0,0,2,1,1,0,0,0,0
HZ_16,Grower_20,Grower_32,2023,Susceptible,0.65,PB4,SE,0,233586-602353,0,0,6,0,0,0,0,0,0
HZ_39,Grower_297,Grower_90,2021,Tolerant,0.7,PB4,SE,0,235179-603303,0,0,6,0,2,1,0,1,0
HZ_17,Grower_198,Grower_83,2023,Susceptible,0.94,PB4,PB4,0,116445-565003,0,0,6,3,3,0,0,0,0
HZ_5,Grower_236,Grower_42,2021,Susceptible,1.2,E,E,0,134358-523028,0,0,3,0,1,0,0,1,0
HZ_3,Grower_29,Grower_3,2021,Tolerant,0.95,SE,SE,0,249864-605107,0,0,7,0,3,0,0,0,0
HZ_37,Grower_41,Grower_55,2019,Tolerant,0.3,SE,SE,0,245689-598230,0,0,5,0,2,0,0,0,0
HZ_3,Grower_74,Grower_50,2022,Tolerant,1.17,SE,SE,0,227749-594750,0,0,7,2,2,1,0,5,0
HZ_24,Grower_205,Grower_81,2020,Tolerant,1.8,SE,SE,0,120358-565797,0,0,0,0,0,0,0,0,0
HZ_22,Grower_150,Grower_82,2021,Tolerant,1.3,SE,SE,0,176421-530873,0,0,4,0,1,0,0,1,0
HZ_7,Grower_79,Grower_64,2023,Tolerant,0.65,SE,SE,0,203126-593264,0,0,0,0,0,0,0,0,0
HZ_5,Grower_4,Grower_112,2021,Susceptible,1.51,SE,SE,0,246928-601945,0,0,4,1,1,0,0,0,0
HZ_39,Grower_141,Grower_61,2020,Tolerant,0.54,SE,SE,0,159519-580492,0,0,8,0,3,0,0,0,0
HZ_4,Grower_276,Grower_1,2019,Verysusceptible,4.25,SE,E,1,095231-401807,0,0,6,2,2,1,4,0,0
HZ_2,Grower_81,Grower_6,2023,Tolerant,1.44,SE,SE,0,197962-599309,0,0,0,0,0,0,0,0,0
HZ_3,Grower_130,Grower_32,2023,Tolerant,0.7,PB4,-,0,166958-582594,0,0,0,0,0,0,0,0,0
HZ_3,Grower_23,Grower_30,2023,Tolerant,0.5,SE,A,0,238536-607106,0,0,1,0,1,0,0,0,0
HZ_5,Grower_175,Grower_86,2021,Susceptible,0.29,SE,SE,0,172251-521806,0,0,0,0,0,0,0,0,0
HZ_36,Grower_127,Grower_53,2023,Tolerant,0.47,PB4,E,0,168624-581463,0,0,4,3,2,0,0,0,0
HZ_49,Grower_136,Grower_41,2022,Susceptible,2.05,E,E,0,167469-582205,0,0,3,1,0,0,1,4,0
HZ_3,Grower_420,Grower_66,2020,Tolerant,0.86,E,A,0,167661-498162,0,0,0,0,0,0,0,0,0
HZ_3,Grower_143,Grower_82,2021,Tolerant,0.96,SE,E,0,177953-519473,0,0,2,0,1,0,0,0,0
HZ_34,Grower_104,Grower_32,2023,Verysusceptible,1.25,PB4,E,1,181553-594391,0,0,8,1,4,7,0,0,0
HZ_27,Grower_137,Grower_16,2023,Tolerant,1.0,SE,SE,0,165489-581190,0,0,0,0,0,0,0,1,0
HZ_4,Grower_356,Grower_1,2022,Verysusceptible,3.02,SE,E,1,101059-476229,0,0,2,2,0,0,1,6,0
HZ_30,Grower_120,Grower_66,2022,Verysusceptible,0.5,SE,SE,0,173271-590168,0,0,1,0,1,0,0,0,0
HZ_5,Grower_102,Grower_33,2019,Susceptible,0.4,SE,SE,0,182860-592655,0,0,2,1,1,0,0,0,0
HZ_17,Grower_114,Grower_61,2020,Susceptible,1.0,SE,SE,0,170205-590067,0,0,8,5,2,0,1,0,0
HZ_20,Grower_87,Grower_36,2019,Tolerant,2.76,SE,E,0,203763-592662,0,0,5,2,2,0,1,0,0
HZ_21,Grower_234,Grower_90,2020,Verysusceptible,0.98,SE,SE,0,122036-525770,0,0,0,0,0,0,0,0,0
HZ_43,Grower_108,Grower_18,2019,Tolerant,0.78,SE,A,0,182366-585546,0,0,0,0,0,0,0,0,0
HZ_12,Grower_209,Grower_125,2020,Susceptible,2.0,E,E,0,129751-535243,0,0,0,0,0,0,0,0,0
HZ_4,Grower_239,Grower_1,2020,Verysusceptible,2.75,SE,A,1,018316-373376,0,0,8,3,4,0,7,0,0
HZ_17,Grower_79,Grower_42,2022,Susceptible,0.7,SE,SE,0,202815-594507,0,0,2,1,1,1,1,2,0
HZ_3,Grower_178,Grower_48,2019,Tolerant,0.75,SE,SE,0,181448-529256,0,0,8,0,3,0,0,0,0
HZ_4,Grower_253,Grower_66,2021,Verysusceptible,3.4,SE,SE,0,055925-408591,0,0,7,0,3,0,1,7,0
HZ_13,Grower_358,Grower_101,2020,Tolerant,2.5,SE,SE,0,098707-406322,0,0,3,1,1,0,0,0,0
HZ_51,Grower_151,Grower_61,2022,Susceptible,1.0,SE,SE,0,162600-541136,0,0,1,0,0,0,0,1,0
HZ_43,Grower_86,Grower_36,2020,Tolerant,0.4,SE,SE,0,198317-597809,0,0,6,2,2,1,1,0,0
HZ_14,Grower_259,Grower_29,2022,Susceptible,1.1,SE,SE,0,048498-362516,0,0,2,0,2,0,0,0,0
HZ_14,Grower_244,Grower_7,2021,Susceptible,1.3,E,E,0,048033-368081,0,0,8,0,3,0,0,1,0
HZ_17,Grower_129,Grower_42,2019,Susceptible,0.4,SE,A,1,157602-553067,0,0,8,1,3,0,0,0,0
HZ_20,Grower_279,Grower_2,2023,Tolerant,1.8,SE,SE,0,083086-399306,0,0,7,2,2,0,0,3,0
HZ_33,Grower_143,Grower_149,2019,Tolerant,1.18,SE,A,0,177850-519778,0,0,0,0,0,0,0,0,0
HZ_37,Grower_203,Grower_55,2019,Tolerant,3.71,SE,SE,0,230007-436288,0,0,5,0,2,0,0,0,0
HZ_7,Grower_15,Grower_6,2021,Tolerant,3.97,E,E,0,239535-604570,0,0,0,0,0,0,0,0,0
HZ_49,Grower_88,Grower_41,2021,Susceptible,0.6,PB4,PB4,0,215216-586926,0,0,0,0,0,0,0,0,0
HZ_51,Grower_314,Grower_12,2021,Susceptible,2.29,SE,A,1,253591-600087,0,0,0,0,0,0,0,0,0
HZ_17,Grower_64,Grower_12,2020,Susceptible,0.75,SE,-,0,225150-600654,0,0,5,1,2,0,0,0,0
HZ_29,Grower_129,Grower_16,2023,Tolerant,1.25,SE,SE,0,159487-578779,0,0,0,0,0,0,0,0,0
HZ_20,Grower_395,Grower_83,2019,Tolerant,0.75,SE,A,0,117131-565017,0,0,8,3,4,0,0,0,0
HZ_17,Grower_64,Grower_133,2019,Susceptible,0.8,SE,-,0,225601-600680,0,0,8,7,4,0,4,0,0
HZ_20,Grower_143,Grower_82,2022,Tolerant,2.38,SE,SE,0,178091-528292,0,0,2,1,1,1,0,1,1
HZ_61,Grower_244,Grower_58,2020,Susceptible,0.7,SE,SE,0,049471-370790,0,0,6,1,2,0,1,0,0
HZ_1,Grower_34,Grower_112,2022,Tolerant,0.54,SE,SE,0,245688-608189,0,0,2,0,1,0,0,2,0
HZ_4,Grower_95,Grower_205,2019,Verysusceptible,0.7,E,E,0,183491-595413,0,0,8,1,3,0,0,0,0
HZ_65,Grower_319,Grower_17,2019,Tolerant,2.1,SE,SE,0,212223-589639,0,0,6,1,2,0,0,0,0
HZ_32,Grower_342,Grower_44,2021,Susceptible,4.88,SE,SE,0,186425-516877,0,0,1,0,0,0,0,0,0
HZ_4,Grower_373,Grower_49,2019,Verysusceptible,1.65,SE,A,0,102823-472288,0,0,7,3,5,0,2,0,0
HZ_22,Grower_255,Grower_88,2023,Tolerant,4.0,SE,SE,0,045779-368042,0,0,0,0,0,0,0,0,0
HZ_4,Grower_280,Grower_2,2022,Verysusceptible,3.15,SE,SE,0,087759-401329,0,0,6,1,2,4,4,8,0
HZ_3,Grower_77,Grower_127,2019,Tolerant,1.79,SE,SE,0,205926-598292,0,0,1,0,0,0,0,0,0
HZ_3,Grower_234,Grower_50,2021,Tolerant,0.76,SE,SE,0,119798-517090,0,0,6,3,4,0,0,1,0
HZ_17,Grower_87,Grower_53,2022,Susceptible,3.6,SE,SE,0,203619-592362,0,0,8,5,5,0,3,2,0
HZ_19,Grower_49,Grower_12,2019,Verysusceptible,0.65,PB3,PB3,0,215264-590730,0,0,0,0,0,0,0,0,0
HZ_4,Grower_360,Grower_117,2019,Verysusceptible,1.1,SE,A,0,270130-574015,0,0,6,3,4,0,0,0,0
HZ_4,Grower_209,Grower_2,2020,Verysusceptible,1.6,E,E,0,131902-545721,0,0,6,4,3,0,2,0,0
HZ_20,Grower_334,Grower_40,2022,Tolerant,1.79,SE,A,0,182372-594348,0,0,5,1,2,0,1,0,0
HZ_13,Grower_232,Grower_101,2020,Tolerant,0.86,SE,E,0,115959-527385,0,0,3,1,1,0,0,0,0
HZ_17,Grower_259,Grower_32,2019,Susceptible,2.5,E,E,0,050101-363064,0,0,7,6,4,0,0,0,0
HZ_5,Grower_331,Grower_33,2022,Susceptible,0.37,SE,SE,0,182521-593312,0,0,0,0,0,0,0,0,0
HZ_3,Grower_31,Grower_17,2020,Tolerant,3.1,E,A,0,247050-607117,0,0,2,0,1,0,0,0,0
HZ_37,Grower_402,Grower_59,2021,Tolerant,0.5,SE,SE,0,075214-400320,0,0,0,0,0,0,0,0,0
HZ_20,Grower_206,Grower_73,2023,Tolerant,1.33,E,E,0,117878-566372,0,0,3,0,0,1,0,2,0
HZ_37,Grower_287,Grower_55,2020,Tolerant,1.35,SE,SE,0,247879-596902,0,0,0,1,0,0,0,0,0
HZ_50,Grower_270,Grower_90,2022,Tolerant,3.08,SE,SE,0,084230-401045,0,0,0,0,1,0,0,0,0
HZ_8,Grower_161,Grower_146,2020,Tolerant,2.8,SE,SE,0,182034-507565,0,0,0,0,0,0,0,0,0
HZ_17,Grower_35,Grower_133,2021,Susceptible,1.0,SE,SE,0,246213-606415,0,0,6,4,3,0,0,3,0
HZ_4,Grower_283,Grower_1,2023,Verysusceptible,2.0,SE,SE,0,173177-425940,0,0,0,0,0,0,0,0,0
HZ_2,Grower_282,Grower_165,2021,Tolerant,1.85,SE,SE,0,230034-433404,0,0,5,2,2,0,0,2,0
HZ_12,Grower_176,Grower_95,2021,Susceptible,0.5,SE,E,0,182339-531106,0,0,5,4,3,2,0,6,0
HZ_16,Grower_282,Grower_109,2023,Susceptible,2.93,SE,SE,0,237013-434422,0,0,0,0,0,0,0,0,0
HZ_32,Grower_114,Grower_44,2022,Susceptible,2.05,SE,SE,0,167936-587889,0,0,6,1,0,0,0,2,1
HZ_21,Grower_218,Grower_28,2019,Verysusceptible,0.38,SE,SE,0,116997-534755,0,0,1,0,0,0,0,0,0
HZ_4,Grower_261,Grower_2,2021,Verysusceptible,2.0,E,E,0,046731-414967,0,1,6,3,4,0,1,8,0
HZ_17,Grower_105,Grower_68,2022,Susceptible,1.1,PB4,PB4,0,119370-570193,0,0,8,2,8,4,0,0,0
HZ_38,Grower_66,Grower_38,2020,Tolerant,0.5,SE,SE,0,231896-597110,0,0,0,0,0,0,0,0,0
HZ_79,Grower_196,Grower_4,2019,Tolerant,0.36,SE,SE,0,118697-569836,0,0,2,1,1,0,0,0,0
HZ_4,Grower_303,Grower_1,2022,Verysusceptible,2.0,SE,SE,0,248106-600128,0,0,2,2,0,0,1,6,0
HZ_17,Grower_130,Grower_52,2022,Susceptible,0.37,SE,-,0,166300-582494,0,0,4,0,2,0,0,1,0
HZ_20,Grower_122,Grower_112,2021,Tolerant,1.65,SE,-,0,175094-590017,0,0,8,2,3,0,0,3,0
HZ_5,Grower_3,Grower_20,2022,Susceptible,1.35,E,E,0,249376-595017,0,0,2,0,1,0,0,0,0
HZ_47,Grower_275,Grower_44,2020,Verysusceptible,0.5,SE,A,0,076601-400999,0,0,8,0,3,0,0,0,0
HZ_1,Grower_34,Grower_1,2021,Tolerant,0.8,SE,SE,0,246488-606722,0,0,8,3,4,0,0,8,0
HZ_29,Grower_39,Grower_27,2021,Tolerant,0.5,PB4,PB4,0,246435-605892,0,0,1,0,0,0,0,6,0
HZ_21,Grower_446,Grower_88,2019,Verysusceptible,0.63,SE,SE,0,178525-532264,0,0,0,0,0,0,0,0,0
HZ_3,Grower_384,Grower_170,2021,Tolerant,2.05,PB4,PB4,0,164331-583531,0,0,0,0,0,0,0,0,0
HZ_17,Grower_3,Grower_39,2019,Susceptible,1.02,SE,SE,0,247887-596066,0,0,4,3,2,0,0,0,0
HZ_16,Grower_21,Grower_8,2021,Susceptible,0.9,SE,SE,0,240484-604549,0,0,4,0,1,0,0,1,0
HZ_4,Grower_225,Grower_90,2023,Verysusceptible,2.78,E,A,0,131715-537509,0,0,2,0,1,0,0,1,0
HZ_12,Grower_264,Grower_95,2019,Susceptible,0.6,E,E,0,061425-374235,0,0,6,1,2,0,0,0,0
HZ_2,Grower_114,Grower_169,2021,Tolerant,0.3,PB3,SE,0,166986-587979,0,0,0,0,0,0,0,0,0
HZ_61,Grower_79,Grower_58,2020,Susceptible,0.8,S,S,0,201403-595530,0,0,6,1,2,0,1,0,0
HZ_13,Grower_239,Grower_46,2023,Tolerant,2.54,SE,E,0,038984-369093,0,0,0,0,0,0,0,0,0
HZ_20,Grower_332,Grower_40,2022,Tolerant,2.2,SE,SE,0,179205-591434,0,0,5,1,2,0,1,0,0
HZ_16,Grower_353,Grower_1,2021,Susceptible,2.4,SE,A,1,179402-551802,0,0,8,6,6,0,0,3,1
HZ_35,Grower_102,Grower_48,2023,Tolerant,1.1,S,SE,0,183061-592809,0,0,6,2,2,1,3,4,0
HZ_3,Grower_23,Grower_110,2022,Tolerant,1.38,SE,SE,0,239375-605412,0,0,1,0,0,0,0,1,1
HZ_16,Grower_69,Grower_8,2019,Susceptible,3.2,E,A,0,226052-602973,0,0,8,8,5,0,0,0,0
HZ_5,Grower_236,Grower_42,2023,Susceptible,4.5,E,E,0,139455-521532,0,0,0,0,0,0,0,0,0
HZ_20,Grower_290,Grower_11,2020,Tolerant,1.67,SE,SE,0,244528-600653,0,0,4,1,1,0,0,0,0
HZ_30,Grower_105,Grower_1,2022,Verysusceptible,2.5,PB4,A,1,122126-567961,0,0,0,0,0,0,0,0,0
HZ_49,Grower_226,Grower_131,2022,Susceptible,1.0,SE,SE,0,123772-538605,0,0,0,0,0,0,0,0,0
HZ_4,Grower_129,Grower_1,2021,Verysusceptible,0.75,E,E,0,163551-579600,0,0,0,0,0,0,0,0,0
HZ_26,Grower_187,Grower_33,2021,Tolerant,2.03,PB4,PB4,0,062104-373237,0,0,1,0,0,0,0,0,0
HZ_12,Grower_143,Grower_95,2020,Susceptible,1.97,SE,SE,0,179273-527257,0,0,0,0,0,0,0,0,0
HZ_3,Grower_333,Grower_52,2019,Tolerant,0.9,SE,SE,0,174925-582111,0,0,0,0,0,0,0,0,0
HZ_35,Grower_209,Grower_51,2020,Tolerant,2.83,E,E,0,130150-536549,0,0,6,3,4,0,2,0,0
HZ_2,Grower_282,Grower_81,2021,Tolerant,1.39,SE,SE,0,232222-438983,0,0,2,1,1,0,0,0,0
HZ_16,Grower_20,Grower_8,2023,Susceptible,4.3,SE,SE,0,233586-602353,0,0,1,0,0,0,0,1,0
HZ_20,Grower_150,Grower_82,2021,Tolerant,1.2,SE,SE,0,177020-532219,0,0,1,0,0,0,0,0,0
HZ_20,Grower_232,Grower_68,2021,Tolerant,2.91,E,E,0,115647-526154,0,0,8,6,6,0,0,0,0
HZ_21,Grower_279,Grower_29,2023,Verysusceptible,2.4,SE,SE,0,084829-398662,0,0,0,0,0,1,0,0,0
HZ_3,Grower_136,Grower_61,2019,Tolerant,0.4,SE,-,0,164434-579588,0,0,5,0,2,0,0,0,0
HZ_20,Grower_228,Grower_49,2023,Tolerant,1.25,SE,E,0,125110-539267,0,0,0,0,0,0,0,1,0
HZ_22,Grower_275,Grower_31,2021,Tolerant,1.0,SE,SE,0,079123-402992,0,0,8,2,3,0,0,7,1
HZ_88,Grower_154,Grower_223,2019,Susceptible,0.5,SE,A,0,169554-530339,0,0,0,0,0,0,0,0,0
HZ_43,Grower_116,Grower_18,2019,Tolerant,1.0,SE,SE,0,180654-589396,0,0,1,1,0,0,0,0,0
HZ_22,Grower_64,Grower_31,2020,Tolerant,0.7,SE,E,0,225458-601033,0,0,0,0,0,0,0,0,0
HZ_43,Grower_292,Grower_18,2020,Tolerant,0.96,SE,-,0,240133-599147,0,0,1,0,0,0,0,0,0
HZ_4,Grower_259,Grower_2,2020,Verysusceptible,4.2,E,E,0,048543-362819,0,0,4,2,2,0,2,0,0
HZ_17,Grower_427,Grower_133,2020,Susceptible,0.85,SE,SE,0,131026-542495,0,0,8,3,4,0,0,0,0
HZ_43,Grower_83,Grower_65,2019,Tolerant,4.0,SE,A,0,192546-597595,0,0,1,1,0,0,0,0,0
HZ_20,Grower_269,Grower_1,2022,Tolerant,2.4,SE,SE,0,058590-404539,0,0,2,1,0,0,0,2,0
HZ_17,Grower_89,Grower_47,2022,Susceptible,2.07,SE,SE,0,195015-600897,0,0,4,1,2,1,1,4,0
HZ_51,Grower_256,Grower_12,2021,Susceptible,0.3,SE,SE,0,178525-532575,0,0,0,0,0,0,0,0,0
HZ_3,Grower_62,Grower_68,2021,Tolerant,0.55,SE,SE,0,226243-598511,0,0,7,2,4,0,0,2,0
HZ_17,Grower_83,Grower_32,2020,Susceptible,1.01,SE,SE,0,196720-594932,0,0,0,0,0,0,0,0,0
HZ_20,Grower_89,Grower_28,2023,Tolerant,0.28,SE,SE,0,194316-600414,0,0,2,1,1,0,0,2,0
HZ_42,Grower_271,Grower_63,2022,Verysusceptible,2.7,SE,SE,0,092082-402625,0,0,6,1,5,2,3,6,2
HZ_3,Grower_161,Grower_71,2023,Tolerant,1.32,SE,E,0,167212-508922,0,0,0,0,0,0,0,0,0
HZ_47,Grower_252,Grower_42,2022,Verysusceptible,2.9,SE,A,0,052904-374477,0,0,2,1,2,0,2,2,0
HZ_16,Grower_169,Grower_32,2019,Susceptible,1.5,SE,E,0,177756-547970,0,0,6,1,2,0,0,0,0
HZ_38,Grower_66,Grower_12,2019,Tolerant,0.6,SE,SE,0,232037-596904,0,0,8,1,3,0,0,0,0
HZ_20,Grower_209,Grower_49,2022,Tolerant,2.55,E,E,0,129671-542197,0,0,5,2,3,0,0,4,1
HZ_20,Grower_155,Grower_86,2023,Tolerant,1.2,SE,E,0,171959-524281,0,0,0,0,0,0,1,1,0
HZ_3,Grower_180,Grower_93,2020,Tolerant,1.2,E,A,0,180492-537462,0,0,0,0,0,0,0,0,0
HZ_13,Grower_247,Grower_153,2019,Tolerant,2.0,SE,SE,0,037994-373197,0,0,1,1,0,0,0,0,0
HZ_19,Grower_6,Grower_24,2020,Verysusceptible,1.55,SE,A,0,267198-591130,0,0,4,1,1,0,0,0,0
HZ_19,Grower_203,Grower_24,2023,Verysusceptible,1.01,SE,A,0,233904-435711,0,0,0,0,0,0,0,0,0
HZ_3,Grower_354,Grower_83,2020,Tolerant,0.79,SE,-,0,132353-538322,0,0,1,0,0,0,1,0,0
HZ_20,Grower_94,Grower_58,2020,Tolerant,0.4,SE,E,0,185138-596600,0,0,8,0,3,0,0,0,0
HZ_3,Grower_180,Grower_93,2020,Tolerant,0.85,SE,SE,0,180062-537467,0,0,0,0,0,0,0,0,0
HZ_27,Grower_83,Grower_104,2019,Tolerant,0.65,SE,B,0,196287-595074,0,0,8,0,3,0,0,0,0
HZ_20,Grower_206,Grower_1,2023,Tolerant,1.2,E,E,0,116076-568684,0,0,0,0,0,0,0,0,0
HZ_4,Grower_209,Grower_188,2020,Verysusceptible,0.7,PB3,-,0,131455-532095,0,0,0,0,0,0,0,0,0
HZ_13,Grower_239,Grower_22,2023,Tolerant,2.75,SE,SE,0,038984-369093,0,0,6,2,5,1,0,2,0
HZ_8,Grower_107,Grower_46,2020,Tolerant,0.3,E,E,0,180252-588193,0,0,0,0,0,0,0,0,0
HZ_17,Grower_114,Grower_52,2020,Susceptible,2.3,E,E,0,170515-586579,0,0,6,4,3,0,0,0,0
HZ_78,Grower_388,Grower_74,2019,Susceptible,0.85,SE,SE,0,171370-530319,0,0,8,8,5,0,0,0,0
HZ_36,Grower_141,Grower_163,2020,Tolerant,1.8,E,E,0,170150-588407,0,0,8,7,4,0,0,0,0
HZ_39,Grower_89,Grower_36,2023,Tolerant,1.31,SE,SE,0,200244-602203,0,0,0,0,0,0,0,0,0
HZ_17,Grower_213,Grower_42,2022,Susceptible,1.0,PB4,-,0,134862-542950,0,0,0,0,0,0,0,0,0
HZ_5,Grower_38,Grower_47,2022,Susceptible,1.2,SE,SE,0,243773-608319,0,0,1,1,1,0,0,0,0
HZ_20,Grower_41,Grower_1,2022,Tolerant,0.8,SE,SE,0,247026-596729,0,0,2,1,0,0,0,2,0
HZ_3,Grower_189,Grower_138,2022,Tolerant,0.42,E,A,0,174928-519537,0,0,0,0,0,0,0,0,0
HZ_35,Grower_3,Grower_51,2019,Tolerant,1.36,SE,SE,0,248160-596430,0,0,8,8,5,0,5,0,0
HZ_4,Grower_255,Grower_52,2021,Verysusceptible,2.75,SE,SE,0,045425-370265,0,0,7,0,3,0,0,0,0
HZ_17,Grower_285,Grower_23,2022,Susceptible,1.7,SE,SE,0,249879-598212,0,0,7,1,2,2,0,0,0
HZ_22,Grower_275,Grower_88,2019,Tolerant,0.15,SE,SE,0,089515-397814,0,0,2,1,1,0,0,0,0
HZ_6,Grower_36,Grower_3,2023,Tolerant,0.95,SE,E,0,245981-608551,0,0,2,0,1,1,0,5,0
HZ_37,Grower_118,Grower_44,2020,Tolerant,0.37,SE,SE,0,170313-590796,0,0,8,1,3,0,0,0,0
HZ_4,Grower_277,Grower_4,2020,Verysusceptible,0.5,E,A,0,076264-397011,0,0,4,0,1,0,0,0,0
HZ_1,Grower_233,Grower_82,2020,Tolerant,1.0,SE,SE,0,122487-531758,0,0,1,0,0,0,0,0,0
HZ_80,Grower_175,Grower_58,2020,Verysusceptible,1.4,SE,A,1,185898-516949,0,0,0,0,0,0,0,0,0
HZ_20,Grower_34,Grower_1,2022,Tolerant,1.34,SE,A,0,246520-608541,0,0,2,1,0,0,0,2,0
HZ_15,Grower_275,Grower_21,2020,Verysusceptible,1.85,SE,SE,0,087117-399538,0,0,0,0,0,0,0,0,0
HZ_43,Grower_105,Grower_18,2020,Tolerant,2.6,E,E,0,116237-560115,0,0,2,1,1,0,0,0,0
HZ_20,Grower_232,Grower_1,2023,Tolerant,2.35,E,E,0,115750-526922,0,0,0,0,0,0,0,0,0
HZ_11,Grower_231,Grower_19,2019,Tolerant,0.47,SE,SE,0,120987-538998,0,0,2,0,1,0,0,0,0
HZ_12,Grower_426,Grower_146,2020,Susceptible,0.7,SE,E,0,134219-535557,0,0,2,1,1,0,0,0,0
HZ_3,Grower_155,Grower_89,2022,Tolerant,0.6,SE,SE,0,171970-524081,0,0,1,0,0,0,0,0,0
HZ_5,Grower_274,Grower_90,2021,Susceptible,3.0,SE,SE,0,076265-401280,0,0,2,3,0,0,0,2,0
HZ_20,Grower_303,Grower_12,2020,Tolerant,1.83,SE,SE,0,247093-600840,0,0,6,0,2,0,0,0,0
HZ_20,Grower_218,Grower_90,2020,Tolerant,0.86,SE,E,0,119214-537317,0,0,5,0,2,0,0,0,0
HZ_39,Grower_20,Grower_102,2022,Tolerant,2.6,E,E,0,234119-601495,0,0,3,0,0,0,5,7,0
HZ_20,Grower_203,Grower_2,2019,Tolerant,2.38,SE,AF,0,237330-440770,0,0,8,3,4,0,1,0,0
HZ_39,Grower_87,Grower_40,2021,Tolerant,2.65,SE,E,1,204068-591923,0,0,8,4,6,0,0,5,0
HZ_77,Grower_409,Grower_76,2020,Tolerant,0.7,PB4,PB4,0,216045-599441,0,0,6,5,5,0,0,0,0
HZ_34,Grower_51,Grower_48,2023,Verysusceptible,1.22,SE,E,0,214371-586047,0,0,6,2,2,1,1,2,0
HZ_3,Grower_102,Grower_156,2020,Tolerant,3.0,PB4,E,0,183199-592980,0,0,0,0,0,0,0,0,0
HZ_20,Grower_167,Grower_112,2021,Tolerant,0.5,SE,SE,0,190057-509929,0,0,8,2,3,0,0,3,0
HZ_80,Grower_290,Grower_37,2019,Verysusceptible,1.08,SE,A,0,243657-598885,0,0,1,1,0,0,0,0,0
HZ_17,Grower_199,Grower_68,2021,Susceptible,1.52,E,AF,1,116013-561808,0,0,7,8,5,0,8,8,0
HZ_17,Grower_98,Grower_42,2020,Susceptible,0.86,SE,SE,0,182242-594310,0,0,0,0,0,0,0,0,0
HZ_5,Grower_106,Grower_83,2022,Susceptible,6.2,E,A,1,129436-533615,0,0,7,4,5,0,1,1,0
HZ_15,Grower_275,Grower_68,2020,Verysusceptible,1.15,SE,A,1,086719-395756,0,0,4,3,2,0,1,0,0
HZ_16,Grower_282,Grower_32,2019,Susceptible,0.64,SE,A,0,232958-435161,0,0,8,1,3,0,0,0,0
HZ_17,Grower_151,Grower_46,2021,Susceptible,0.37,SE,SE,0,178164-538042,0,0,4,1,1,0,1,0,0
HZ_4,Grower_280,Grower_63,2020,Verysusceptible,3.67,SE,E,0,088421-401604,0,0,4,0,1,0,0,0,0
HZ_3,Grower_214,Grower_83,2020,Tolerant,0.26,SE,-,0,130910-544330,0,0,4,0,1,0,0,0,0
HZ_5,Grower_106,Grower_86,2022,Susceptible,2.08,E,E,0,129436-533615,0,0,1,0,1,0,0,1,0
HZ_66,Grower_282,Grower_107,2021,Verysusceptible,4.77,SE,AF,1,232042-448924,0,0,8,8,5,2,7,4,0
HZ_20,Grower_247,Grower_2,2020,Tolerant,1.1,SE,E,0,037141-374089,0,0,3,1,1,0,0,0,0
HZ_36,Grower_87,Grower_11,2022,Tolerant,2.1,SE,SE,0,206385-593949,0,0,4,3,3,0,2,2,2
HZ_58,Grower_101,Grower_52,2021,Susceptible,1.0,SE,SE,0,186307-597115,0,0,6,1,2,0,0,1,0
HZ_31,Grower_154,Grower_10,2019,Tolerant,0.65,SE,SE,0,171331-532579,0,0,1,0,0,0,0,0,0
HZ_5,Grower_277,Grower_8,2022,Susceptible,0.4,SE,SE,0,075583-392767,0,0,0,0,0,0,0,1,0
HZ_11,Grower_244,Grower_12,2020,Tolerant,1.15,SE,SE,0,047903-361231,0,0,5,0,2,0,0,0,0
HZ_5,Grower_121,Grower_61,2020,Susceptible,1.4,SE,E,0,178689-583282,0,0,0,0,0,0,0,0,0
HZ_10,Grower_25,Grower_1,2023,Tolerant,1.03,PB4,E,0,239461-606681,0,0,0,0,0,0,0,0,0
HZ_3,Grower_94,Grower_58,2023,Tolerant,0.23,E,E,0,185593-595723,0,0,2,0,2,0,0,0,0
HZ_3,Grower_100,Grower_44,2020,Tolerant,3.6,E,E,0,179131-587068,0,0,4,1,1,0,0,0,0
HZ_20,Grower_255,Grower_82,2019,Tolerant,2.75,SE,SE,0,042427-371833,0,0,1,1,0,0,0,0,0
HZ_51,Grower_38,Grower_55,2019,Susceptible,1.15,SE,SE,0,247632-605728,0,0,1,0,0,0,0,0,0
HZ_7,Grower_114,Grower_59,2020,Tolerant,0.85,SE,SE,0,176061-590948,0,0,3,2,1,0,0,0,0
HZ_43,Grower_83,Grower_65,2021,Tolerant,1.85,SE,E,1,192246-597120,0,0,8,0,3,0,0,1,0
HZ_3,Grower_31,Grower_18,2023,Tolerant,1.17,SE,B,0,247338-607588,0,0,1,0,1,0,0,0,0
HZ_5,Grower_259,Grower_47,2019,Susceptible,2.3,E,E,0,051835-360908,0,0,0,0,0,0,0,0,0
HZ_11,Grower_127,Grower_12,2023,Tolerant,1.49,PB4,PB4,0,168411-583388,0,0,3,0,0,0,0,3,0
HZ_65,Grower_267,Grower_12,2023,Tolerant,2.2,SE,E,1,091027-424373,0,0,4,0,0,0,0,1,0
HZ_48,Grower_259,Grower_58,2019,Verysusceptible,1.23,E,AF,1,048872-360789,0,0,8,8,5,1,8,0,0
HZ_3,Grower_23,Grower_49,2022,Tolerant,3.54,E,A,0,239375-605412,0,0,3,1,1,0,1,5,0
