mean_fit_time,std_fit_time,mean_score_time,std_score_time,param_gb__learning_rate,param_gb__n_estimators,param_rf__max_depth,param_rf__n_estimators,param_voting,param_weights,params,split0_test_score,split1_test_score,split2_test_score,split3_test_score,split4_test_score,mean_test_score,std_test_score,rank_test_score,model
0.9939154148101806,0.05121687484419354,0.03483095169067383,0.0033178541658945,0.01,50,,50,hard,"[1, 1]","{'gb__learning_rate': 0.01, 'gb__n_estimators': 50, 'rf__max_depth': None, 'rf__n_estimators': 50, 'voting': 'hard', 'weights': [1, 1]}",0.923896499238965,0.9246001523229246,0.9246001523229246,0.9246001523229246,0.9238385376999239,0.9243070987815326,0.0003593835293727946,741,Ensemble
1.0455818176269531,0.024040574337380514,0.03947567939758301,0.004112884894139544,0.01,50,,50,hard,"[2, 1]","{'gb__learning_rate': 0.01, 'gb__n_estimators': 50, 'rf__max_depth': None, 'rf__n_estimators': 50, 'voting': 'hard', 'weights': [2, 1]}",0.939117199391172,0.9398324447829398,0.9444021325209444,0.9474485910129474,0.9466869763899467,0.9434974688195901,0.003441566590827775,202,Ensemble
1.0344272136688233,0.029506301232969476,0.03904414176940918,0.004321454128118093,0.01,50,,50,hard,"[1, 2]","{'gb__learning_rate': 0.01, 'gb__n_estimators': 50, 'rf__max_depth': None, 'rf__n_estimators': 50, 'voting': 'hard', 'weights': [1, 2]}",0.923896499238965,0.9246001523229246,0.9246001523229246,0.9246001523229246,0.9238385376999239,0.9243070987815326,0.0003593835293727946,741,Ensemble
1.0484411239624023,0.028057163787330558,0.0438727855682373,0.004808589902904637,0.01,50,,50,hard,"[3, 1]","{'gb__learning_rate': 0.01, 'gb__n_estimators': 50, 'rf__max_depth': None, 'rf__n_estimators': 50, 'voting': 'hard', 'weights': [3, 1]}",0.939117199391172,0.9398324447829398,0.9444021325209444,0.9474485910129474,0.9466869763899467,0.9434974688195901,0.003441566590827775,202,Ensemble
1.0341654300689698,0.030322684814292556,0.047563028335571286,0.00680219299427848,0.01,50,,50,hard,"[1, 3]","{'gb__learning_rate': 0.01, 'gb__n_estimators': 50, 'rf__max_depth': None, 'rf__n_estimators': 50, 'voting': 'hard', 'weights': [1, 3]}",0.923896499238965,0.9246001523229246,0.9246001523229246,0.9246001523229246,0.9238385376999239,0.9243070987815326,0.0003593835293727946,741,Ensemble
1.0397940158843995,0.020147557411748562,0.028684091567993165,0.003359589479097611,0.01,50,,50,soft,"[1, 1]","{'gb__learning_rate': 0.01, 'gb__n_estimators': 50, 'rf__max_depth': None, 'rf__n_estimators': 50, 'voting': 'soft', 'weights': [1, 1]}",0.9292237442922374,0.9261233815689262,0.9261233815689262,0.9253617669459253,0.9276466108149276,0.9268957770381885,0.0013805476725745978,687,Ensemble
1.044303035736084,0.03319286274965129,0.028651618957519533,0.006447026690859046,0.01,50,,50,soft,"[2, 1]","{'gb__learning_rate': 0.01, 'gb__n_estimators': 50, 'rf__max_depth': None, 'rf__n_estimators': 50, 'voting': 'soft', 'weights': [2, 1]}",0.9353120243531202,0.9345011424219345,0.9314546839299315,0.9352627570449352,0.9375476009139375,0.9348156417327719,0.0019649354159717845,577,Ensemble
1.0660659313201903,0.005351446648896751,0.026749658584594726,0.0025499022052217,0.01,50,,50,soft,"[1, 2]","{'gb__learning_rate': 0.01, 'gb__n_estimators': 50, 'rf__max_depth': None, 'rf__n_estimators': 50, 'voting': 'soft', 'weights': [1, 2]}",0.923896499238965,0.9246001523229246,0.9246001523229246,0.9246001523229246,0.9238385376999239,0.9243070987815326,0.0003593835293727946,741,Ensemble
1.041257619857788,0.038023151423575256,0.03284926414489746,0.005827351292143816,0.01,50,,50,soft,"[3, 1]","{'gb__learning_rate': 0.01, 'gb__n_estimators': 50, 'rf__max_depth': None, 'rf__n_estimators': 50, 'voting': 'soft', 'weights': [3, 1]}",0.9398782343987824,0.9398324447829398,0.9375476009139375,0.9398324447829398,0.9390708301599391,0.9392323110077078,0.0008946353768696286,382,Ensemble
1.06156644821167,0.01662756402806353,0.03881759643554687,0.0043475936590970585,0.01,50,,50,soft,"[1, 3]","{'gb__learning_rate': 0.01, 'gb__n_estimators': 50, 'rf__max_depth': None, 'rf__n_estimators': 50, 'voting': 'soft', 'weights': [1, 3]}",0.923896499238965,0.9246001523229246,0.9246001523229246,0.9246001523229246,0.9238385376999239,0.9243070987815326,0.0003593835293727946,741,Ensemble
1.4771660804748534,0.044531818026609764,0.04826722145080566,0.003236769813611676,0.01,50,,100,hard,"[1, 1]","{'gb__learning_rate': 0.01, 'gb__n_estimators': 50, 'rf__max_depth': None, 'rf__n_estimators': 100, 'voting': 'hard', 'weights': [1, 1]}",0.923896499238965,0.9246001523229246,0.9246001523229246,0.9246001523229246,0.9238385376999239,0.9243070987815326,0.0003593835293727946,741,Ensemble
1.5171377182006835,0.02671135406996923,0.04312739372253418,0.005824231698750512,0.01,50,,100,hard,"[2, 1]","{'gb__learning_rate': 0.01, 'gb__n_estimators': 50, 'rf__max_depth': None, 'rf__n_estimators': 100, 'voting': 'hard', 'weights': [2, 1]}",0.943683409436834,0.9398324447829398,0.9474485910129474,0.9428789032749428,0.9474485910129474,0.9442583879041223,0.0029043877958373652,142,Ensemble
1.4998879432678223,0.03133908773182584,0.04437708854675293,0.005764824060633195,0.01,50,,100,hard,"[1, 2]","{'gb__learning_rate': 0.01, 'gb__n_estimators': 50, 'rf__max_depth': None, 'rf__n_estimators': 100, 'voting': 'hard', 'weights': [1, 2]}",0.923896499238965,0.9246001523229246,0.9246001523229246,0.9246001523229246,0.9238385376999239,0.9243070987815326,0.0003593835293727946,741,Ensemble
1.514220952987671,0.03656072196709125,0.04539799690246582,0.004466203774827169,0.01,50,,100,hard,"[3, 1]","{'gb__learning_rate': 0.01, 'gb__n_estimators': 50, 'rf__max_depth': None, 'rf__n_estimators': 100, 'voting': 'hard', 'weights': [3, 1]}",0.943683409436834,0.9398324447829398,0.9474485910129474,0.9428789032749428,0.9474485910129474,0.9442583879041223,0.0029043877958373652,142,Ensemble
1.5362908840179443,0.022744903875697966,0.04669451713562012,0.001266689787562726,0.01,50,,100,hard,"[1, 3]","{'gb__learning_rate': 0.01, 'gb__n_estimators': 50, 'rf__max_depth': None, 'rf__n_estimators': 100, 'voting': 'hard', 'weights': [1, 3]}",0.923896499238965,0.9246001523229246,0.9246001523229246,0.9246001523229246,0.9238385376999239,0.9243070987815326,0.0003593835293727946,741,Ensemble
1.5025434494018555,0.0521294858063966,0.036165285110473636,0.003300887280005875,0.01,50,,100,soft,"[1, 1]","{'gb__learning_rate': 0.01, 'gb__n_estimators': 50, 'rf__max_depth': None, 'rf__n_estimators': 100, 'voting': 'soft', 'weights': [1, 1]}",0.9269406392694064,0.9268849961919269,0.9261233815689262,0.9253617669459253,0.9268849961919269,0.9264391560336224,0.0006179827001024025,716,Ensemble
1.5080651760101318,0.032683840272284236,0.03412127494812012,0.0054417770753230005,0.01,50,,100,soft,"[2, 1]","{'gb__learning_rate': 0.01, 'gb__n_estimators': 50, 'rf__max_depth': None, 'rf__n_estimators': 100, 'voting': 'soft', 'weights': [2, 1]}",0.9353120243531202,0.9345011424219345,0.9314546839299315,0.9367859862909368,0.9360243716679361,0.9348156417327719,0.0018430750722000983,577,Ensemble
1.551213836669922,0.020258338185808855,0.038839197158813475,0.0012598572173899512,0.01,50,,100,soft,"[1, 2]","{'gb__learning_rate': 0.01, 'gb__n_estimators': 50, 'rf__max_depth': None, 'rf__n_estimators': 100, 'voting': 'soft', 'weights': [1, 2]}",0.923896499238965,0.9246001523229246,0.9246001523229246,0.9246001523229246,0.9238385376999239,0.9243070987815326,0.0003593835293727946,741,Ensemble
1.5072002410888672,0.041627385339394904,0.03381361961364746,0.0013995592234432063,0.01,50,,100,soft,"[3, 1]","{'gb__learning_rate': 0.01, 'gb__n_estimators': 50, 'rf__max_depth': None, 'rf__n_estimators': 100, 'voting': 'soft', 'weights': [3, 1]}",0.9398782343987824,0.9383092155369384,0.9367859862909368,0.9383092155369384,0.9413556740289414,0.9389276651585075,0.0015588814705486337,394,Ensemble
1.5369276046752929,0.037575189517170086,0.034577798843383786,0.0031537655200298844,0.01,50,,100,soft,"[1, 3]","{'gb__learning_rate': 0.01, 'gb__n_estimators': 50, 'rf__max_depth': None, 'rf__n_estimators': 100, 'voting': 'soft', 'weights': [1, 3]}",0.923896499238965,0.9246001523229246,0.9246001523229246,0.9246001523229246,0.9238385376999239,0.9243070987815326,0.0003593835293727946,741,Ensemble
2.3434651374816893,0.0637727255516606,0.06801109313964844,0.011647982134052109,0.01,50,,200,hard,"[1, 1]","{'gb__learning_rate': 0.01, 'gb__n_estimators': 50, 'rf__max_depth': None, 'rf__n_estimators': 200, 'voting': 'hard', 'weights': [1, 1]}",0.923896499238965,0.9246001523229246,0.9246001523229246,0.9246001523229246,0.9238385376999239,0.9243070987815326,0.0003593835293727946,741,Ensemble
2.2735121726989744,0.07018613951360297,0.06962432861328124,0.011964981554720373,0.01,50,,200,hard,"[2, 1]","{'gb__learning_rate': 0.01, 'gb__n_estimators': 50, 'rf__max_depth': None, 'rf__n_estimators': 200, 'voting': 'hard', 'weights': [2, 1]}",0.9429223744292238,0.9405940594059405,0.9474485910129474,0.945925361766946,0.9474485910129474,0.9448677955256011,0.0027014418636190523,81,Ensemble
2.2232261180877684,0.0821895036080884,0.06644263267517089,0.008602290767564741,0.01,50,,200,hard,"[1, 2]","{'gb__learning_rate': 0.01, 'gb__n_estimators': 50, 'rf__max_depth': None, 'rf__n_estimators': 200, 'voting': 'hard', 'weights': [1, 2]}",0.923896499238965,0.9246001523229246,0.9246001523229246,0.9246001523229246,0.9238385376999239,0.9243070987815326,0.0003593835293727946,741,Ensemble
2.3042498588562013,0.07532060103525608,0.07172956466674804,0.003234059638416068,0.01,50,,200,hard,"[3, 1]","{'gb__learning_rate': 0.01, 'gb__n_estimators': 50, 'rf__max_depth': None, 'rf__n_estimators': 200, 'voting': 'hard', 'weights': [3, 1]}",0.9429223744292238,0.9405940594059405,0.9474485910129474,0.945925361766946,0.9474485910129474,0.9448677955256011,0.0027014418636190523,81,Ensemble
2.357103729248047,0.09541816750946477,0.07612314224243164,0.00743559730381222,0.01,50,,200,hard,"[1, 3]","{'gb__learning_rate': 0.01, 'gb__n_estimators': 50, 'rf__max_depth': None, 'rf__n_estimators': 200, 'voting': 'hard', 'weights': [1, 3]}",0.923896499238965,0.9246001523229246,0.9246001523229246,0.9246001523229246,0.9238385376999239,0.9243070987815326,0.0003593835293727946,741,Ensemble
2.340751361846924,0.07237928206558758,0.058206939697265626,0.003135417922252975,0.01,50,,200,soft,"[1, 1]","{'gb__learning_rate': 0.01, 'gb__n_estimators': 50, 'rf__max_depth': None, 'rf__n_estimators': 200, 'voting': 'soft', 'weights': [1, 1]}",0.9269406392694064,0.9276466108149276,0.9253617669459253,0.9253617669459253,0.9268849961919269,0.9264391560336221,0.0009197543611208032,717,Ensemble
2.26996054649353,0.18552162475404566,0.05589900016784668,0.009674556887430468,0.01,50,,200,soft,"[2, 1]","{'gb__learning_rate': 0.01, 'gb__n_estimators': 50, 'rf__max_depth': None, 'rf__n_estimators': 200, 'voting': 'soft', 'weights': [2, 1]}",0.9360730593607306,0.9329779131759329,0.9314546839299315,0.9345011424219345,0.9360243716679361,0.9342062341112932,0.001786473191474962,593,Ensemble
2.358136224746704,0.05565072228866179,0.061493873596191406,0.0040396174584455095,0.01,50,,200,soft,"[1, 2]","{'gb__learning_rate': 0.01, 'gb__n_estimators': 50, 'rf__max_depth': None, 'rf__n_estimators': 200, 'voting': 'soft', 'weights': [1, 2]}",0.923896499238965,0.9246001523229246,0.9246001523229246,0.9246001523229246,0.9238385376999239,0.9243070987815326,0.0003593835293727946,741,Ensemble
2.292142868041992,0.15482216890338385,0.05591568946838379,0.005966403372551251,0.01,50,,200,soft,"[3, 1]","{'gb__learning_rate': 0.01, 'gb__n_estimators': 50, 'rf__max_depth': None, 'rf__n_estimators': 200, 'voting': 'soft', 'weights': [3, 1]}",0.9406392694063926,0.9375476009139375,0.9375476009139375,0.9405940594059405,0.9390708301599391,0.9390798721600294,0.0013726088218141978,389,Ensemble
2.3313442707061767,0.0776365671506862,0.05546317100524902,0.007199558079768569,0.01,50,,200,soft,"[1, 3]","{'gb__learning_rate': 0.01, 'gb__n_estimators': 50, 'rf__max_depth': None, 'rf__n_estimators': 200, 'voting': 'soft', 'weights': [1, 3]}",0.923896499238965,0.9246001523229246,0.9246001523229246,0.9246001523229246,0.9238385376999239,0.9243070987815326,0.0003593835293727946,741,Ensemble
1.0303123950958253,0.03462111375691754,0.0448854923248291,0.011011311440301336,0.01,50,10,50,hard,"[1, 1]","{'gb__learning_rate': 0.01, 'gb__n_estimators': 50, 'rf__max_depth': 10, 'rf__n_estimators': 50, 'voting': 'hard', 'weights': [1, 1]}",0.923896499238965,0.9246001523229246,0.9246001523229246,0.9246001523229246,0.9238385376999239,0.9243070987815326,0.0003593835293727946,741,Ensemble
1.0174336433410645,0.029316940383520767,0.05485115051269531,0.012352347101510976,0.01,50,10,50,hard,"[2, 1]","{'gb__learning_rate': 0.01, 'gb__n_estimators': 50, 'rf__max_depth': 10, 'rf__n_estimators': 50, 'voting': 'hard', 'weights': [2, 1]}",0.9375951293759512,0.9367859862909368,0.9390708301599391,0.9375476009139375,0.9367859862909368,0.9375571066063403,0.0008345235967392048,420,Ensemble
0.9767897129058838,0.019293345597359877,0.030643463134765625,0.00022458306278622884,0.01,50,10,50,hard,"[1, 2]","{'gb__learning_rate': 0.01, 'gb__n_estimators': 50, 'rf__max_depth': 10, 'rf__n_estimators': 50, 'voting': 'hard', 'weights': [1, 2]}",0.923896499238965,0.9246001523229246,0.9246001523229246,0.9246001523229246,0.9238385376999239,0.9243070987815326,0.0003593835293727946,741,Ensemble
0.9802357673645019,0.020842099554880478,0.030982351303100585,0.00042914116629950326,0.01,50,10,50,hard,"[3, 1]","{'gb__learning_rate': 0.01, 'gb__n_estimators': 50, 'rf__max_depth': 10, 'rf__n_estimators': 50, 'voting': 'hard', 'weights': [3, 1]}",0.9375951293759512,0.9367859862909368,0.9390708301599391,0.9375476009139375,0.9367859862909368,0.9375571066063403,0.0008345235967392048,420,Ensemble
0.9737324714660645,0.008236339175749117,0.028393125534057616,0.004400834976565193,0.01,50,10,50,hard,"[1, 3]","{'gb__learning_rate': 0.01, 'gb__n_estimators': 50, 'rf__max_depth': 10, 'rf__n_estimators': 50, 'voting': 'hard', 'weights': [1, 3]}",0.923896499238965,0.9246001523229246,0.9246001523229246,0.9246001523229246,0.9238385376999239,0.9243070987815326,0.0003593835293727946,741,Ensemble
0.9676390647888183,0.011864792117118663,0.017862606048583984,0.00030891016369636123,0.01,50,10,50,soft,"[1, 1]","{'gb__learning_rate': 0.01, 'gb__n_estimators': 50, 'rf__max_depth': 10, 'rf__n_estimators': 50, 'voting': 'soft', 'weights': [1, 1]}",0.923896499238965,0.9261233815689262,0.9253617669459253,0.9246001523229246,0.9238385376999239,0.9247640675553329,0.0008764847573460627,728,Ensemble
0.9905614852905273,0.04098414825436088,0.01865072250366211,0.001059676820578445,0.01,50,10,50,soft,"[2, 1]","{'gb__learning_rate': 0.01, 'gb__n_estimators': 50, 'rf__max_depth': 10, 'rf__n_estimators': 50, 'voting': 'soft', 'weights': [2, 1]}",0.9292237442922374,0.9268849961919269,0.9261233815689262,0.9276466108149276,0.9276466108149276,0.9275050687365891,0.0010283446285552493,678,Ensemble
0.9290375232696533,0.020861852145682314,0.01651606559753418,0.0019667578779323505,0.01,50,10,50,soft,"[1, 2]","{'gb__learning_rate': 0.01, 'gb__n_estimators': 50, 'rf__max_depth': 10, 'rf__n_estimators': 50, 'voting': 'soft', 'weights': [1, 2]}",0.923896499238965,0.9246001523229246,0.9246001523229246,0.9246001523229246,0.9238385376999239,0.9243070987815326,0.0003593835293727946,741,Ensemble
0.902649211883545,0.11463389053540857,0.018546247482299806,0.0032730983036486634,0.01,50,10,50,soft,"[3, 1]","{'gb__learning_rate': 0.01, 'gb__n_estimators': 50, 'rf__max_depth': 10, 'rf__n_estimators': 50, 'voting': 'soft', 'weights': [3, 1]}",0.9292237442922374,0.9314546839299315,0.9291698400609292,0.9306930693069307,0.9276466108149276,0.9296375896809913,0.0013243808597437586,647,Ensemble
0.9459144592285156,0.070474300369741,0.01866302490234375,0.0025086775477676493,0.01,50,10,50,soft,"[1, 3]","{'gb__learning_rate': 0.01, 'gb__n_estimators': 50, 'rf__max_depth': 10, 'rf__n_estimators': 50, 'voting': 'soft', 'weights': [1, 3]}",0.923896499238965,0.9246001523229246,0.9246001523229246,0.9246001523229246,0.9238385376999239,0.9243070987815326,0.0003593835293727946,741,Ensemble
1.4062971591949462,0.06621227447282552,0.06422538757324218,0.01861222582128037,0.01,50,10,100,hard,"[1, 1]","{'gb__learning_rate': 0.01, 'gb__n_estimators': 50, 'rf__max_depth': 10, 'rf__n_estimators': 100, 'voting': 'hard', 'weights': [1, 1]}",0.923896499238965,0.9246001523229246,0.9246001523229246,0.9246001523229246,0.9238385376999239,0.9243070987815326,0.0003593835293727946,741,Ensemble
1.3960268020629882,0.06537991443670661,0.05865945816040039,0.025515703074333266,0.01,50,10,100,hard,"[2, 1]","{'gb__learning_rate': 0.01, 'gb__n_estimators': 50, 'rf__max_depth': 10, 'rf__n_estimators': 100, 'voting': 'hard', 'weights': [2, 1]}",0.9353120243531202,0.9345011424219345,0.9367859862909368,0.9398324447829398,0.9360243716679361,0.9364911939033735,0.001834095347493627,499,Ensemble
1.3824637413024903,0.06413454144315833,0.053564023971557614,0.02375770130589237,0.01,50,10,100,hard,"[1, 2]","{'gb__learning_rate': 0.01, 'gb__n_estimators': 50, 'rf__max_depth': 10, 'rf__n_estimators': 100, 'voting': 'hard', 'weights': [1, 2]}",0.923896499238965,0.9246001523229246,0.9246001523229246,0.9246001523229246,0.9238385376999239,0.9243070987815326,0.0003593835293727946,741,Ensemble
1.3435099124908447,0.12280985142160669,0.061358308792114256,0.01725474445819896,0.01,50,10,100,hard,"[3, 1]","{'gb__learning_rate': 0.01, 'gb__n_estimators': 50, 'rf__max_depth': 10, 'rf__n_estimators': 100, 'voting': 'hard', 'weights': [3, 1]}",0.9353120243531202,0.9345011424219345,0.9367859862909368,0.9398324447829398,0.9360243716679361,0.9364911939033735,0.001834095347493627,499,Ensemble
1.3139234066009522,0.10742973166228056,0.04844298362731934,0.010156295021511049,0.01,50,10,100,hard,"[1, 3]","{'gb__learning_rate': 0.01, 'gb__n_estimators': 50, 'rf__max_depth': 10, 'rf__n_estimators': 100, 'voting': 'hard', 'weights': [1, 3]}",0.923896499238965,0.9246001523229246,0.9246001523229246,0.9246001523229246,0.9238385376999239,0.9243070987815326,0.0003593835293727946,741,Ensemble
1.3565810680389405,0.059582898169247375,0.02946310043334961,0.006347573987534949,0.01,50,10,100,soft,"[1, 1]","{'gb__learning_rate': 0.01, 'gb__n_estimators': 50, 'rf__max_depth': 10, 'rf__n_estimators': 100, 'voting': 'soft', 'weights': [1, 1]}",0.9246575342465754,0.9261233815689262,0.9253617669459253,0.9246001523229246,0.9238385376999239,0.9249162745568551,0.0007725240908926391,724,Ensemble
1.29455885887146,0.04098367414881806,0.026091861724853515,0.003772657865985803,0.01,50,10,100,soft,"[2, 1]","{'gb__learning_rate': 0.01, 'gb__n_estimators': 50, 'rf__max_depth': 10, 'rf__n_estimators': 100, 'voting': 'soft', 'weights': [2, 1]}",0.928462709284627,0.9276466108149276,0.9276466108149276,0.9291698400609292,0.9268849961919269,0.9279621534334677,0.0007833856217104357,673,Ensemble
1.323112678527832,0.07983655643809559,0.032982683181762694,0.009497296435886798,0.01,50,10,100,soft,"[1, 2]","{'gb__learning_rate': 0.01, 'gb__n_estimators': 50, 'rf__max_depth': 10, 'rf__n_estimators': 100, 'voting': 'soft', 'weights': [1, 2]}",0.923896499238965,0.9246001523229246,0.9246001523229246,0.9246001523229246,0.9238385376999239,0.9243070987815326,0.0003593835293727946,741,Ensemble
1.3100698947906495,0.06340953091268572,0.025953912734985353,0.0020553306937939127,0.01,50,10,100,soft,"[3, 1]","{'gb__learning_rate': 0.01, 'gb__n_estimators': 50, 'rf__max_depth': 10, 'rf__n_estimators': 100, 'voting': 'soft', 'weights': [3, 1]}",0.9269406392694064,0.9299314546839299,0.9284082254379284,0.9306930693069307,0.9284082254379284,0.9288763228272249,0.0013114093315436282,657,Ensemble
1.3523522853851317,0.03924392658082551,0.029482126235961914,0.009356558486748356,0.01,50,10,100,soft,"[1, 3]","{'gb__learning_rate': 0.01, 'gb__n_estimators': 50, 'rf__max_depth': 10, 'rf__n_estimators': 100, 'voting': 'soft', 'weights': [1, 3]}",0.923896499238965,0.9246001523229246,0.9246001523229246,0.9246001523229246,0.9238385376999239,0.9243070987815326,0.0003593835293727946,741,Ensemble
1.868737554550171,0.15331692487418733,0.05708446502685547,0.009845486716213539,0.01,50,10,200,hard,"[1, 1]","{'gb__learning_rate': 0.01, 'gb__n_estimators': 50, 'rf__max_depth': 10, 'rf__n_estimators': 200, 'voting': 'hard', 'weights': [1, 1]}",0.923896499238965,0.9246001523229246,0.9246001523229246,0.9246001523229246,0.9238385376999239,0.9243070987815326,0.0003593835293727946,741,Ensemble
1.8851864337921143,0.1771086088246784,0.057817506790161136,0.009847822625426298,0.01,50,10,200,hard,"[2, 1]","{'gb__learning_rate': 0.01, 'gb__n_estimators': 50, 'rf__max_depth': 10, 'rf__n_estimators': 200, 'voting': 'hard', 'weights': [2, 1]}",0.9345509893455098,0.9352627570449352,0.9345011424219345,0.9428789032749428,0.9345011424219345,0.9363389869018514,0.0032827140234310006,524,Ensemble
2.0082380294799806,0.1086303446820079,0.05561432838439941,0.013401171898228505,0.01,50,10,200,hard,"[1, 2]","{'gb__learning_rate': 0.01, 'gb__n_estimators': 50, 'rf__max_depth': 10, 'rf__n_estimators': 200, 'voting': 'hard', 'weights': [1, 2]}",0.923896499238965,0.9246001523229246,0.9246001523229246,0.9246001523229246,0.9238385376999239,0.9243070987815326,0.0003593835293727946,741,Ensemble
1.953742504119873,0.08634438041395177,0.0483891487121582,0.010111663015549598,0.01,50,10,200,hard,"[3, 1]","{'gb__learning_rate': 0.01, 'gb__n_estimators': 50, 'rf__max_depth': 10, 'rf__n_estimators': 200, 'voting': 'hard', 'weights': [3, 1]}",0.9345509893455098,0.9352627570449352,0.9345011424219345,0.9428789032749428,0.9345011424219345,0.9363389869018514,0.0032827140234310006,524,Ensemble
1.8933491230010986,0.1708571692055554,0.056330394744873044,0.0063898824067674855,0.01,50,10,200,hard,"[1, 3]","{'gb__learning_rate': 0.01, 'gb__n_estimators': 50, 'rf__max_depth': 10, 'rf__n_estimators': 200, 'voting': 'hard', 'weights': [1, 3]}",0.923896499238965,0.9246001523229246,0.9246001523229246,0.9246001523229246,0.9238385376999239,0.9243070987815326,0.0003593835293727946,741,Ensemble
1.8792218208312987,0.1674470438441073,0.04538040161132813,0.006796264442685046,0.01,50,10,200,soft,"[1, 1]","{'gb__learning_rate': 0.01, 'gb__n_estimators': 50, 'rf__max_depth': 10, 'rf__n_estimators': 200, 'voting': 'soft', 'weights': [1, 1]}",0.923896499238965,0.9261233815689262,0.9253617669459253,0.9246001523229246,0.9238385376999239,0.9247640675553329,0.0008764847573460627,728,Ensemble
1.9588130474090577,0.10564486481939198,0.04621767997741699,0.005960477098451603,0.01,50,10,200,soft,"[2, 1]","{'gb__learning_rate': 0.01, 'gb__n_estimators': 50, 'rf__max_depth': 10, 'rf__n_estimators': 200, 'voting': 'soft', 'weights': [2, 1]}",0.9292237442922374,0.9276466108149276,0.9261233815689262,0.9268849961919269,0.9276466108149276,0.9275050687365891,0.0010283446285552491,678,Ensemble
1.9147099494934081,0.049090162694637826,0.03987836837768555,0.0069656189061615935,0.01,50,10,200,soft,"[1, 2]","{'gb__learning_rate': 0.01, 'gb__n_estimators': 50, 'rf__max_depth': 10, 'rf__n_estimators': 200, 'voting': 'soft', 'weights': [1, 2]}",0.923896499238965,0.9246001523229246,0.9246001523229246,0.9246001523229246,0.9238385376999239,0.9243070987815326,0.0003593835293727946,741,Ensemble
1.9381740093231201,0.1669821586474538,0.0421656608581543,0.00682911165799835,0.01,50,10,200,soft,"[3, 1]","{'gb__learning_rate': 0.01, 'gb__n_estimators': 50, 'rf__max_depth': 10, 'rf__n_estimators': 200, 'voting': 'soft', 'weights': [3, 1]}",0.9269406392694064,0.9291698400609292,0.9291698400609292,0.9314546839299315,0.9261233815689262,0.9285716769780243,0.0018805191649855747,668,Ensemble
2.0071045398712157,0.10377011367427495,0.03631234169006348,0.004585604233204053,0.01,50,10,200,soft,"[1, 3]","{'gb__learning_rate': 0.01, 'gb__n_estimators': 50, 'rf__max_depth': 10, 'rf__n_estimators': 200, 'voting': 'soft', 'weights': [1, 3]}",0.923896499238965,0.9246001523229246,0.9246001523229246,0.9246001523229246,0.9238385376999239,0.9243070987815326,0.0003593835293727946,741,Ensemble
0.846291971206665,0.08129363503415148,0.024954795837402344,0.00507859784224746,0.01,50,20,50,hard,"[1, 1]","{'gb__learning_rate': 0.01, 'gb__n_estimators': 50, 'rf__max_depth': 20, 'rf__n_estimators': 50, 'voting': 'hard', 'weights': [1, 1]}",0.923896499238965,0.9246001523229246,0.9246001523229246,0.9246001523229246,0.9238385376999239,0.9243070987815326,0.0003593835293727946,741,Ensemble
0.9134321212768555,0.1250903398940305,0.0325829029083252,0.004626519648932992,0.01,50,20,50,hard,"[2, 1]","{'gb__learning_rate': 0.01, 'gb__n_estimators': 50, 'rf__max_depth': 20, 'rf__n_estimators': 50, 'voting': 'hard', 'weights': [2, 1]}",0.9421613394216134,0.9444021325209444,0.9444021325209444,0.9474485910129474,0.9436405178979437,0.9444109426748787,0.001725209077034642,117,Ensemble
0.9059743881225586,0.1130909761896489,0.03370590209960937,0.011100881756008759,0.01,50,20,50,hard,"[1, 2]","{'gb__learning_rate': 0.01, 'gb__n_estimators': 50, 'rf__max_depth': 20, 'rf__n_estimators': 50, 'voting': 'hard', 'weights': [1, 2]}",0.923896499238965,0.9246001523229246,0.9246001523229246,0.9246001523229246,0.9238385376999239,0.9243070987815326,0.0003593835293727946,741,Ensemble
0.9532422065734864,0.131678969178793,0.034031343460083005,0.003860635776422386,0.01,50,20,50,hard,"[3, 1]","{'gb__learning_rate': 0.01, 'gb__n_estimators': 50, 'rf__max_depth': 20, 'rf__n_estimators': 50, 'voting': 'hard', 'weights': [3, 1]}",0.9421613394216134,0.9444021325209444,0.9444021325209444,0.9474485910129474,0.9436405178979437,0.9444109426748787,0.001725209077034642,117,Ensemble
0.8080057144165039,0.02777848198313919,0.032501506805419925,0.005396710022328745,0.01,50,20,50,hard,"[1, 3]","{'gb__learning_rate': 0.01, 'gb__n_estimators': 50, 'rf__max_depth': 20, 'rf__n_estimators': 50, 'voting': 'hard', 'weights': [1, 3]}",0.923896499238965,0.9246001523229246,0.9246001523229246,0.9246001523229246,0.9238385376999239,0.9243070987815326,0.0003593835293727946,741,Ensemble
0.9024725914001465,0.13509448111602618,0.023577022552490234,0.005116890886260439,0.01,50,20,50,soft,"[1, 1]","{'gb__learning_rate': 0.01, 'gb__n_estimators': 50, 'rf__max_depth': 20, 'rf__n_estimators': 50, 'voting': 'soft', 'weights': [1, 1]}",0.928462709284627,0.9276466108149276,0.9261233815689262,0.9261233815689262,0.9268849961919269,0.9270482158858668,0.0009051127843903191,684,Ensemble
0.9732983589172364,0.12334564618487709,0.019192028045654296,0.0029568366259988747,0.01,50,20,50,soft,"[2, 1]","{'gb__learning_rate': 0.01, 'gb__n_estimators': 50, 'rf__max_depth': 20, 'rf__n_estimators': 50, 'voting': 'soft', 'weights': [2, 1]}",0.9353120243531202,0.9352627570449352,0.9322162985529322,0.9337395277989338,0.9367859862909368,0.9346633188081717,0.001557379869166841,579,Ensemble
0.9565925121307373,0.05276775040607298,0.025727462768554688,0.011832033012654055,0.01,50,20,50,soft,"[1, 2]","{'gb__learning_rate': 0.01, 'gb__n_estimators': 50, 'rf__max_depth': 20, 'rf__n_estimators': 50, 'voting': 'soft', 'weights': [1, 2]}",0.923896499238965,0.9253617669459253,0.9246001523229246,0.9246001523229246,0.9238385376999239,0.9244594217061326,0.000557891709561946,736,Ensemble
0.9622030258178711,0.08411755990370967,0.01878528594970703,0.003121155834647505,0.01,50,20,50,soft,"[3, 1]","{'gb__learning_rate': 0.01, 'gb__n_estimators': 50, 'rf__max_depth': 20, 'rf__n_estimators': 50, 'voting': 'soft', 'weights': [3, 1]}",0.9398782343987824,0.9383092155369384,0.9352627570449352,0.9390708301599391,0.9405940594059405,0.9386230193093071,0.0018466691005289172,404,Ensemble
0.9278853416442872,0.03358228829505779,0.018297386169433594,0.003901055981703866,0.01,50,20,50,soft,"[1, 3]","{'gb__learning_rate': 0.01, 'gb__n_estimators': 50, 'rf__max_depth': 20, 'rf__n_estimators': 50, 'voting': 'soft', 'weights': [1, 3]}",0.923896499238965,0.9246001523229246,0.9246001523229246,0.9246001523229246,0.9238385376999239,0.9243070987815326,0.0003593835293727946,741,Ensemble
1.301556396484375,0.09922294938085867,0.04150204658508301,0.006656498511803916,0.01,50,20,100,hard,"[1, 1]","{'gb__learning_rate': 0.01, 'gb__n_estimators': 50, 'rf__max_depth': 20, 'rf__n_estimators': 100, 'voting': 'hard', 'weights': [1, 1]}",0.923896499238965,0.9246001523229246,0.9246001523229246,0.9246001523229246,0.9238385376999239,0.9243070987815326,0.0003593835293727946,741,Ensemble
1.3418464183807373,0.08269192703081374,0.0461611270904541,0.008831358116202547,0.01,50,20,100,hard,"[2, 1]","{'gb__learning_rate': 0.01, 'gb__n_estimators': 50, 'rf__max_depth': 20, 'rf__n_estimators': 100, 'voting': 'hard', 'weights': [2, 1]}",0.943683409436834,0.9375476009139375,0.945925361766946,0.9451637471439451,0.9474485910129474,0.943953742054922,0.0034256996332524847,170,Ensemble
1.3548091411590577,0.07902670192040638,0.038669157028198245,0.00816664899750083,0.01,50,20,100,hard,"[1, 2]","{'gb__learning_rate': 0.01, 'gb__n_estimators': 50, 'rf__max_depth': 20, 'rf__n_estimators': 100, 'voting': 'hard', 'weights': [1, 2]}",0.923896499238965,0.9246001523229246,0.9246001523229246,0.9246001523229246,0.9238385376999239,0.9243070987815326,0.0003593835293727946,741,Ensemble
1.3345182418823243,0.10596378486702124,0.04104714393615723,0.005656839316957303,0.01,50,20,100,hard,"[3, 1]","{'gb__learning_rate': 0.01, 'gb__n_estimators': 50, 'rf__max_depth': 20, 'rf__n_estimators': 100, 'voting': 'hard', 'weights': [3, 1]}",0.943683409436834,0.9375476009139375,0.945925361766946,0.9451637471439451,0.9474485910129474,0.943953742054922,0.0034256996332524847,170,Ensemble
1.3574789047241211,0.12470124500021322,0.047683095932006835,0.009252045994893696,0.01,50,20,100,hard,"[1, 3]","{'gb__learning_rate': 0.01, 'gb__n_estimators': 50, 'rf__max_depth': 20, 'rf__n_estimators': 100, 'voting': 'hard', 'weights': [1, 3]}",0.923896499238965,0.9246001523229246,0.9246001523229246,0.9246001523229246,0.9238385376999239,0.9243070987815326,0.0003593835293727946,741,Ensemble
1.3739730834960937,0.1632071031762812,0.02866640090942383,0.004974991671286307,0.01,50,20,100,soft,"[1, 1]","{'gb__learning_rate': 0.01, 'gb__n_estimators': 50, 'rf__max_depth': 20, 'rf__n_estimators': 100, 'voting': 'soft', 'weights': [1, 1]}",0.926179604261796,0.9284082254379284,0.9261233815689262,0.9253617669459253,0.9261233815689262,0.9264392719567004,0.0010300287030407212,714,Ensemble
1.3573826789855956,0.045120167272749874,0.028452587127685548,0.003935852660068505,0.01,50,20,100,soft,"[2, 1]","{'gb__learning_rate': 0.01, 'gb__n_estimators': 50, 'rf__max_depth': 20, 'rf__n_estimators': 100, 'voting': 'soft', 'weights': [2, 1]}",0.9345509893455098,0.9337395277989338,0.9291698400609292,0.9375476009139375,0.9322162985529322,0.9334448513344485,0.002754196541858346,602,Ensemble
1.284324836730957,0.07916322586341948,0.03464417457580567,0.008204182491583929,0.01,50,20,100,soft,"[1, 2]","{'gb__learning_rate': 0.01, 'gb__n_estimators': 50, 'rf__max_depth': 20, 'rf__n_estimators': 100, 'voting': 'soft', 'weights': [1, 2]}",0.923896499238965,0.9253617669459253,0.9246001523229246,0.9246001523229246,0.9238385376999239,0.9244594217061326,0.000557891709561946,736,Ensemble
1.4159569263458252,0.05131131910134316,0.034304141998291016,0.01036900105284657,0.01,50,20,100,soft,"[3, 1]","{'gb__learning_rate': 0.01, 'gb__n_estimators': 50, 'rf__max_depth': 20, 'rf__n_estimators': 100, 'voting': 'soft', 'weights': [3, 1]}",0.9383561643835616,0.9375476009139375,0.9352627570449352,0.9390708301599391,0.9413556740289414,0.938318605306263,0.001986136738006324,413,Ensemble
1.3695120811462402,0.04582891567394925,0.030060768127441406,0.0035177385141588256,0.01,50,20,100,soft,"[1, 3]","{'gb__learning_rate': 0.01, 'gb__n_estimators': 50, 'rf__max_depth': 20, 'rf__n_estimators': 100, 'voting': 'soft', 'weights': [1, 3]}",0.923896499238965,0.9246001523229246,0.9246001523229246,0.9246001523229246,0.9238385376999239,0.9243070987815326,0.0003593835293727946,741,Ensemble
2.2895039558410644,0.1132011010426407,0.07347187995910645,0.008029213098201704,0.01,50,20,200,hard,"[1, 1]","{'gb__learning_rate': 0.01, 'gb__n_estimators': 50, 'rf__max_depth': 20, 'rf__n_estimators': 200, 'voting': 'hard', 'weights': [1, 1]}",0.923896499238965,0.9246001523229246,0.9246001523229246,0.9246001523229246,0.9238385376999239,0.9243070987815326,0.0003593835293727946,741,Ensemble
2.1108359813690187,0.10433507481947364,0.07235493659973144,0.004609039712329799,0.01,50,20,200,hard,"[2, 1]","{'gb__learning_rate': 0.01, 'gb__n_estimators': 50, 'rf__max_depth': 20, 'rf__n_estimators': 200, 'voting': 'hard', 'weights': [2, 1]}",0.9444444444444444,0.9390708301599391,0.9474485910129474,0.948971820258949,0.9504950495049505,0.9460861470762459,0.0040381095277703385,46,Ensemble
2.179281711578369,0.2725439038685979,0.07067785263061524,0.006213096154674079,0.01,50,20,200,hard,"[1, 2]","{'gb__learning_rate': 0.01, 'gb__n_estimators': 50, 'rf__max_depth': 20, 'rf__n_estimators': 200, 'voting': 'hard', 'weights': [1, 2]}",0.923896499238965,0.9246001523229246,0.9246001523229246,0.9246001523229246,0.9238385376999239,0.9243070987815326,0.0003593835293727946,741,Ensemble
2.184127140045166,0.14051796830978355,0.07274789810180664,0.0078119615669851455,0.01,50,20,200,hard,"[3, 1]","{'gb__learning_rate': 0.01, 'gb__n_estimators': 50, 'rf__max_depth': 20, 'rf__n_estimators': 200, 'voting': 'hard', 'weights': [3, 1]}",0.9444444444444444,0.9390708301599391,0.9474485910129474,0.948971820258949,0.9504950495049505,0.9460861470762459,0.0040381095277703385,46,Ensemble
2.229006290435791,0.1899200478062224,0.06175951957702637,0.005773007585639134,0.01,50,20,200,hard,"[1, 3]","{'gb__learning_rate': 0.01, 'gb__n_estimators': 50, 'rf__max_depth': 20, 'rf__n_estimators': 200, 'voting': 'hard', 'weights': [1, 3]}",0.923896499238965,0.9246001523229246,0.9246001523229246,0.9246001523229246,0.9238385376999239,0.9243070987815326,0.0003593835293727946,741,Ensemble
2.1268594741821287,0.27040077490049186,0.05633320808410645,0.010586580075435621,0.01,50,20,200,soft,"[1, 1]","{'gb__learning_rate': 0.01, 'gb__n_estimators': 50, 'rf__max_depth': 20, 'rf__n_estimators': 200, 'voting': 'soft', 'weights': [1, 1]}",0.926179604261796,0.9284082254379284,0.9261233815689262,0.9253617669459253,0.9261233815689262,0.9264392719567004,0.0010300287030407212,714,Ensemble
2.2535878658294677,0.059895687049233884,0.05194220542907715,0.008130428750565345,0.01,50,20,200,soft,"[2, 1]","{'gb__learning_rate': 0.01, 'gb__n_estimators': 50, 'rf__max_depth': 20, 'rf__n_estimators': 200, 'voting': 'soft', 'weights': [2, 1]}",0.9353120243531202,0.9322162985529322,0.9306930693069307,0.9345011424219345,0.9322162985529322,0.9329877666375699,0.0016821677706737779,625,Ensemble
2.362067174911499,0.06172017812240018,0.05422329902648926,0.003737414722590945,0.01,50,20,200,soft,"[1, 2]","{'gb__learning_rate': 0.01, 'gb__n_estimators': 50, 'rf__max_depth': 20, 'rf__n_estimators': 200, 'voting': 'soft', 'weights': [1, 2]}",0.923896499238965,0.9246001523229246,0.9246001523229246,0.9246001523229246,0.9238385376999239,0.9243070987815326,0.0003593835293727946,741,Ensemble
2.214467000961304,0.09548621518465203,0.059853219985961915,0.005912680916558458,0.01,50,20,200,soft,"[3, 1]","{'gb__learning_rate': 0.01, 'gb__n_estimators': 50, 'rf__max_depth': 20, 'rf__n_estimators': 200, 'voting': 'soft', 'weights': [3, 1]}",0.9398782343987824,0.9375476009139375,0.9352627570449352,0.9398324447829398,0.9367859862909368,0.9378614046863063,0.0017866487202759726,418,Ensemble
2.1929359436035156,0.031227429667879263,0.05197758674621582,0.0023121694427513874,0.01,50,20,200,soft,"[1, 3]","{'gb__learning_rate': 0.01, 'gb__n_estimators': 50, 'rf__max_depth': 20, 'rf__n_estimators': 200, 'voting': 'soft', 'weights': [1, 3]}",0.923896499238965,0.9246001523229246,0.9246001523229246,0.9246001523229246,0.9238385376999239,0.9243070987815326,0.0003593835293727946,741,Ensemble
1.6403984069824218,0.1545302927560058,0.04451251029968262,0.00634088293662538,0.01,100,,50,hard,"[1, 1]","{'gb__learning_rate': 0.01, 'gb__n_estimators': 100, 'rf__max_depth': None, 'rf__n_estimators': 50, 'voting': 'hard', 'weights': [1, 1]}",0.923896499238965,0.9246001523229246,0.9246001523229246,0.9246001523229246,0.9238385376999239,0.9243070987815326,0.0003593835293727946,741,Ensemble
1.7049699783325196,0.06633599599239416,0.04154958724975586,0.008745613073258674,0.01,100,,50,hard,"[2, 1]","{'gb__learning_rate': 0.01, 'gb__n_estimators': 100, 'rf__max_depth': None, 'rf__n_estimators': 50, 'voting': 'hard', 'weights': [2, 1]}",0.939117199391172,0.9398324447829398,0.9444021325209444,0.9474485910129474,0.9466869763899467,0.9434974688195901,0.003441566590827775,202,Ensemble
1.7145001411437988,0.11178945326004239,0.044135332107543945,0.011048646085608809,0.01,100,,50,hard,"[1, 2]","{'gb__learning_rate': 0.01, 'gb__n_estimators': 100, 'rf__max_depth': None, 'rf__n_estimators': 50, 'voting': 'hard', 'weights': [1, 2]}",0.923896499238965,0.9246001523229246,0.9246001523229246,0.9246001523229246,0.9238385376999239,0.9243070987815326,0.0003593835293727946,741,Ensemble
1.7034900665283204,0.0696646113277151,0.04385085105895996,0.007268578309406776,0.01,100,,50,hard,"[3, 1]","{'gb__learning_rate': 0.01, 'gb__n_estimators': 100, 'rf__max_depth': None, 'rf__n_estimators': 50, 'voting': 'hard', 'weights': [3, 1]}",0.939117199391172,0.9398324447829398,0.9444021325209444,0.9474485910129474,0.9466869763899467,0.9434974688195901,0.003441566590827775,202,Ensemble
1.6882243156433105,0.12952408373168442,0.04584684371948242,0.008117195961723144,0.01,100,,50,hard,"[1, 3]","{'gb__learning_rate': 0.01, 'gb__n_estimators': 100, 'rf__max_depth': None, 'rf__n_estimators': 50, 'voting': 'hard', 'weights': [1, 3]}",0.923896499238965,0.9246001523229246,0.9246001523229246,0.9246001523229246,0.9238385376999239,0.9243070987815326,0.0003593835293727946,741,Ensemble
1.7376650810241698,0.06791497412679824,0.028394603729248048,0.007463725045483308,0.01,100,,50,soft,"[1, 1]","{'gb__learning_rate': 0.01, 'gb__n_estimators': 100, 'rf__max_depth': None, 'rf__n_estimators': 50, 'voting': 'soft', 'weights': [1, 1]}",0.9315068493150684,0.9276466108149276,0.9276466108149276,0.9276466108149276,0.9299314546839299,0.9288756272887563,0.001585531161407822,658,Ensemble
1.6363595008850098,0.11265130814045698,0.03008713722229004,0.008199408792620497,0.01,100,,50,soft,"[2, 1]","{'gb__learning_rate': 0.01, 'gb__n_estimators': 100, 'rf__max_depth': None, 'rf__n_estimators': 50, 'voting': 'soft', 'weights': [2, 1]}",0.9375951293759512,0.9360243716679361,0.9329779131759329,0.9383092155369384,0.9375476009139375,0.9364908461341391,0.0019079274527235592,522,Ensemble
1.6817851066589355,0.07433073189862574,0.024521684646606444,0.008466262082300545,0.01,100,,50,soft,"[1, 2]","{'gb__learning_rate': 0.01, 'gb__n_estimators': 100, 'rf__max_depth': None, 'rf__n_estimators': 50, 'voting': 'soft', 'weights': [1, 2]}",0.9269406392694064,0.9261233815689262,0.9268849961919269,0.9261233815689262,0.9246001523229246,0.926134510184422,0.000844698181414288,718,Ensemble
1.663508653640747,0.07195540779195081,0.023732900619506836,0.005160016958566096,0.01,100,,50,soft,"[3, 1]","{'gb__learning_rate': 0.01, 'gb__n_estimators': 100, 'rf__max_depth': None, 'rf__n_estimators': 50, 'voting': 'soft', 'weights': [3, 1]}",0.9406392694063926,0.9398324447829398,0.9390708301599391,0.9413556740289414,0.9413556740289414,0.9404507784814309,0.0008899207453789647,343,Ensemble
1.6891875743865967,0.07641333573098222,0.02502923011779785,0.010500044461104219,0.01,100,,50,soft,"[1, 3]","{'gb__learning_rate': 0.01, 'gb__n_estimators': 100, 'rf__max_depth': None, 'rf__n_estimators': 50, 'voting': 'soft', 'weights': [1, 3]}",0.923896499238965,0.9253617669459253,0.9246001523229246,0.9253617669459253,0.9238385376999239,0.9246117446307327,0.0006685246826363046,731,Ensemble
2.1035860061645506,0.12116400406858455,0.05173020362854004,0.007367397524929269,0.01,100,,100,hard,"[1, 1]","{'gb__learning_rate': 0.01, 'gb__n_estimators': 100, 'rf__max_depth': None, 'rf__n_estimators': 100, 'voting': 'hard', 'weights': [1, 1]}",0.923896499238965,0.9246001523229246,0.9246001523229246,0.9246001523229246,0.9238385376999239,0.9243070987815326,0.0003593835293727946,741,Ensemble
2.109531593322754,0.10267601823903637,0.045027542114257815,0.009360997536951427,0.01,100,,100,hard,"[2, 1]","{'gb__learning_rate': 0.01, 'gb__n_estimators': 100, 'rf__max_depth': None, 'rf__n_estimators': 100, 'voting': 'hard', 'weights': [2, 1]}",0.943683409436834,0.9398324447829398,0.9474485910129474,0.9428789032749428,0.9474485910129474,0.9442583879041223,0.0029043877958373652,142,Ensemble
2.1229156494140624,0.0733807740834205,0.04888405799865723,0.0033670319535846313,0.01,100,,100,hard,"[1, 2]","{'gb__learning_rate': 0.01, 'gb__n_estimators': 100, 'rf__max_depth': None, 'rf__n_estimators': 100, 'voting': 'hard', 'weights': [1, 2]}",0.923896499238965,0.9246001523229246,0.9246001523229246,0.9246001523229246,0.9238385376999239,0.9243070987815326,0.0003593835293727946,741,Ensemble
2.068015146255493,0.11433675838924906,0.045543766021728514,0.002381018740972882,0.01,100,,100,hard,"[3, 1]","{'gb__learning_rate': 0.01, 'gb__n_estimators': 100, 'rf__max_depth': None, 'rf__n_estimators': 100, 'voting': 'hard', 'weights': [3, 1]}",0.943683409436834,0.9398324447829398,0.9474485910129474,0.9428789032749428,0.9474485910129474,0.9442583879041223,0.0029043877958373652,142,Ensemble
2.0133493900299073,0.08746650644036746,0.04909262657165527,0.012348559081824818,0.01,100,,100,hard,"[1, 3]","{'gb__learning_rate': 0.01, 'gb__n_estimators': 100, 'rf__max_depth': None, 'rf__n_estimators': 100, 'voting': 'hard', 'weights': [1, 3]}",0.923896499238965,0.9246001523229246,0.9246001523229246,0.9246001523229246,0.9238385376999239,0.9243070987815326,0.0003593835293727946,741,Ensemble
2.0423614978790283,0.11923113750845542,0.032056999206542966,0.0006325667428643722,0.01,100,,100,soft,"[1, 1]","{'gb__learning_rate': 0.01, 'gb__n_estimators': 100, 'rf__max_depth': None, 'rf__n_estimators': 100, 'voting': 'soft', 'weights': [1, 1]}",0.9322678843226788,0.9276466108149276,0.9276466108149276,0.9284082254379284,0.9291698400609292,0.9290278342902785,0.0017156667251530377,656,Ensemble
2.067055606842041,0.13184137275566044,0.034537458419799806,0.006164451764451692,0.01,100,,100,soft,"[2, 1]","{'gb__learning_rate': 0.01, 'gb__n_estimators': 100, 'rf__max_depth': None, 'rf__n_estimators': 100, 'voting': 'soft', 'weights': [2, 1]}",0.936834094368341,0.9352627570449352,0.9329779131759329,0.9390708301599391,0.9390708301599391,0.9366432849818175,0.0023308010324999497,478,Ensemble
2.0813661098480223,0.070277603476267,0.029826259613037108,0.004058449575238424,0.01,100,,100,soft,"[1, 2]","{'gb__learning_rate': 0.01, 'gb__n_estimators': 100, 'rf__max_depth': None, 'rf__n_estimators': 100, 'voting': 'soft', 'weights': [1, 2]}",0.9246575342465754,0.9261233815689262,0.9261233815689262,0.9253617669459253,0.9253617669459253,0.9255255662552557,0.0005517075845202105,722,Ensemble
2.1225979328155518,0.1135337052157333,0.03558835983276367,0.007408783162851206,0.01,100,,100,soft,"[3, 1]","{'gb__learning_rate': 0.01, 'gb__n_estimators': 100, 'rf__max_depth': None, 'rf__n_estimators': 100, 'voting': 'soft', 'weights': [3, 1]}",0.939117199391172,0.9352627570449352,0.9405940594059405,0.9413556740289414,0.9413556740289414,0.9395370727799861,0.0022881394362401835,373,Ensemble
2.035328674316406,0.08550020970427909,0.03506464958190918,0.006433759886617349,0.01,100,,100,soft,"[1, 3]","{'gb__learning_rate': 0.01, 'gb__n_estimators': 100, 'rf__max_depth': None, 'rf__n_estimators': 100, 'voting': 'soft', 'weights': [1, 3]}",0.923896499238965,0.9253617669459253,0.9246001523229246,0.9253617669459253,0.9238385376999239,0.9246117446307327,0.0006685246826363046,731,Ensemble
2.897693729400635,0.11874331092250066,0.0685488224029541,0.0055856630373464534,0.01,100,,200,hard,"[1, 1]","{'gb__learning_rate': 0.01, 'gb__n_estimators': 100, 'rf__max_depth': None, 'rf__n_estimators': 200, 'voting': 'hard', 'weights': [1, 1]}",0.923896499238965,0.9246001523229246,0.9246001523229246,0.9246001523229246,0.9238385376999239,0.9243070987815326,0.0003593835293727946,741,Ensemble
3.0417122840881348,0.05182709821489445,0.07098207473754883,0.002406568168025881,0.01,100,,200,hard,"[2, 1]","{'gb__learning_rate': 0.01, 'gb__n_estimators': 100, 'rf__max_depth': None, 'rf__n_estimators': 200, 'voting': 'hard', 'weights': [2, 1]}",0.9429223744292238,0.9405940594059405,0.9474485910129474,0.945925361766946,0.9474485910129474,0.9448677955256011,0.0027014418636190523,81,Ensemble
2.949354553222656,0.16500812034589407,0.07011442184448242,0.007104757555070589,0.01,100,,200,hard,"[1, 2]","{'gb__learning_rate': 0.01, 'gb__n_estimators': 100, 'rf__max_depth': None, 'rf__n_estimators': 200, 'voting': 'hard', 'weights': [1, 2]}",0.923896499238965,0.9246001523229246,0.9246001523229246,0.9246001523229246,0.9238385376999239,0.9243070987815326,0.0003593835293727946,741,Ensemble
2.8746337413787844,0.06958135763614544,0.0676924705505371,0.002845129081701124,0.01,100,,200,hard,"[3, 1]","{'gb__learning_rate': 0.01, 'gb__n_estimators': 100, 'rf__max_depth': None, 'rf__n_estimators': 200, 'voting': 'hard', 'weights': [3, 1]}",0.9429223744292238,0.9405940594059405,0.9474485910129474,0.945925361766946,0.9474485910129474,0.9448677955256011,0.0027014418636190523,81,Ensemble
2.805559015274048,0.2930823153272064,0.06822118759155274,0.003924214850201758,0.01,100,,200,hard,"[1, 3]","{'gb__learning_rate': 0.01, 'gb__n_estimators': 100, 'rf__max_depth': None, 'rf__n_estimators': 200, 'voting': 'hard', 'weights': [1, 3]}",0.923896499238965,0.9246001523229246,0.9246001523229246,0.9246001523229246,0.9238385376999239,0.9243070987815326,0.0003593835293727946,741,Ensemble
2.828309154510498,0.08800144019189902,0.052775096893310544,0.0006384719814552258,0.01,100,,200,soft,"[1, 1]","{'gb__learning_rate': 0.01, 'gb__n_estimators': 100, 'rf__max_depth': None, 'rf__n_estimators': 200, 'voting': 'soft', 'weights': [1, 1]}",0.9330289193302892,0.9276466108149276,0.9276466108149276,0.9268849961919269,0.9284082254379284,0.9287230725179999,0.002206150930084527,667,Ensemble
2.921836566925049,0.18264322313909906,0.05367488861083984,0.0017587752355435846,0.01,100,,200,soft,"[2, 1]","{'gb__learning_rate': 0.01, 'gb__n_estimators': 100, 'rf__max_depth': None, 'rf__n_estimators': 200, 'voting': 'soft', 'weights': [2, 1]}",0.9375951293759512,0.9352627570449352,0.9352627570449352,0.9390708301599391,0.9383092155369384,0.9371001378325399,0.001571142901833552,466,Ensemble
2.8143265724182127,0.19336047196349657,0.05403857231140137,0.0018388657336707594,0.01,100,,200,soft,"[1, 2]","{'gb__learning_rate': 0.01, 'gb__n_estimators': 100, 'rf__max_depth': None, 'rf__n_estimators': 200, 'voting': 'soft', 'weights': [1, 2]}",0.9246575342465754,0.9268849961919269,0.9253617669459253,0.9261233815689262,0.9253617669459253,0.9256778891798557,0.0007611256835439053,720,Ensemble
2.9363124847412108,0.0960572529144278,0.05004000663757324,0.0036907098059068273,0.01,100,,200,soft,"[3, 1]","{'gb__learning_rate': 0.01, 'gb__n_estimators': 100, 'rf__max_depth': None, 'rf__n_estimators': 200, 'voting': 'soft', 'weights': [3, 1]}",0.9398782343987824,0.9367859862909368,0.9398324447829398,0.9413556740289414,0.9405940594059405,0.9396892797815081,0.0015544007922080323,366,Ensemble
2.967267894744873,0.08903858722372059,0.05027475357055664,0.005803662171406601,0.01,100,,200,soft,"[1, 3]","{'gb__learning_rate': 0.01, 'gb__n_estimators': 100, 'rf__max_depth': None, 'rf__n_estimators': 200, 'voting': 'soft', 'weights': [1, 3]}",0.923896499238965,0.9253617669459253,0.9246001523229246,0.9253617669459253,0.9238385376999239,0.9246117446307327,0.0006685246826363046,731,Ensemble
1.6099706649780274,0.06845285793495547,0.03303508758544922,0.0007838118813499145,0.01,100,10,50,hard,"[1, 1]","{'gb__learning_rate': 0.01, 'gb__n_estimators': 100, 'rf__max_depth': 10, 'rf__n_estimators': 50, 'voting': 'hard', 'weights': [1, 1]}",0.923896499238965,0.9246001523229246,0.9246001523229246,0.9246001523229246,0.9238385376999239,0.9243070987815326,0.0003593835293727946,741,Ensemble
1.6153151988983154,0.05431118082971631,0.03270754814147949,0.0007239981207094673,0.01,100,10,50,hard,"[2, 1]","{'gb__learning_rate': 0.01, 'gb__n_estimators': 100, 'rf__max_depth': 10, 'rf__n_estimators': 50, 'voting': 'hard', 'weights': [2, 1]}",0.9375951293759512,0.9367859862909368,0.9390708301599391,0.9375476009139375,0.9367859862909368,0.9375571066063403,0.0008345235967392048,420,Ensemble
1.565104866027832,0.09534541523233542,0.03289995193481445,0.0008816245893136886,0.01,100,10,50,hard,"[1, 2]","{'gb__learning_rate': 0.01, 'gb__n_estimators': 100, 'rf__max_depth': 10, 'rf__n_estimators': 50, 'voting': 'hard', 'weights': [1, 2]}",0.923896499238965,0.9246001523229246,0.9246001523229246,0.9246001523229246,0.9238385376999239,0.9243070987815326,0.0003593835293727946,741,Ensemble
1.5939793586730957,0.17616642912372033,0.03361115455627441,0.0010384333690666029,0.01,100,10,50,hard,"[3, 1]","{'gb__learning_rate': 0.01, 'gb__n_estimators': 100, 'rf__max_depth': 10, 'rf__n_estimators': 50, 'voting': 'hard', 'weights': [3, 1]}",0.9375951293759512,0.9367859862909368,0.9390708301599391,0.9375476009139375,0.9367859862909368,0.9375571066063403,0.0008345235967392048,420,Ensemble
1.6124230861663817,0.06499536178835673,0.033912038803100585,0.0015372971193558672,0.01,100,10,50,hard,"[1, 3]","{'gb__learning_rate': 0.01, 'gb__n_estimators': 100, 'rf__max_depth': 10, 'rf__n_estimators': 50, 'voting': 'hard', 'weights': [1, 3]}",0.923896499238965,0.9246001523229246,0.9246001523229246,0.9246001523229246,0.9238385376999239,0.9243070987815326,0.0003593835293727946,741,Ensemble
1.5874202251434326,0.08357897288298796,0.021579837799072264,0.0015307428249948186,0.01,100,10,50,soft,"[1, 1]","{'gb__learning_rate': 0.01, 'gb__n_estimators': 100, 'rf__max_depth': 10, 'rf__n_estimators': 50, 'voting': 'soft', 'weights': [1, 1]}",0.9292237442922374,0.9268849961919269,0.9276466108149276,0.9261233815689262,0.9261233815689262,0.9272004228873888,0.001158658118476845,683,Ensemble
1.6865430355072022,0.06041812339141447,0.022336864471435548,0.0018523530732043186,0.01,100,10,50,soft,"[2, 1]","{'gb__learning_rate': 0.01, 'gb__n_estimators': 100, 'rf__max_depth': 10, 'rf__n_estimators': 50, 'voting': 'soft', 'weights': [2, 1]}",0.9307458143074582,0.9276466108149276,0.9268849961919269,0.9291698400609292,0.9276466108149276,0.9284187744380338,0.0013801567413677049,670,Ensemble
1.6480251789093017,0.06162881796161434,0.018725872039794922,0.0024192750585453455,0.01,100,10,50,soft,"[1, 2]","{'gb__learning_rate': 0.01, 'gb__n_estimators': 100, 'rf__max_depth': 10, 'rf__n_estimators': 50, 'voting': 'soft', 'weights': [1, 2]}",0.9231354642313546,0.9261233815689262,0.9253617669459253,0.9253617669459253,0.9238385376999239,0.924764183478411,0.0011019235856914824,725,Ensemble
1.6577505111694335,0.08198479956820794,0.021448898315429687,0.0016803707857239094,0.01,100,10,50,soft,"[3, 1]","{'gb__learning_rate': 0.01, 'gb__n_estimators': 100, 'rf__max_depth': 10, 'rf__n_estimators': 50, 'voting': 'soft', 'weights': [3, 1]}",0.9307458143074582,0.9322162985529322,0.9299314546839299,0.9322162985529322,0.9276466108149276,0.930551295382436,0.001697274500837299,645,Ensemble
1.6575935363769532,0.05766680415998386,0.02008962631225586,0.002094239653148286,0.01,100,10,50,soft,"[1, 3]","{'gb__learning_rate': 0.01, 'gb__n_estimators': 100, 'rf__max_depth': 10, 'rf__n_estimators': 50, 'voting': 'soft', 'weights': [1, 3]}",0.923896499238965,0.9253617669459253,0.9246001523229246,0.9246001523229246,0.9238385376999239,0.9244594217061326,0.000557891709561946,736,Ensemble
1.991746425628662,0.1696490922373013,0.04494080543518066,0.0020528502492360465,0.01,100,10,100,hard,"[1, 1]","{'gb__learning_rate': 0.01, 'gb__n_estimators': 100, 'rf__max_depth': 10, 'rf__n_estimators': 100, 'voting': 'hard', 'weights': [1, 1]}",0.923896499238965,0.9246001523229246,0.9246001523229246,0.9246001523229246,0.9238385376999239,0.9243070987815326,0.0003593835293727946,741,Ensemble
2.1056886196136473,0.043825776311028554,0.04570002555847168,0.0027186942370148568,0.01,100,10,100,hard,"[2, 1]","{'gb__learning_rate': 0.01, 'gb__n_estimators': 100, 'rf__max_depth': 10, 'rf__n_estimators': 100, 'voting': 'hard', 'weights': [2, 1]}",0.9353120243531202,0.9345011424219345,0.9367859862909368,0.9398324447829398,0.9360243716679361,0.9364911939033735,0.001834095347493627,499,Ensemble
2.018281936645508,0.06893268524548776,0.040261363983154295,0.006871017658135396,0.01,100,10,100,hard,"[1, 2]","{'gb__learning_rate': 0.01, 'gb__n_estimators': 100, 'rf__max_depth': 10, 'rf__n_estimators': 100, 'voting': 'hard', 'weights': [1, 2]}",0.923896499238965,0.9246001523229246,0.9246001523229246,0.9246001523229246,0.9238385376999239,0.9243070987815326,0.0003593835293727946,741,Ensemble
2.035022830963135,0.0807661791640624,0.03241682052612305,0.005917542301576715,0.01,100,10,100,hard,"[3, 1]","{'gb__learning_rate': 0.01, 'gb__n_estimators': 100, 'rf__max_depth': 10, 'rf__n_estimators': 100, 'voting': 'hard', 'weights': [3, 1]}",0.9353120243531202,0.9345011424219345,0.9367859862909368,0.9398324447829398,0.9360243716679361,0.9364911939033735,0.001834095347493627,499,Ensemble
2.0531583786010743,0.06754313243285402,0.04365687370300293,0.0026840536827227256,0.01,100,10,100,hard,"[1, 3]","{'gb__learning_rate': 0.01, 'gb__n_estimators': 100, 'rf__max_depth': 10, 'rf__n_estimators': 100, 'voting': 'hard', 'weights': [1, 3]}",0.923896499238965,0.9246001523229246,0.9246001523229246,0.9246001523229246,0.9238385376999239,0.9243070987815326,0.0003593835293727946,741,Ensemble
2.032433843612671,0.03258646422233397,0.029428577423095702,0.00067446994694586,0.01,100,10,100,soft,"[1, 1]","{'gb__learning_rate': 0.01, 'gb__n_estimators': 100, 'rf__max_depth': 10, 'rf__n_estimators': 100, 'voting': 'soft', 'weights': [1, 1]}",0.928462709284627,0.9276466108149276,0.9276466108149276,0.9261233815689262,0.9268849961919269,0.927352861735067,0.0007918154169367838,682,Ensemble
2.053211736679077,0.07210086418752833,0.029457664489746092,0.0014216211835853796,0.01,100,10,100,soft,"[2, 1]","{'gb__learning_rate': 0.01, 'gb__n_estimators': 100, 'rf__max_depth': 10, 'rf__n_estimators': 100, 'voting': 'soft', 'weights': [2, 1]}",0.9277016742770168,0.9291698400609292,0.9291698400609292,0.9291698400609292,0.9284082254379284,0.9287238839795465,0.0005901158310719887,661,Ensemble
2.0234829425811767,0.03697990188233833,0.027147340774536132,0.003603201285049755,0.01,100,10,100,soft,"[1, 2]","{'gb__learning_rate': 0.01, 'gb__n_estimators': 100, 'rf__max_depth': 10, 'rf__n_estimators': 100, 'voting': 'soft', 'weights': [1, 2]}",0.9231354642313546,0.9261233815689262,0.9253617669459253,0.9253617669459253,0.9238385376999239,0.924764183478411,0.0011019235856914824,725,Ensemble
2.016342782974243,0.0457532682409695,0.027180194854736328,0.003604649735771163,0.01,100,10,100,soft,"[3, 1]","{'gb__learning_rate': 0.01, 'gb__n_estimators': 100, 'rf__max_depth': 10, 'rf__n_estimators': 100, 'voting': 'soft', 'weights': [3, 1]}",0.9307458143074582,0.9322162985529322,0.9314546839299315,0.9322162985529322,0.9284082254379284,0.9310082641562364,0.0014104656026554137,643,Ensemble
2.0044851779937742,0.09126424380723239,0.02622537612915039,0.0032653001045275104,0.01,100,10,100,soft,"[1, 3]","{'gb__learning_rate': 0.01, 'gb__n_estimators': 100, 'rf__max_depth': 10, 'rf__n_estimators': 100, 'voting': 'soft', 'weights': [1, 3]}",0.923896499238965,0.9253617669459253,0.9246001523229246,0.9246001523229246,0.9238385376999239,0.9244594217061326,0.000557891709561946,736,Ensemble
2.7976351737976075,0.11137365485238507,0.06023497581481933,0.004937796335856589,0.01,100,10,200,hard,"[1, 1]","{'gb__learning_rate': 0.01, 'gb__n_estimators': 100, 'rf__max_depth': 10, 'rf__n_estimators': 200, 'voting': 'hard', 'weights': [1, 1]}",0.923896499238965,0.9246001523229246,0.9246001523229246,0.9246001523229246,0.9238385376999239,0.9243070987815326,0.0003593835293727946,741,Ensemble
2.773846387863159,0.09783561990105141,0.06030716896057129,0.001149724691575962,0.01,100,10,200,hard,"[2, 1]","{'gb__learning_rate': 0.01, 'gb__n_estimators': 100, 'rf__max_depth': 10, 'rf__n_estimators': 200, 'voting': 'hard', 'weights': [2, 1]}",0.9345509893455098,0.9352627570449352,0.9345011424219345,0.9428789032749428,0.9345011424219345,0.9363389869018514,0.0032827140234310006,524,Ensemble
2.7815014839172365,0.018575230348820842,0.05978493690490723,0.001449476534465053,0.01,100,10,200,hard,"[1, 2]","{'gb__learning_rate': 0.01, 'gb__n_estimators': 100, 'rf__max_depth': 10, 'rf__n_estimators': 200, 'voting': 'hard', 'weights': [1, 2]}",0.923896499238965,0.9246001523229246,0.9246001523229246,0.9246001523229246,0.9238385376999239,0.9243070987815326,0.0003593835293727946,741,Ensemble
2.7877360820770263,0.10060845679172808,0.05712218284606933,0.0069805830409170365,0.01,100,10,200,hard,"[3, 1]","{'gb__learning_rate': 0.01, 'gb__n_estimators': 100, 'rf__max_depth': 10, 'rf__n_estimators': 200, 'voting': 'hard', 'weights': [3, 1]}",0.9345509893455098,0.9352627570449352,0.9345011424219345,0.9428789032749428,0.9345011424219345,0.9363389869018514,0.0032827140234310006,524,Ensemble
2.7428630352020265,0.0313112679484849,0.06135225296020508,0.0017840117626715796,0.01,100,10,200,hard,"[1, 3]","{'gb__learning_rate': 0.01, 'gb__n_estimators': 100, 'rf__max_depth': 10, 'rf__n_estimators': 200, 'voting': 'hard', 'weights': [1, 3]}",0.923896499238965,0.9246001523229246,0.9246001523229246,0.9246001523229246,0.9238385376999239,0.9243070987815326,0.0003593835293727946,741,Ensemble
2.786683130264282,0.03943964698979273,0.046721792221069335,0.0034655835395964694,0.01,100,10,200,soft,"[1, 1]","{'gb__learning_rate': 0.01, 'gb__n_estimators': 100, 'rf__max_depth': 10, 'rf__n_estimators': 200, 'voting': 'soft', 'weights': [1, 1]}",0.928462709284627,0.9261233815689262,0.9268849961919269,0.9261233815689262,0.9276466108149276,0.9270482158858668,0.000905112784390319,684,Ensemble
2.7541396617889404,0.044178368239924555,0.04453363418579102,0.004580303241520567,0.01,100,10,200,soft,"[2, 1]","{'gb__learning_rate': 0.01, 'gb__n_estimators': 100, 'rf__max_depth': 10, 'rf__n_estimators': 200, 'voting': 'soft', 'weights': [2, 1]}",0.9269406392694064,0.9291698400609292,0.9284082254379284,0.9306930693069307,0.9253617669459253,0.928114708204224,0.0018332771210492784,672,Ensemble
2.6520354747772217,0.06810911434437558,0.04479427337646484,0.004285230556253461,0.01,100,10,200,soft,"[1, 2]","{'gb__learning_rate': 0.01, 'gb__n_estimators': 100, 'rf__max_depth': 10, 'rf__n_estimators': 200, 'voting': 'soft', 'weights': [1, 2]}",0.9231354642313546,0.9261233815689262,0.9253617669459253,0.9253617669459253,0.9238385376999239,0.924764183478411,0.0011019235856914824,725,Ensemble
2.7582399368286135,0.06672216904390971,0.04465126991271973,0.004220057675785003,0.01,100,10,200,soft,"[3, 1]","{'gb__learning_rate': 0.01, 'gb__n_estimators': 100, 'rf__max_depth': 10, 'rf__n_estimators': 200, 'voting': 'soft', 'weights': [3, 1]}",0.928462709284627,0.9314546839299315,0.9314546839299315,0.9337395277989338,0.9276466108149276,0.9305516431516703,0.002217946410401487,644,Ensemble
2.763047456741333,0.09904356643379597,0.045751094818115234,0.006906112143854705,0.01,100,10,200,soft,"[1, 3]","{'gb__learning_rate': 0.01, 'gb__n_estimators': 100, 'rf__max_depth': 10, 'rf__n_estimators': 200, 'voting': 'soft', 'weights': [1, 3]}",0.923896499238965,0.9253617669459253,0.9246001523229246,0.9246001523229246,0.9238385376999239,0.9244594217061326,0.000557891709561946,736,Ensemble
1.7151571750640868,0.10492534724293869,0.035727310180664065,0.0018186477284331639,0.01,100,20,50,hard,"[1, 1]","{'gb__learning_rate': 0.01, 'gb__n_estimators': 100, 'rf__max_depth': 20, 'rf__n_estimators': 50, 'voting': 'hard', 'weights': [1, 1]}",0.923896499238965,0.9246001523229246,0.9246001523229246,0.9246001523229246,0.9238385376999239,0.9243070987815326,0.0003593835293727946,741,Ensemble
1.699139404296875,0.03830696760730434,0.03588123321533203,0.0012575040325267428,0.01,100,20,50,hard,"[2, 1]","{'gb__learning_rate': 0.01, 'gb__n_estimators': 100, 'rf__max_depth': 20, 'rf__n_estimators': 50, 'voting': 'hard', 'weights': [2, 1]}",0.9421613394216134,0.9444021325209444,0.9444021325209444,0.9474485910129474,0.9436405178979437,0.9444109426748787,0.001725209077034642,117,Ensemble
1.7057955741882325,0.09749641419378219,0.03626866340637207,0.003426955551916555,0.01,100,20,50,hard,"[1, 2]","{'gb__learning_rate': 0.01, 'gb__n_estimators': 100, 'rf__max_depth': 20, 'rf__n_estimators': 50, 'voting': 'hard', 'weights': [1, 2]}",0.923896499238965,0.9246001523229246,0.9246001523229246,0.9246001523229246,0.9238385376999239,0.9243070987815326,0.0003593835293727946,741,Ensemble
1.7244317054748535,0.03338356940227703,0.03242678642272949,0.004845837385175247,0.01,100,20,50,hard,"[3, 1]","{'gb__learning_rate': 0.01, 'gb__n_estimators': 100, 'rf__max_depth': 20, 'rf__n_estimators': 50, 'voting': 'hard', 'weights': [3, 1]}",0.9421613394216134,0.9444021325209444,0.9444021325209444,0.9474485910129474,0.9436405178979437,0.9444109426748787,0.001725209077034642,117,Ensemble
1.6411568641662597,0.05538095335809879,0.033541202545166016,0.000910244754105662,0.01,100,20,50,hard,"[1, 3]","{'gb__learning_rate': 0.01, 'gb__n_estimators': 100, 'rf__max_depth': 20, 'rf__n_estimators': 50, 'voting': 'hard', 'weights': [1, 3]}",0.923896499238965,0.9246001523229246,0.9246001523229246,0.9246001523229246,0.9238385376999239,0.9243070987815326,0.0003593835293727946,741,Ensemble
1.6657438278198242,0.0429648254780063,0.02098507881164551,0.00024074494262520962,0.01,100,20,50,soft,"[1, 1]","{'gb__learning_rate': 0.01, 'gb__n_estimators': 100, 'rf__max_depth': 20, 'rf__n_estimators': 50, 'voting': 'soft', 'weights': [1, 1]}",0.9322678843226788,0.9276466108149276,0.9276466108149276,0.9253617669459253,0.9306930693069307,0.9287231884410779,0.002452039671661954,665,Ensemble
1.7032470226287841,0.05105979625733507,0.020853757858276367,0.0006032057712763484,0.01,100,20,50,soft,"[2, 1]","{'gb__learning_rate': 0.01, 'gb__n_estimators': 100, 'rf__max_depth': 20, 'rf__n_estimators': 50, 'voting': 'soft', 'weights': [2, 1]}",0.9383561643835616,0.9360243716679361,0.9329779131759329,0.9390708301599391,0.9367859862909368,0.9366430531356613,0.002129098353626485,498,Ensemble
1.6232629776000977,0.09134591074655954,0.022209787368774415,0.0015928440086788273,0.01,100,20,50,soft,"[1, 2]","{'gb__learning_rate': 0.01, 'gb__n_estimators': 100, 'rf__max_depth': 20, 'rf__n_estimators': 50, 'voting': 'soft', 'weights': [1, 2]}",0.926179604261796,0.9261233815689262,0.9261233815689262,0.9261233815689262,0.9246001523229246,0.9258299802582999,0.0006152993875637732,719,Ensemble
1.6249003887176514,0.1708199129303585,0.022102785110473634,0.0012095297471285463,0.01,100,20,50,soft,"[3, 1]","{'gb__learning_rate': 0.01, 'gb__n_estimators': 100, 'rf__max_depth': 20, 'rf__n_estimators': 50, 'voting': 'soft', 'weights': [3, 1]}",0.9398782343987824,0.9390708301599391,0.9383092155369384,0.9421172886519421,0.9405940594059405,0.9399939256307086,0.001309394430831839,357,Ensemble
1.6761471271514892,0.04041136393885698,0.02196083068847656,0.0015603619318465764,0.01,100,20,50,soft,"[1, 3]","{'gb__learning_rate': 0.01, 'gb__n_estimators': 100, 'rf__max_depth': 20, 'rf__n_estimators': 50, 'voting': 'soft', 'weights': [1, 3]}",0.923896499238965,0.9261233815689262,0.9246001523229246,0.9246001523229246,0.9238385376999239,0.9246117446307329,0.0008239830003595072,730,Ensemble
2.1365044593811033,0.05595495501569137,0.04464621543884277,0.005161965312002502,0.01,100,20,100,hard,"[1, 1]","{'gb__learning_rate': 0.01, 'gb__n_estimators': 100, 'rf__max_depth': 20, 'rf__n_estimators': 100, 'voting': 'hard', 'weights': [1, 1]}",0.923896499238965,0.9246001523229246,0.9246001523229246,0.9246001523229246,0.9238385376999239,0.9243070987815326,0.0003593835293727946,741,Ensemble
2.130194807052612,0.09364942279027133,0.044647502899169925,0.0011257423801532078,0.01,100,20,100,hard,"[2, 1]","{'gb__learning_rate': 0.01, 'gb__n_estimators': 100, 'rf__max_depth': 20, 'rf__n_estimators': 100, 'voting': 'hard', 'weights': [2, 1]}",0.943683409436834,0.9375476009139375,0.945925361766946,0.9451637471439451,0.9474485910129474,0.943953742054922,0.0034256996332524847,170,Ensemble
2.1414828300476074,0.07024704962428929,0.04534544944763184,0.0010838836555033986,0.01,100,20,100,hard,"[1, 2]","{'gb__learning_rate': 0.01, 'gb__n_estimators': 100, 'rf__max_depth': 20, 'rf__n_estimators': 100, 'voting': 'hard', 'weights': [1, 2]}",0.923896499238965,0.9246001523229246,0.9246001523229246,0.9246001523229246,0.9238385376999239,0.9243070987815326,0.0003593835293727946,741,Ensemble
2.154407787322998,0.07750695972893186,0.04729299545288086,0.003038254256311061,0.01,100,20,100,hard,"[3, 1]","{'gb__learning_rate': 0.01, 'gb__n_estimators': 100, 'rf__max_depth': 20, 'rf__n_estimators': 100, 'voting': 'hard', 'weights': [3, 1]}",0.943683409436834,0.9375476009139375,0.945925361766946,0.9451637471439451,0.9474485910129474,0.943953742054922,0.0034256996332524847,170,Ensemble
2.102605867385864,0.07168596650376567,0.04286980628967285,0.007070983056627902,0.01,100,20,100,hard,"[1, 3]","{'gb__learning_rate': 0.01, 'gb__n_estimators': 100, 'rf__max_depth': 20, 'rf__n_estimators': 100, 'voting': 'hard', 'weights': [1, 3]}",0.923896499238965,0.9246001523229246,0.9246001523229246,0.9246001523229246,0.9238385376999239,0.9243070987815326,0.0003593835293727946,741,Ensemble
2.1147058963775636,0.05968533056623741,0.033323049545288086,0.0013577210998828098,0.01,100,20,100,soft,"[1, 1]","{'gb__learning_rate': 0.01, 'gb__n_estimators': 100, 'rf__max_depth': 20, 'rf__n_estimators': 100, 'voting': 'soft', 'weights': [1, 1]}",0.9322678843226788,0.9284082254379284,0.9268849961919269,0.9268849961919269,0.9291698400609292,0.9287231884410779,0.001980983076433768,665,Ensemble
2.0863157749176025,0.08652622955650838,0.03286552429199219,0.0019247128733912682,0.01,100,20,100,soft,"[2, 1]","{'gb__learning_rate': 0.01, 'gb__n_estimators': 100, 'rf__max_depth': 20, 'rf__n_estimators': 100, 'voting': 'soft', 'weights': [2, 1]}",0.936834094368341,0.9360243716679361,0.9329779131759329,0.9390708301599391,0.9375476009139375,0.9364909620572173,0.002022333499577772,521,Ensemble
2.1006274700164793,0.07139209206260223,0.03314924240112305,0.001660700288811725,0.01,100,20,100,soft,"[1, 2]","{'gb__learning_rate': 0.01, 'gb__n_estimators': 100, 'rf__max_depth': 20, 'rf__n_estimators': 100, 'voting': 'soft', 'weights': [1, 2]}",0.923896499238965,0.9261233815689262,0.9261233815689262,0.9253617669459253,0.9253617669459253,0.9253733592537335,0.0008131975421749077,723,Ensemble
2.123400640487671,0.05012908806848586,0.0321354866027832,0.0011369127577418273,0.01,100,20,100,soft,"[3, 1]","{'gb__learning_rate': 0.01, 'gb__n_estimators': 100, 'rf__max_depth': 20, 'rf__n_estimators': 100, 'voting': 'soft', 'weights': [3, 1]}",0.941400304414003,0.9375476009139375,0.9375476009139375,0.9405940594059405,0.9421172886519421,0.9398413708599522,0.0019338757353865414,361,Ensemble
2.155270576477051,0.04955484905270225,0.03200774192810059,0.0010994426136069198,0.01,100,20,100,soft,"[1, 3]","{'gb__learning_rate': 0.01, 'gb__n_estimators': 100, 'rf__max_depth': 20, 'rf__n_estimators': 100, 'voting': 'soft', 'weights': [1, 3]}",0.923896499238965,0.9253617669459253,0.9246001523229246,0.9253617669459253,0.9238385376999239,0.9246117446307327,0.0006685246826363046,731,Ensemble
2.9875139236450194,0.03865677210380238,0.06548480987548828,0.0014258043920299627,0.01,100,20,200,hard,"[1, 1]","{'gb__learning_rate': 0.01, 'gb__n_estimators': 100, 'rf__max_depth': 20, 'rf__n_estimators': 200, 'voting': 'hard', 'weights': [1, 1]}",0.923896499238965,0.9246001523229246,0.9246001523229246,0.9246001523229246,0.9238385376999239,0.9243070987815326,0.0003593835293727946,741,Ensemble
2.9924285411834717,0.07571213946995604,0.06824030876159667,0.0039308941103762835,0.01,100,20,200,hard,"[2, 1]","{'gb__learning_rate': 0.01, 'gb__n_estimators': 100, 'rf__max_depth': 20, 'rf__n_estimators': 200, 'voting': 'hard', 'weights': [2, 1]}",0.9444444444444444,0.9390708301599391,0.9474485910129474,0.948971820258949,0.9504950495049505,0.9460861470762459,0.0040381095277703385,46,Ensemble
3.028770399093628,0.1433960573589377,0.06908864974975586,0.004472310552129579,0.01,100,20,200,hard,"[1, 2]","{'gb__learning_rate': 0.01, 'gb__n_estimators': 100, 'rf__max_depth': 20, 'rf__n_estimators': 200, 'voting': 'hard', 'weights': [1, 2]}",0.923896499238965,0.9246001523229246,0.9246001523229246,0.9246001523229246,0.9238385376999239,0.9243070987815326,0.0003593835293727946,741,Ensemble
2.9573007106781004,0.1946747076217787,0.06860628128051757,0.003242535277395318,0.01,100,20,200,hard,"[3, 1]","{'gb__learning_rate': 0.01, 'gb__n_estimators': 100, 'rf__max_depth': 20, 'rf__n_estimators': 200, 'voting': 'hard', 'weights': [3, 1]}",0.9444444444444444,0.9390708301599391,0.9474485910129474,0.948971820258949,0.9504950495049505,0.9460861470762459,0.0040381095277703385,46,Ensemble
2.946654272079468,0.07589011733390312,0.06610841751098633,0.0011706279727221785,0.01,100,20,200,hard,"[1, 3]","{'gb__learning_rate': 0.01, 'gb__n_estimators': 100, 'rf__max_depth': 20, 'rf__n_estimators': 200, 'voting': 'hard', 'weights': [1, 3]}",0.923896499238965,0.9246001523229246,0.9246001523229246,0.9246001523229246,0.9238385376999239,0.9243070987815326,0.0003593835293727946,741,Ensemble
2.9589934825897215,0.09732237856334112,0.05451092720031738,0.003565738826974151,0.01,100,20,200,soft,"[1, 1]","{'gb__learning_rate': 0.01, 'gb__n_estimators': 100, 'rf__max_depth': 20, 'rf__n_estimators': 200, 'voting': 'soft', 'weights': [1, 1]}",0.9330289193302892,0.9276466108149276,0.9268849961919269,0.9268849961919269,0.9268849961919269,0.9282661037441995,0.0023996065514725624,671,Ensemble
3.0559075355529783,0.10143015128331262,0.05623936653137207,0.003792281494368278,0.01,100,20,200,soft,"[2, 1]","{'gb__learning_rate': 0.01, 'gb__n_estimators': 100, 'rf__max_depth': 20, 'rf__n_estimators': 200, 'voting': 'soft', 'weights': [2, 1]}",0.936834094368341,0.9352627570449352,0.9337395277989338,0.9390708301599391,0.9352627570449352,0.9360339932834169,0.0018064729442358587,552,Ensemble
2.925698471069336,0.07531411390036642,0.05283060073852539,0.0008405422792384938,0.01,100,20,200,soft,"[1, 2]","{'gb__learning_rate': 0.01, 'gb__n_estimators': 100, 'rf__max_depth': 20, 'rf__n_estimators': 200, 'voting': 'soft', 'weights': [1, 2]}",0.923896499238965,0.9268849961919269,0.9261233815689262,0.9253617669459253,0.9253617669459253,0.9255256821783338,0.0009912570409158694,721,Ensemble
2.902378797531128,0.11522954532836395,0.054394865036010744,0.0027467094439848467,0.01,100,20,200,soft,"[3, 1]","{'gb__learning_rate': 0.01, 'gb__n_estimators': 100, 'rf__max_depth': 20, 'rf__n_estimators': 200, 'voting': 'soft', 'weights': [3, 1]}",0.941400304414003,0.9375476009139375,0.9360243716679361,0.9405940594059405,0.9398324447829398,0.9390797562369514,0.0019963703451668043,390,Ensemble
2.960809421539307,0.07010491676904622,0.05394759178161621,0.002450421267579147,0.01,100,20,200,soft,"[1, 3]","{'gb__learning_rate': 0.01, 'gb__n_estimators': 100, 'rf__max_depth': 20, 'rf__n_estimators': 200, 'voting': 'soft', 'weights': [1, 3]}",0.923896499238965,0.9253617669459253,0.9246001523229246,0.9253617669459253,0.9238385376999239,0.9246117446307327,0.0006685246826363046,731,Ensemble
3.017316293716431,0.033599623788401575,0.03867607116699219,0.002285276848991699,0.01,200,,50,hard,"[1, 1]","{'gb__learning_rate': 0.01, 'gb__n_estimators': 200, 'rf__max_depth': None, 'rf__n_estimators': 50, 'voting': 'hard', 'weights': [1, 1]}",0.9246575342465754,0.9246001523229246,0.9276466108149276,0.9299314546839299,0.9268849961919269,0.9267441496520569,0.0019971918116297996,688,Ensemble
3.0643667221069335,0.07368161136224023,0.0372014045715332,0.000452084453783209,0.01,200,,50,hard,"[2, 1]","{'gb__learning_rate': 0.01, 'gb__n_estimators': 200, 'rf__max_depth': None, 'rf__n_estimators': 50, 'voting': 'hard', 'weights': [2, 1]}",0.939117199391172,0.9398324447829398,0.9444021325209444,0.9474485910129474,0.9466869763899467,0.9434974688195901,0.003441566590827775,202,Ensemble
3.0341797351837156,0.12773337171607121,0.03867793083190918,0.0021728101056927847,0.01,200,,50,hard,"[1, 2]","{'gb__learning_rate': 0.01, 'gb__n_estimators': 200, 'rf__max_depth': None, 'rf__n_estimators': 50, 'voting': 'hard', 'weights': [1, 2]}",0.9246575342465754,0.9246001523229246,0.9268849961919269,0.9299314546839299,0.9268849961919269,0.9265918267274568,0.0019510646269519233,693,Ensemble
3.0882776260375975,0.058796521883030445,0.037577342987060544,0.001589003695006581,0.01,200,,50,hard,"[3, 1]","{'gb__learning_rate': 0.01, 'gb__n_estimators': 200, 'rf__max_depth': None, 'rf__n_estimators': 50, 'voting': 'hard', 'weights': [3, 1]}",0.939117199391172,0.9398324447829398,0.9444021325209444,0.9474485910129474,0.9466869763899467,0.9434974688195901,0.003441566590827775,202,Ensemble
2.9354413986206054,0.15993914234000528,0.03698921203613281,0.0004485156265822848,0.01,200,,50,hard,"[1, 3]","{'gb__learning_rate': 0.01, 'gb__n_estimators': 200, 'rf__max_depth': None, 'rf__n_estimators': 50, 'voting': 'hard', 'weights': [1, 3]}",0.9246575342465754,0.9246001523229246,0.9268849961919269,0.9299314546839299,0.9268849961919269,0.9265918267274568,0.0019510646269519233,693,Ensemble
3.0082038402557374,0.08367843378243289,0.02470817565917969,0.0012606925612213668,0.01,200,,50,soft,"[1, 1]","{'gb__learning_rate': 0.01, 'gb__n_estimators': 200, 'rf__max_depth': None, 'rf__n_estimators': 50, 'voting': 'soft', 'weights': [1, 1]}",0.9337899543378996,0.9337395277989338,0.9314546839299315,0.9360243716679361,0.9329779131759329,0.9335972901821268,0.00147800304350572,599,Ensemble
3.0183786392211913,0.10563905256984643,0.02545175552368164,0.002130746137672898,0.01,200,,50,soft,"[2, 1]","{'gb__learning_rate': 0.01, 'gb__n_estimators': 200, 'rf__max_depth': None, 'rf__n_estimators': 50, 'voting': 'soft', 'weights': [2, 1]}",0.939117199391172,0.9390708301599391,0.9383092155369384,0.9398324447829398,0.9413556740289414,0.9395370727799861,0.0010291612483491538,373,Ensemble
3.075064754486084,0.04888878018111597,0.027165937423706054,0.003037254184032838,0.01,200,,50,soft,"[1, 2]","{'gb__learning_rate': 0.01, 'gb__n_estimators': 200, 'rf__max_depth': None, 'rf__n_estimators': 50, 'voting': 'soft', 'weights': [1, 2]}",0.9307458143074582,0.9276466108149276,0.9276466108149276,0.9314546839299315,0.9299314546839299,0.9294850349102349,0.0015765772338844116,652,Ensemble
3.114858293533325,0.07517493961719356,0.025788545608520508,0.002236203053502633,0.01,200,,50,soft,"[3, 1]","{'gb__learning_rate': 0.01, 'gb__n_estimators': 200, 'rf__max_depth': None, 'rf__n_estimators': 50, 'voting': 'soft', 'weights': [3, 1]}",0.943683409436834,0.9398324447829398,0.9398324447829398,0.9405940594059405,0.9421172886519421,0.9412119294121192,0.0014910136078867145,334,Ensemble
3.047126817703247,0.10315898661235058,0.0248319149017334,0.0012167815139794336,0.01,200,,50,soft,"[1, 3]","{'gb__learning_rate': 0.01, 'gb__n_estimators': 200, 'rf__max_depth': None, 'rf__n_estimators': 50, 'voting': 'soft', 'weights': [1, 3]}",0.9315068493150684,0.9261233815689262,0.9276466108149276,0.9306930693069307,0.9284082254379284,0.9288756272887563,0.0019763717932918972,658,Ensemble
3.545502805709839,0.03688998181594523,0.04804224967956543,0.0011878855980521315,0.01,200,,100,hard,"[1, 1]","{'gb__learning_rate': 0.01, 'gb__n_estimators': 200, 'rf__max_depth': None, 'rf__n_estimators': 100, 'voting': 'hard', 'weights': [1, 1]}",0.9246575342465754,0.9246001523229246,0.9276466108149276,0.9299314546839299,0.9261233815689262,0.9265918267274568,0.0020096457180633766,693,Ensemble
3.644356441497803,0.05820353079094954,0.05068063735961914,0.0016404221469546963,0.01,200,,100,hard,"[2, 1]","{'gb__learning_rate': 0.01, 'gb__n_estimators': 200, 'rf__max_depth': None, 'rf__n_estimators': 100, 'voting': 'hard', 'weights': [2, 1]}",0.943683409436834,0.9398324447829398,0.9474485910129474,0.9428789032749428,0.9474485910129474,0.9442583879041223,0.0029043877958373652,142,Ensemble
3.5334988594055177,0.07096293366904831,0.04861216545104981,0.001818926778194875,0.01,200,,100,hard,"[1, 2]","{'gb__learning_rate': 0.01, 'gb__n_estimators': 200, 'rf__max_depth': None, 'rf__n_estimators': 100, 'voting': 'hard', 'weights': [1, 2]}",0.9246575342465754,0.9246001523229246,0.9268849961919269,0.9299314546839299,0.9268849961919269,0.9265918267274568,0.0019510646269519233,693,Ensemble
3.581486940383911,0.051260973629360815,0.05023665428161621,0.002649154730787667,0.01,200,,100,hard,"[3, 1]","{'gb__learning_rate': 0.01, 'gb__n_estimators': 200, 'rf__max_depth': None, 'rf__n_estimators': 100, 'voting': 'hard', 'weights': [3, 1]}",0.943683409436834,0.9398324447829398,0.9474485910129474,0.9428789032749428,0.9474485910129474,0.9442583879041223,0.0029043877958373652,142,Ensemble
3.531703567504883,0.026797373401709713,0.04797697067260742,0.0016839906574818533,0.01,200,,100,hard,"[1, 3]","{'gb__learning_rate': 0.01, 'gb__n_estimators': 200, 'rf__max_depth': None, 'rf__n_estimators': 100, 'voting': 'hard', 'weights': [1, 3]}",0.9246575342465754,0.9246001523229246,0.9268849961919269,0.9299314546839299,0.9268849961919269,0.9265918267274568,0.0019510646269519233,693,Ensemble
3.605774164199829,0.1275941986925784,0.03829178810119629,0.003468067192526404,0.01,200,,100,soft,"[1, 1]","{'gb__learning_rate': 0.01, 'gb__n_estimators': 200, 'rf__max_depth': None, 'rf__n_estimators': 100, 'voting': 'soft', 'weights': [1, 1]}",0.9330289193302892,0.9329779131759329,0.9306930693069307,0.9367859862909368,0.9329779131759329,0.9332927602560046,0.001961065555434916,604,Ensemble
3.5336435317993162,0.28192131787734476,0.03826637268066406,0.004134022527732952,0.01,200,,100,soft,"[2, 1]","{'gb__learning_rate': 0.01, 'gb__n_estimators': 200, 'rf__max_depth': None, 'rf__n_estimators': 100, 'voting': 'soft', 'weights': [2, 1]}",0.9383561643835616,0.9345011424219345,0.9383092155369384,0.9398324447829398,0.9405940594059405,0.938318605306263,0.0020997106013051258,413,Ensemble
3.5576380252838136,0.09060108566888306,0.037836313247680664,0.004718206280786792,0.01,200,,100,soft,"[1, 2]","{'gb__learning_rate': 0.01, 'gb__n_estimators': 200, 'rf__max_depth': None, 'rf__n_estimators': 100, 'voting': 'soft', 'weights': [1, 2]}",0.9307458143074582,0.9268849961919269,0.9291698400609292,0.9314546839299315,0.9291698400609292,0.929485034910235,0.0015765772338843965,649,Ensemble
3.551276159286499,0.06834363720402996,0.03606719970703125,0.003091088580375271,0.01,200,,100,soft,"[3, 1]","{'gb__learning_rate': 0.01, 'gb__n_estimators': 200, 'rf__max_depth': None, 'rf__n_estimators': 100, 'voting': 'soft', 'weights': [3, 1]}",0.9406392694063926,0.9367859862909368,0.9413556740289414,0.9405940594059405,0.9428789032749428,0.9404507784814309,0.0020100440799345454,343,Ensemble
3.5056464672088623,0.08108008892241521,0.036019515991210935,0.002204562262320184,0.01,200,,100,soft,"[1, 3]","{'gb__learning_rate': 0.01, 'gb__n_estimators': 200, 'rf__max_depth': None, 'rf__n_estimators': 100, 'voting': 'soft', 'weights': [1, 3]}",0.9307458143074582,0.9261233815689262,0.9276466108149276,0.9314546839299315,0.9268849961919269,0.928571097362634,0.002132294089600243,669,Ensemble
4.387668800354004,0.053724879749500104,0.06888518333435059,0.0011605042948362597,0.01,200,,200,hard,"[1, 1]","{'gb__learning_rate': 0.01, 'gb__n_estimators': 200, 'rf__max_depth': None, 'rf__n_estimators': 200, 'voting': 'hard', 'weights': [1, 1]}",0.9246575342465754,0.9253617669459253,0.9276466108149276,0.9299314546839299,0.9261233815689262,0.9267441496520569,0.001877426340836373,688,Ensemble
4.494424772262573,0.099375801335699,0.07099432945251465,0.002991909630427799,0.01,200,,200,hard,"[2, 1]","{'gb__learning_rate': 0.01, 'gb__n_estimators': 200, 'rf__max_depth': None, 'rf__n_estimators': 200, 'voting': 'hard', 'weights': [2, 1]}",0.9429223744292238,0.9405940594059405,0.9474485910129474,0.945925361766946,0.9474485910129474,0.9448677955256011,0.0027014418636190523,81,Ensemble
4.37801718711853,0.05945990369226173,0.07163939476013184,0.005488287723317796,0.01,200,,200,hard,"[1, 2]","{'gb__learning_rate': 0.01, 'gb__n_estimators': 200, 'rf__max_depth': None, 'rf__n_estimators': 200, 'voting': 'hard', 'weights': [1, 2]}",0.9246575342465754,0.9246001523229246,0.9268849961919269,0.9299314546839299,0.9268849961919269,0.9265918267274568,0.0019510646269519233,693,Ensemble
4.41797947883606,0.04608938463983596,0.06879863739013672,0.0005111548124542422,0.01,200,,200,hard,"[3, 1]","{'gb__learning_rate': 0.01, 'gb__n_estimators': 200, 'rf__max_depth': None, 'rf__n_estimators': 200, 'voting': 'hard', 'weights': [3, 1]}",0.9429223744292238,0.9405940594059405,0.9474485910129474,0.945925361766946,0.9474485910129474,0.9448677955256011,0.0027014418636190523,81,Ensemble
4.403219079971313,0.06938928715904535,0.07029657363891602,0.0024087257666885764,0.01,200,,200,hard,"[1, 3]","{'gb__learning_rate': 0.01, 'gb__n_estimators': 200, 'rf__max_depth': None, 'rf__n_estimators': 200, 'voting': 'hard', 'weights': [1, 3]}",0.9246575342465754,0.9246001523229246,0.9268849961919269,0.9299314546839299,0.9268849961919269,0.9265918267274568,0.0019510646269519233,693,Ensemble
4.372312593460083,0.07458172184849123,0.05661406517028809,0.0013911514893554897,0.01,200,,200,soft,"[1, 1]","{'gb__learning_rate': 0.01, 'gb__n_estimators': 200, 'rf__max_depth': None, 'rf__n_estimators': 200, 'voting': 'soft', 'weights': [1, 1]}",0.9330289193302892,0.9306930693069307,0.9322162985529322,0.9367859862909368,0.9322162985529322,0.9329881144068043,0.0020437283246603466,624,Ensemble
4.366514253616333,0.07239809508947057,0.056083297729492186,0.0006215739366828572,0.01,200,,200,soft,"[2, 1]","{'gb__learning_rate': 0.01, 'gb__n_estimators': 200, 'rf__max_depth': None, 'rf__n_estimators': 200, 'voting': 'soft', 'weights': [2, 1]}",0.9406392694063926,0.9352627570449352,0.9383092155369384,0.9405940594059405,0.9375476009139375,0.9384705804616289,0.0020189321693975075,411,Ensemble
4.361629581451416,0.04101742256108172,0.05805449485778809,0.0021296731452128933,0.01,200,,200,soft,"[1, 2]","{'gb__learning_rate': 0.01, 'gb__n_estimators': 200, 'rf__max_depth': None, 'rf__n_estimators': 200, 'voting': 'soft', 'weights': [1, 2]}",0.9315068493150684,0.9268849961919269,0.9284082254379284,0.9314546839299315,0.9291698400609292,0.9294849189871568,0.0017880893965667288,653,Ensemble
4.432124662399292,0.10653070802847561,0.059795284271240236,0.0038837395164196807,0.01,200,,200,soft,"[3, 1]","{'gb__learning_rate': 0.01, 'gb__n_estimators': 200, 'rf__max_depth': None, 'rf__n_estimators': 200, 'voting': 'soft', 'weights': [3, 1]}",0.941400304414003,0.9360243716679361,0.9405940594059405,0.9405940594059405,0.9398324447829398,0.9396890479353519,0.001898257361917951,367,Ensemble
4.410702133178711,0.12841082585754884,0.05836749076843262,0.0033019373610550574,0.01,200,,200,soft,"[1, 3]","{'gb__learning_rate': 0.01, 'gb__n_estimators': 200, 'rf__max_depth': None, 'rf__n_estimators': 200, 'voting': 'soft', 'weights': [1, 3]}",0.9315068493150684,0.9268849961919269,0.9276466108149276,0.9306930693069307,0.9268849961919269,0.9287233043641561,0.00197717572788325,664,Ensemble
3.0382387161254885,0.0468951971904614,0.0367342472076416,0.0025004459930453534,0.01,200,10,50,hard,"[1, 1]","{'gb__learning_rate': 0.01, 'gb__n_estimators': 200, 'rf__max_depth': 10, 'rf__n_estimators': 50, 'voting': 'hard', 'weights': [1, 1]}",0.9246575342465754,0.9253617669459253,0.9268849961919269,0.9299314546839299,0.9261233815689262,0.9265918267274568,0.001828279987137687,693,Ensemble
3.1100245475769044,0.1222611048599538,0.039271879196166995,0.004180095084614673,0.01,200,10,50,hard,"[2, 1]","{'gb__learning_rate': 0.01, 'gb__n_estimators': 200, 'rf__max_depth': 10, 'rf__n_estimators': 50, 'voting': 'hard', 'weights': [2, 1]}",0.9375951293759512,0.9367859862909368,0.9390708301599391,0.9375476009139375,0.9367859862909368,0.9375571066063403,0.0008345235967392048,420,Ensemble
3.0525678157806397,0.06703038128774037,0.038009357452392575,0.0038081086463100035,0.01,200,10,50,hard,"[1, 2]","{'gb__learning_rate': 0.01, 'gb__n_estimators': 200, 'rf__max_depth': 10, 'rf__n_estimators': 50, 'voting': 'hard', 'weights': [1, 2]}",0.9246575342465754,0.9246001523229246,0.9268849961919269,0.9299314546839299,0.9268849961919269,0.9265918267274568,0.0019510646269519233,693,Ensemble
3.0383275985717773,0.05321569583939758,0.03577098846435547,0.001360705923488444,0.01,200,10,50,hard,"[3, 1]","{'gb__learning_rate': 0.01, 'gb__n_estimators': 200, 'rf__max_depth': 10, 'rf__n_estimators': 50, 'voting': 'hard', 'weights': [3, 1]}",0.9375951293759512,0.9367859862909368,0.9390708301599391,0.9375476009139375,0.9367859862909368,0.9375571066063403,0.0008345235967392048,420,Ensemble
3.01613302230835,0.0569186562201899,0.035219001770019534,0.0004093918294254231,0.01,200,10,50,hard,"[1, 3]","{'gb__learning_rate': 0.01, 'gb__n_estimators': 200, 'rf__max_depth': 10, 'rf__n_estimators': 50, 'voting': 'hard', 'weights': [1, 3]}",0.9246575342465754,0.9246001523229246,0.9268849961919269,0.9299314546839299,0.9268849961919269,0.9265918267274568,0.0019510646269519233,693,Ensemble
2.9955217361450197,0.04614870057254543,0.022659444808959962,0.0003733752664145127,0.01,200,10,50,soft,"[1, 1]","{'gb__learning_rate': 0.01, 'gb__n_estimators': 200, 'rf__max_depth': 10, 'rf__n_estimators': 50, 'voting': 'soft', 'weights': [1, 1]}",0.9299847792998478,0.9291698400609292,0.9276466108149276,0.9314546839299315,0.9284082254379284,0.929332827908713,0.0013154540239828857,654,Ensemble
3.055323076248169,0.039803814658128024,0.02289605140686035,0.0003525266172618511,0.01,200,10,50,soft,"[2, 1]","{'gb__learning_rate': 0.01, 'gb__n_estimators': 200, 'rf__max_depth': 10, 'rf__n_estimators': 50, 'voting': 'soft', 'weights': [2, 1]}",0.9299847792998478,0.9322162985529322,0.9306930693069307,0.9337395277989338,0.9299314546839299,0.931313025928515,0.001467047182897924,641,Ensemble
3.09431791305542,0.0347868038977603,0.024298477172851562,0.002136533948722668,0.01,200,10,50,soft,"[1, 2]","{'gb__learning_rate': 0.01, 'gb__n_estimators': 200, 'rf__max_depth': 10, 'rf__n_estimators': 50, 'voting': 'soft', 'weights': [1, 2]}",0.9299847792998478,0.9261233815689262,0.9261233815689262,0.9291698400609292,0.9261233815689262,0.927504952813511,0.0017115844273972785,680,Ensemble
3.02189040184021,0.05516199626522565,0.022567892074584962,0.00029560114248493736,0.01,200,10,50,soft,"[3, 1]","{'gb__learning_rate': 0.01, 'gb__n_estimators': 200, 'rf__max_depth': 10, 'rf__n_estimators': 50, 'voting': 'soft', 'weights': [3, 1]}",0.9307458143074582,0.9329779131759329,0.9329779131759329,0.9352627570449352,0.9306930693069307,0.932531493402238,0.0016986368239474477,628,Ensemble
3.038248062133789,0.05136486892224798,0.02671494483947754,0.006922654456582818,0.01,200,10,50,soft,"[1, 3]","{'gb__learning_rate': 0.01, 'gb__n_estimators': 200, 'rf__max_depth': 10, 'rf__n_estimators': 50, 'voting': 'soft', 'weights': [1, 3]}",0.9299847792998478,0.9261233815689262,0.9253617669459253,0.9299314546839299,0.9261233815689262,0.927504952813511,0.0020222845793918523,680,Ensemble
3.439021635055542,0.039305367339025385,0.044950675964355466,0.0013513719218632713,0.01,200,10,100,hard,"[1, 1]","{'gb__learning_rate': 0.01, 'gb__n_estimators': 200, 'rf__max_depth': 10, 'rf__n_estimators': 100, 'voting': 'hard', 'weights': [1, 1]}",0.9246575342465754,0.9253617669459253,0.9276466108149276,0.9299314546839299,0.9261233815689262,0.9267441496520569,0.001877426340836373,688,Ensemble
3.4820034980773924,0.07152670723547816,0.052250909805297854,0.004963993414177562,0.01,200,10,100,hard,"[2, 1]","{'gb__learning_rate': 0.01, 'gb__n_estimators': 200, 'rf__max_depth': 10, 'rf__n_estimators': 100, 'voting': 'hard', 'weights': [2, 1]}",0.9353120243531202,0.9345011424219345,0.9367859862909368,0.9398324447829398,0.9360243716679361,0.9364911939033735,0.001834095347493627,499,Ensemble
3.450738954544067,0.12382702600729092,0.04527382850646973,0.0013997196184144794,0.01,200,10,100,hard,"[1, 2]","{'gb__learning_rate': 0.01, 'gb__n_estimators': 200, 'rf__max_depth': 10, 'rf__n_estimators': 100, 'voting': 'hard', 'weights': [1, 2]}",0.9246575342465754,0.9246001523229246,0.9268849961919269,0.9299314546839299,0.9268849961919269,0.9265918267274568,0.0019510646269519233,693,Ensemble
3.415368747711182,0.018844638961135945,0.04451603889465332,0.0005942565249317767,0.01,200,10,100,hard,"[3, 1]","{'gb__learning_rate': 0.01, 'gb__n_estimators': 200, 'rf__max_depth': 10, 'rf__n_estimators': 100, 'voting': 'hard', 'weights': [3, 1]}",0.9353120243531202,0.9345011424219345,0.9367859862909368,0.9398324447829398,0.9360243716679361,0.9364911939033735,0.001834095347493627,499,Ensemble
3.4621697425842286,0.08299684034275184,0.04595160484313965,0.0013021783558127896,0.01,200,10,100,hard,"[1, 3]","{'gb__learning_rate': 0.01, 'gb__n_estimators': 200, 'rf__max_depth': 10, 'rf__n_estimators': 100, 'voting': 'hard', 'weights': [1, 3]}",0.9246575342465754,0.9246001523229246,0.9268849961919269,0.9299314546839299,0.9268849961919269,0.9265918267274568,0.0019510646269519233,693,Ensemble
3.4374515533447267,0.04782120064669624,0.03353729248046875,0.006159901190733319,0.01,200,10,100,soft,"[1, 1]","{'gb__learning_rate': 0.01, 'gb__n_estimators': 200, 'rf__max_depth': 10, 'rf__n_estimators': 100, 'voting': 'soft', 'weights': [1, 1]}",0.9307458143074582,0.9276466108149276,0.9291698400609292,0.9329779131759329,0.9284082254379284,0.9297896807594352,0.0018954887173052483,646,Ensemble
3.4713420391082765,0.053465564199738656,0.034004926681518555,0.004044526785895786,0.01,200,10,100,soft,"[2, 1]","{'gb__learning_rate': 0.01, 'gb__n_estimators': 200, 'rf__max_depth': 10, 'rf__n_estimators': 100, 'voting': 'soft', 'weights': [2, 1]}",0.9299847792998478,0.9306930693069307,0.9322162985529322,0.9337395277989338,0.9299314546839299,0.931313025928515,0.001467047182897924,641,Ensemble
3.4314661979675294,0.05414537680108604,0.03220500946044922,0.0004836114006187826,0.01,200,10,100,soft,"[1, 2]","{'gb__learning_rate': 0.01, 'gb__n_estimators': 200, 'rf__max_depth': 10, 'rf__n_estimators': 100, 'voting': 'soft', 'weights': [1, 2]}",0.9299847792998478,0.9261233815689262,0.9268849961919269,0.9299314546839299,0.9268849961919269,0.9279619215873115,0.0016535283461432341,674,Ensemble
3.4275441646575926,0.0802768656384809,0.031027698516845705,0.0029972922529063815,0.01,200,10,100,soft,"[3, 1]","{'gb__learning_rate': 0.01, 'gb__n_estimators': 200, 'rf__max_depth': 10, 'rf__n_estimators': 100, 'voting': 'soft', 'weights': [3, 1]}",0.9322678843226788,0.9337395277989338,0.9322162985529322,0.9352627570449352,0.9299314546839299,0.9326835844806819,0.001773839259085484,627,Ensemble
3.375746726989746,0.0782392369489229,0.03193821907043457,0.0006731326866180921,0.01,200,10,100,soft,"[1, 3]","{'gb__learning_rate': 0.01, 'gb__n_estimators': 200, 'rf__max_depth': 10, 'rf__n_estimators': 100, 'voting': 'soft', 'weights': [1, 3]}",0.9292237442922374,0.9268849961919269,0.9261233815689262,0.9299314546839299,0.9261233815689262,0.9276573916611893,0.0016079671565958674,676,Ensemble
4.181343364715576,0.0623875018846389,0.06553158760070801,0.006398643063519665,0.01,200,10,200,hard,"[1, 1]","{'gb__learning_rate': 0.01, 'gb__n_estimators': 200, 'rf__max_depth': 10, 'rf__n_estimators': 200, 'voting': 'hard', 'weights': [1, 1]}",0.9246575342465754,0.9253617669459253,0.9276466108149276,0.9299314546839299,0.9261233815689262,0.9267441496520569,0.001877426340836373,688,Ensemble
4.2477349758148195,0.07543947165973353,0.06388907432556153,0.0017135865447193833,0.01,200,10,200,hard,"[2, 1]","{'gb__learning_rate': 0.01, 'gb__n_estimators': 200, 'rf__max_depth': 10, 'rf__n_estimators': 200, 'voting': 'hard', 'weights': [2, 1]}",0.9345509893455098,0.9352627570449352,0.9345011424219345,0.9428789032749428,0.9345011424219345,0.9363389869018514,0.0032827140234310006,524,Ensemble
4.137460565567016,0.07465789230183931,0.06311397552490235,0.0005958440704099684,0.01,200,10,200,hard,"[1, 2]","{'gb__learning_rate': 0.01, 'gb__n_estimators': 200, 'rf__max_depth': 10, 'rf__n_estimators': 200, 'voting': 'hard', 'weights': [1, 2]}",0.9246575342465754,0.9246001523229246,0.9268849961919269,0.9299314546839299,0.9268849961919269,0.9265918267274568,0.0019510646269519233,693,Ensemble
4.2103653907775875,0.04980716620850034,0.06309103965759277,0.0006783741725325149,0.01,200,10,200,hard,"[3, 1]","{'gb__learning_rate': 0.01, 'gb__n_estimators': 200, 'rf__max_depth': 10, 'rf__n_estimators': 200, 'voting': 'hard', 'weights': [3, 1]}",0.9345509893455098,0.9352627570449352,0.9345011424219345,0.9428789032749428,0.9345011424219345,0.9363389869018514,0.0032827140234310006,524,Ensemble
4.132029008865357,0.10193446035029477,0.06530909538269043,0.003963184189738499,0.01,200,10,200,hard,"[1, 3]","{'gb__learning_rate': 0.01, 'gb__n_estimators': 200, 'rf__max_depth': 10, 'rf__n_estimators': 200, 'voting': 'hard', 'weights': [1, 3]}",0.9246575342465754,0.9246001523229246,0.9268849961919269,0.9299314546839299,0.9268849961919269,0.9265918267274568,0.0019510646269519233,693,Ensemble
4.176335144042969,0.05615245284894816,0.050819110870361325,0.0016105593606011365,0.01,200,10,200,soft,"[1, 1]","{'gb__learning_rate': 0.01, 'gb__n_estimators': 200, 'rf__max_depth': 10, 'rf__n_estimators': 200, 'voting': 'soft', 'weights': [1, 1]}",0.9299847792998478,0.9276466108149276,0.9291698400609292,0.9329779131759329,0.9276466108149276,0.929485150833313,0.001965141067108728,648,Ensemble
4.118379402160644,0.1085340831991531,0.0499305248260498,0.000439959545120779,0.01,200,10,200,soft,"[2, 1]","{'gb__learning_rate': 0.01, 'gb__n_estimators': 200, 'rf__max_depth': 10, 'rf__n_estimators': 200, 'voting': 'soft', 'weights': [2, 1]}",0.9292237442922374,0.9314546839299315,0.9322162985529322,0.9352627570449352,0.9284082254379284,0.931313141851593,0.0024182352199078063,640,Ensemble
4.1875828266143795,0.10396057132012566,0.05125713348388672,0.002259978507043226,0.01,200,10,200,soft,"[1, 2]","{'gb__learning_rate': 0.01, 'gb__n_estimators': 200, 'rf__max_depth': 10, 'rf__n_estimators': 200, 'voting': 'soft', 'weights': [1, 2]}",0.9292237442922374,0.9261233815689262,0.9261233815689262,0.9299314546839299,0.9268849961919269,0.9276573916611893,0.0016079671565958674,676,Ensemble
4.174572706222534,0.14023612848838532,0.050211763381958006,0.00026065711725017,0.01,200,10,200,soft,"[3, 1]","{'gb__learning_rate': 0.01, 'gb__n_estimators': 200, 'rf__max_depth': 10, 'rf__n_estimators': 200, 'voting': 'soft', 'weights': [3, 1]}",0.9299847792998478,0.9322162985529322,0.9322162985529322,0.9360243716679361,0.9291698400609292,0.9319223176269155,0.0023803312561612388,633,Ensemble
4.18887996673584,0.03876677003693797,0.05038042068481445,0.0009819009341999808,0.01,200,10,200,soft,"[1, 3]","{'gb__learning_rate': 0.01, 'gb__n_estimators': 200, 'rf__max_depth': 10, 'rf__n_estimators': 200, 'voting': 'soft', 'weights': [1, 3]}",0.9292237442922374,0.9268849961919269,0.9261233815689262,0.9299314546839299,0.9268849961919269,0.9278097145857893,0.0014869558375710562,675,Ensemble
3.12438325881958,0.03482707188522624,0.038527393341064455,0.0031381649158910697,0.01,200,20,50,hard,"[1, 1]","{'gb__learning_rate': 0.01, 'gb__n_estimators': 200, 'rf__max_depth': 20, 'rf__n_estimators': 50, 'voting': 'hard', 'weights': [1, 1]}",0.9246575342465754,0.9246001523229246,0.9276466108149276,0.9299314546839299,0.9261233815689262,0.9265918267274568,0.0020096457180633766,693,Ensemble
3.075435018539429,0.039857476711521435,0.03676486015319824,0.0003662813076814757,0.01,200,20,50,hard,"[2, 1]","{'gb__learning_rate': 0.01, 'gb__n_estimators': 200, 'rf__max_depth': 20, 'rf__n_estimators': 50, 'voting': 'hard', 'weights': [2, 1]}",0.9421613394216134,0.9444021325209444,0.9444021325209444,0.9474485910129474,0.9436405178979437,0.9444109426748787,0.001725209077034642,117,Ensemble
3.1156837940216064,0.06742346495004067,0.045813989639282224,0.016942943034473818,0.01,200,20,50,hard,"[1, 2]","{'gb__learning_rate': 0.01, 'gb__n_estimators': 200, 'rf__max_depth': 20, 'rf__n_estimators': 50, 'voting': 'hard', 'weights': [1, 2]}",0.9246575342465754,0.9246001523229246,0.9268849961919269,0.9299314546839299,0.9268849961919269,0.9265918267274568,0.0019510646269519233,693,Ensemble
3.1211023807525633,0.1015832154272928,0.037487220764160153,0.001499001921185192,0.01,200,20,50,hard,"[3, 1]","{'gb__learning_rate': 0.01, 'gb__n_estimators': 200, 'rf__max_depth': 20, 'rf__n_estimators': 50, 'voting': 'hard', 'weights': [3, 1]}",0.9421613394216134,0.9444021325209444,0.9444021325209444,0.9474485910129474,0.9436405178979437,0.9444109426748787,0.001725209077034642,117,Ensemble
3.0691619396209715,0.05636305480107471,0.037520837783813474,0.0004953650627869688,0.01,200,20,50,hard,"[1, 3]","{'gb__learning_rate': 0.01, 'gb__n_estimators': 200, 'rf__max_depth': 20, 'rf__n_estimators': 50, 'voting': 'hard', 'weights': [1, 3]}",0.9246575342465754,0.9246001523229246,0.9268849961919269,0.9299314546839299,0.9268849961919269,0.9265918267274568,0.0019510646269519233,693,Ensemble
3.124185800552368,0.0835572334598991,0.026771736145019532,0.005735029977353179,0.01,200,20,50,soft,"[1, 1]","{'gb__learning_rate': 0.01, 'gb__n_estimators': 200, 'rf__max_depth': 20, 'rf__n_estimators': 50, 'voting': 'soft', 'weights': [1, 1]}",0.9337899543378996,0.9314546839299315,0.9291698400609292,0.9352627570449352,0.9329779131759329,0.9325310297099257,0.0020834128913194707,630,Ensemble
3.0700733184814455,0.07905857401590573,0.024096918106079102,0.0002826458600333568,0.01,200,20,50,soft,"[2, 1]","{'gb__learning_rate': 0.01, 'gb__n_estimators': 200, 'rf__max_depth': 20, 'rf__n_estimators': 50, 'voting': 'soft', 'weights': [2, 1]}",0.9383561643835616,0.9390708301599391,0.9352627570449352,0.9413556740289414,0.9398324447829398,0.9387755740800634,0.0020187548438237186,397,Ensemble
3.085735559463501,0.0683035386425503,0.023948812484741212,0.0003087334314271875,0.01,200,20,50,soft,"[1, 2]","{'gb__learning_rate': 0.01, 'gb__n_estimators': 200, 'rf__max_depth': 20, 'rf__n_estimators': 50, 'voting': 'soft', 'weights': [1, 2]}",0.9307458143074582,0.9284082254379284,0.9276466108149276,0.9314546839299315,0.9291698400609292,0.929485034910235,0.0014218123319298184,649,Ensemble
3.0537229061126707,0.037738091040128534,0.02408261299133301,0.0005043984586427432,0.01,200,20,50,soft,"[3, 1]","{'gb__learning_rate': 0.01, 'gb__n_estimators': 200, 'rf__max_depth': 20, 'rf__n_estimators': 50, 'voting': 'soft', 'weights': [3, 1]}",0.9398782343987824,0.9413556740289414,0.9390708301599391,0.9428789032749428,0.9421172886519421,0.9410601861029095,0.0014047816886741883,335,Ensemble
3.0916222095489503,0.07520488368435829,0.022343158721923828,0.00243107822578421,0.01,200,20,50,soft,"[1, 3]","{'gb__learning_rate': 0.01, 'gb__n_estimators': 200, 'rf__max_depth': 20, 'rf__n_estimators': 50, 'voting': 'soft', 'weights': [1, 3]}",0.9315068493150684,0.9268849961919269,0.9284082254379284,0.9314546839299315,0.9261233815689262,0.9288756272887563,0.0022508129938439976,658,Ensemble
3.5473273277282713,0.05915167010178949,0.050244140625,0.002123166826949414,0.01,200,20,100,hard,"[1, 1]","{'gb__learning_rate': 0.01, 'gb__n_estimators': 200, 'rf__max_depth': 20, 'rf__n_estimators': 100, 'voting': 'hard', 'weights': [1, 1]}",0.9246575342465754,0.9253617669459253,0.9276466108149276,0.9299314546839299,0.9261233815689262,0.9267441496520569,0.001877426340836373,688,Ensemble
3.486589765548706,0.10149816247257291,0.04626936912536621,0.007922801468313858,0.01,200,20,100,hard,"[2, 1]","{'gb__learning_rate': 0.01, 'gb__n_estimators': 200, 'rf__max_depth': 20, 'rf__n_estimators': 100, 'voting': 'hard', 'weights': [2, 1]}",0.943683409436834,0.9375476009139375,0.945925361766946,0.9451637471439451,0.9474485910129474,0.943953742054922,0.0034256996332524847,170,Ensemble
3.5723660945892335,0.0873337622803581,0.053922271728515624,0.01103542960318293,0.01,200,20,100,hard,"[1, 2]","{'gb__learning_rate': 0.01, 'gb__n_estimators': 200, 'rf__max_depth': 20, 'rf__n_estimators': 100, 'voting': 'hard', 'weights': [1, 2]}",0.9246575342465754,0.9246001523229246,0.9268849961919269,0.9299314546839299,0.9268849961919269,0.9265918267274568,0.0019510646269519233,693,Ensemble
3.5773862838745116,0.12466536790005453,0.05202169418334961,0.0073177095470948455,0.01,200,20,100,hard,"[3, 1]","{'gb__learning_rate': 0.01, 'gb__n_estimators': 200, 'rf__max_depth': 20, 'rf__n_estimators': 100, 'voting': 'hard', 'weights': [3, 1]}",0.943683409436834,0.9375476009139375,0.945925361766946,0.9451637471439451,0.9474485910129474,0.943953742054922,0.0034256996332524847,170,Ensemble
3.522140312194824,0.058994247721675476,0.04845757484436035,0.003603670666858721,0.01,200,20,100,hard,"[1, 3]","{'gb__learning_rate': 0.01, 'gb__n_estimators': 200, 'rf__max_depth': 20, 'rf__n_estimators': 100, 'voting': 'hard', 'weights': [1, 3]}",0.9246575342465754,0.9246001523229246,0.9268849961919269,0.9299314546839299,0.9268849961919269,0.9265918267274568,0.0019510646269519233,693,Ensemble
3.4279263973236085,0.16571311553380577,0.03518991470336914,0.00030395784081166773,0.01,200,20,100,soft,"[1, 1]","{'gb__learning_rate': 0.01, 'gb__n_estimators': 200, 'rf__max_depth': 20, 'rf__n_estimators': 100, 'voting': 'soft', 'weights': [1, 1]}",0.9353120243531202,0.9314546839299315,0.9306930693069307,0.9367859862909368,0.9329779131759329,0.9334447354113704,0.0022978520266014766,603,Ensemble
3.564400291442871,0.13130651338125454,0.03432993888854981,0.005416612695400127,0.01,200,20,100,soft,"[2, 1]","{'gb__learning_rate': 0.01, 'gb__n_estimators': 200, 'rf__max_depth': 20, 'rf__n_estimators': 100, 'voting': 'soft', 'weights': [2, 1]}",0.9383561643835616,0.9352627570449352,0.9367859862909368,0.9405940594059405,0.9413556740289414,0.9384709282308631,0.0022792106855621737,408,Ensemble
3.561143684387207,0.05318976878482741,0.02941021919250488,0.004343893756253043,0.01,200,20,100,soft,"[1, 2]","{'gb__learning_rate': 0.01, 'gb__n_estimators': 200, 'rf__max_depth': 20, 'rf__n_estimators': 100, 'voting': 'soft', 'weights': [1, 2]}",0.9307458143074582,0.9276466108149276,0.9284082254379284,0.9314546839299315,0.9291698400609292,0.929485034910235,0.0014218123319298184,649,Ensemble
3.505990982055664,0.10981574907377291,0.035262107849121094,0.0008936850419811429,0.01,200,20,100,soft,"[3, 1]","{'gb__learning_rate': 0.01, 'gb__n_estimators': 200, 'rf__max_depth': 20, 'rf__n_estimators': 100, 'voting': 'soft', 'weights': [3, 1]}",0.941400304414003,0.9375476009139375,0.9413556740289414,0.9405940594059405,0.9413556740289414,0.9404506625583527,0.0014824466766106541,346,Ensemble
3.5383376598358156,0.08080736263577264,0.03206448554992676,0.006856937513536842,0.01,200,20,100,soft,"[1, 3]","{'gb__learning_rate': 0.01, 'gb__n_estimators': 200, 'rf__max_depth': 20, 'rf__n_estimators': 100, 'voting': 'soft', 'weights': [1, 3]}",0.9299847792998478,0.9268849961919269,0.9276466108149276,0.9314546839299315,0.9276466108149276,0.9287235362103121,0.0017175370744723767,662,Ensemble
4.413068437576294,0.07033807711802931,0.07087550163269044,0.0030281900507101132,0.01,200,20,200,hard,"[1, 1]","{'gb__learning_rate': 0.01, 'gb__n_estimators': 200, 'rf__max_depth': 20, 'rf__n_estimators': 200, 'voting': 'hard', 'weights': [1, 1]}",0.9246575342465754,0.9253617669459253,0.9276466108149276,0.9299314546839299,0.9268849961919269,0.9268964725766571,0.001851600480357311,686,Ensemble
4.418206691741943,0.09358003726553361,0.06917724609375,0.0022967174570072894,0.01,200,20,200,hard,"[2, 1]","{'gb__learning_rate': 0.01, 'gb__n_estimators': 200, 'rf__max_depth': 20, 'rf__n_estimators': 200, 'voting': 'hard', 'weights': [2, 1]}",0.9444444444444444,0.9390708301599391,0.9474485910129474,0.948971820258949,0.9504950495049505,0.9460861470762459,0.0040381095277703385,46,Ensemble
4.238900136947632,0.0878485430045782,0.06839504241943359,0.0008009853128925931,0.01,200,20,200,hard,"[1, 2]","{'gb__learning_rate': 0.01, 'gb__n_estimators': 200, 'rf__max_depth': 20, 'rf__n_estimators': 200, 'voting': 'hard', 'weights': [1, 2]}",0.9246575342465754,0.9246001523229246,0.9268849961919269,0.9299314546839299,0.9268849961919269,0.9265918267274568,0.0019510646269519233,693,Ensemble
4.410935163497925,0.06310333676644095,0.06906208992004395,0.0014655627299804928,0.01,200,20,200,hard,"[3, 1]","{'gb__learning_rate': 0.01, 'gb__n_estimators': 200, 'rf__max_depth': 20, 'rf__n_estimators': 200, 'voting': 'hard', 'weights': [3, 1]}",0.9444444444444444,0.9390708301599391,0.9474485910129474,0.948971820258949,0.9504950495049505,0.9460861470762459,0.0040381095277703385,46,Ensemble
4.38411226272583,0.03983085514161634,0.06541924476623535,0.007655498465054527,0.01,200,20,200,hard,"[1, 3]","{'gb__learning_rate': 0.01, 'gb__n_estimators': 200, 'rf__max_depth': 20, 'rf__n_estimators': 200, 'voting': 'hard', 'weights': [1, 3]}",0.9246575342465754,0.9246001523229246,0.9268849961919269,0.9299314546839299,0.9268849961919269,0.9265918267274568,0.0019510646269519233,693,Ensemble
4.395157051086426,0.0669530274480419,0.05540862083435059,0.0014507669771357,0.01,200,20,200,soft,"[1, 1]","{'gb__learning_rate': 0.01, 'gb__n_estimators': 200, 'rf__max_depth': 20, 'rf__n_estimators': 200, 'voting': 'soft', 'weights': [1, 1]}",0.9360730593607306,0.9314546839299315,0.9299314546839299,0.9360243716679361,0.9314546839299315,0.9329876507144921,0.002560536239373515,626,Ensemble
4.349888801574707,0.10114423525093469,0.04819936752319336,0.00778420995434898,0.01,200,20,200,soft,"[2, 1]","{'gb__learning_rate': 0.01, 'gb__n_estimators': 200, 'rf__max_depth': 20, 'rf__n_estimators': 200, 'voting': 'soft', 'weights': [2, 1]}",0.939117199391172,0.9367859862909368,0.9360243716679361,0.9398324447829398,0.9390708301599391,0.9381661664585849,0.001482669600824658,416,Ensemble
4.2468757152557375,0.27160814755660934,0.052372407913208005,0.0072693800611857914,0.01,200,20,200,soft,"[1, 2]","{'gb__learning_rate': 0.01, 'gb__n_estimators': 200, 'rf__max_depth': 20, 'rf__n_estimators': 200, 'voting': 'soft', 'weights': [1, 2]}",0.9307458143074582,0.9276466108149276,0.9276466108149276,0.9314546839299315,0.9284082254379284,0.9291803890610346,0.0016077413616711765,655,Ensemble
4.374729442596435,0.1595175959741166,0.050133705139160156,0.008665360116637509,0.01,200,20,200,soft,"[3, 1]","{'gb__learning_rate': 0.01, 'gb__n_estimators': 200, 'rf__max_depth': 20, 'rf__n_estimators': 200, 'voting': 'soft', 'weights': [3, 1]}",0.9421613394216134,0.9367859862909368,0.9398324447829398,0.9405940594059405,0.9405940594059405,0.9399935778614742,0.0017739759809246073,360,Ensemble
4.247004556655884,0.2401738801961402,0.05529637336730957,0.009681801095129505,0.01,200,20,200,soft,"[1, 3]","{'gb__learning_rate': 0.01, 'gb__n_estimators': 200, 'rf__max_depth': 20, 'rf__n_estimators': 200, 'voting': 'soft', 'weights': [1, 3]}",0.9307458143074582,0.9268849961919269,0.9276466108149276,0.9306930693069307,0.9276466108149276,0.9287234202872341,0.0016533865408508792,663,Ensemble
1.1368842601776123,0.021680360290308072,0.032131624221801755,0.0002508944491338092,0.1,50,,50,hard,"[1, 1]","{'gb__learning_rate': 0.1, 'gb__n_estimators': 50, 'rf__max_depth': None, 'rf__n_estimators': 50, 'voting': 'hard', 'weights': [1, 1]}",0.9337899543378996,0.9299314546839299,0.9314546839299315,0.9337395277989338,0.9306930693069307,0.9319217380115251,0.001580100375180364,636,Ensemble
1.109209156036377,0.04160923105567592,0.03041863441467285,0.0025780160806529893,0.1,50,,50,hard,"[2, 1]","{'gb__learning_rate': 0.1, 'gb__n_estimators': 50, 'rf__max_depth': None, 'rf__n_estimators': 50, 'voting': 'hard', 'weights': [2, 1]}",0.939117199391172,0.9398324447829398,0.9444021325209444,0.9474485910129474,0.9466869763899467,0.9434974688195901,0.003441566590827775,202,Ensemble
1.1145193576812744,0.028309350441503612,0.03179025650024414,0.00022368633880867002,0.1,50,,50,hard,"[1, 2]","{'gb__learning_rate': 0.1, 'gb__n_estimators': 50, 'rf__max_depth': None, 'rf__n_estimators': 50, 'voting': 'hard', 'weights': [1, 2]}",0.9337899543378996,0.9329779131759329,0.9314546839299315,0.9337395277989338,0.9337395277989338,0.9331403214083263,0.000895306615947188,606,Ensemble
1.1292912006378173,0.024251986010496537,0.03238520622253418,0.0005395133900079112,0.1,50,,50,hard,"[3, 1]","{'gb__learning_rate': 0.1, 'gb__n_estimators': 50, 'rf__max_depth': None, 'rf__n_estimators': 50, 'voting': 'hard', 'weights': [3, 1]}",0.939117199391172,0.9398324447829398,0.9444021325209444,0.9474485910129474,0.9466869763899467,0.9434974688195901,0.003441566590827775,202,Ensemble
1.1195931911468506,0.0163283112543065,0.03187098503112793,0.00030776156242884756,0.1,50,,50,hard,"[1, 3]","{'gb__learning_rate': 0.1, 'gb__n_estimators': 50, 'rf__max_depth': None, 'rf__n_estimators': 50, 'voting': 'hard', 'weights': [1, 3]}",0.9337899543378996,0.9329779131759329,0.9314546839299315,0.9337395277989338,0.9337395277989338,0.9331403214083263,0.000895306615947188,606,Ensemble
1.1145032405853272,0.04176960951261954,0.019132709503173827,0.000197279559527908,0.1,50,,50,soft,"[1, 1]","{'gb__learning_rate': 0.1, 'gb__n_estimators': 50, 'rf__max_depth': None, 'rf__n_estimators': 50, 'voting': 'soft', 'weights': [1, 1]}",0.9383561643835616,0.9390708301599391,0.9375476009139375,0.9413556740289414,0.9405940594059405,0.9393848657784641,0.0014056046030715417,379,Ensemble
1.1278339862823485,0.017767307537609602,0.018312358856201173,0.002350685552696097,0.1,50,,50,soft,"[2, 1]","{'gb__learning_rate': 0.1, 'gb__n_estimators': 50, 'rf__max_depth': None, 'rf__n_estimators': 50, 'voting': 'soft', 'weights': [2, 1]}",0.9429223744292238,0.9383092155369384,0.9398324447829398,0.9436405178979437,0.9428789032749428,0.9415166911843977,0.0020720421348733326,321,Ensemble
1.12969012260437,0.04034787226547253,0.017442607879638673,0.0032573203795789275,0.1,50,,50,soft,"[1, 2]","{'gb__learning_rate': 0.1, 'gb__n_estimators': 50, 'rf__max_depth': None, 'rf__n_estimators': 50, 'voting': 'soft', 'weights': [1, 2]}",0.9353120243531202,0.9329779131759329,0.9367859862909368,0.9383092155369384,0.9375476009139375,0.9361865480541731,0.001885610660487409,546,Ensemble
1.1468770980834961,0.022667177046952664,0.01823110580444336,0.0025044201813831045,0.1,50,,50,soft,"[3, 1]","{'gb__learning_rate': 0.1, 'gb__n_estimators': 50, 'rf__max_depth': None, 'rf__n_estimators': 50, 'voting': 'soft', 'weights': [3, 1]}",0.9421613394216134,0.9390708301599391,0.9405940594059405,0.9444021325209444,0.9444021325209444,0.9421260988058764,0.0020997005532719898,272,Ensemble
1.1188335418701172,0.0193717382077147,0.019225311279296876,0.0001687514778541329,0.1,50,,50,soft,"[1, 3]","{'gb__learning_rate': 0.1, 'gb__n_estimators': 50, 'rf__max_depth': None, 'rf__n_estimators': 50, 'voting': 'soft', 'weights': [1, 3]}",0.9360730593607306,0.9314546839299315,0.9352627570449352,0.9383092155369384,0.9360243716679361,0.9354248175080944,0.0022310382740360016,565,Ensemble
1.575333023071289,0.06676299848504842,0.04310541152954102,0.0002316969563112886,0.1,50,,100,hard,"[1, 1]","{'gb__learning_rate': 0.1, 'gb__n_estimators': 50, 'rf__max_depth': None, 'rf__n_estimators': 100, 'voting': 'hard', 'weights': [1, 1]}",0.9337899543378996,0.9306930693069307,0.9314546839299315,0.9329779131759329,0.9306930693069307,0.9319217380115251,0.00125244810722652,636,Ensemble
1.5803960323333741,0.012033756499169497,0.04406332969665527,0.0028366549949774356,0.1,50,,100,hard,"[2, 1]","{'gb__learning_rate': 0.1, 'gb__n_estimators': 50, 'rf__max_depth': None, 'rf__n_estimators': 100, 'voting': 'hard', 'weights': [2, 1]}",0.943683409436834,0.9398324447829398,0.9474485910129474,0.9428789032749428,0.9474485910129474,0.9442583879041223,0.0029043877958373652,142,Ensemble
1.5170609951019287,0.02795341019985478,0.04307117462158203,0.00101354470526867,0.1,50,,100,hard,"[1, 2]","{'gb__learning_rate': 0.1, 'gb__n_estimators': 50, 'rf__max_depth': None, 'rf__n_estimators': 100, 'voting': 'hard', 'weights': [1, 2]}",0.9337899543378996,0.9329779131759329,0.9314546839299315,0.9337395277989338,0.9337395277989338,0.9331403214083263,0.000895306615947188,606,Ensemble
1.5594958782196044,0.0229793120405562,0.04403538703918457,0.001383689245351411,0.1,50,,100,hard,"[3, 1]","{'gb__learning_rate': 0.1, 'gb__n_estimators': 50, 'rf__max_depth': None, 'rf__n_estimators': 100, 'voting': 'hard', 'weights': [3, 1]}",0.943683409436834,0.9398324447829398,0.9474485910129474,0.9428789032749428,0.9474485910129474,0.9442583879041223,0.0029043877958373652,142,Ensemble
1.563633966445923,0.043749376844820914,0.04756345748901367,0.008663342958601893,0.1,50,,100,hard,"[1, 3]","{'gb__learning_rate': 0.1, 'gb__n_estimators': 50, 'rf__max_depth': None, 'rf__n_estimators': 100, 'voting': 'hard', 'weights': [1, 3]}",0.9337899543378996,0.9329779131759329,0.9314546839299315,0.9337395277989338,0.9337395277989338,0.9331403214083263,0.000895306615947188,606,Ensemble
1.5389970779418944,0.03501489890918834,0.02999286651611328,0.0005656915056101662,0.1,50,,100,soft,"[1, 1]","{'gb__learning_rate': 0.1, 'gb__n_estimators': 50, 'rf__max_depth': None, 'rf__n_estimators': 100, 'voting': 'soft', 'weights': [1, 1]}",0.9398782343987824,0.9345011424219345,0.9390708301599391,0.9405940594059405,0.9398324447829398,0.9387753422339074,0.0021907837056844015,399,Ensemble
1.587425136566162,0.0806617888427832,0.03126840591430664,0.0020814388495393027,0.1,50,,100,soft,"[2, 1]","{'gb__learning_rate': 0.1, 'gb__n_estimators': 50, 'rf__max_depth': None, 'rf__n_estimators': 100, 'voting': 'soft', 'weights': [2, 1]}",0.941400304414003,0.9367859862909368,0.9421172886519421,0.9421172886519421,0.9436405178979437,0.9412122771813536,0.002330744507160923,332,Ensemble
1.4970973014831543,0.05702829340775567,0.030906820297241212,0.0010277453315933878,0.1,50,,100,soft,"[1, 2]","{'gb__learning_rate': 0.1, 'gb__n_estimators': 50, 'rf__max_depth': None, 'rf__n_estimators': 100, 'voting': 'soft', 'weights': [1, 2]}",0.9337899543378996,0.9329779131759329,0.9367859862909368,0.9375476009139375,0.9375476009139375,0.9357298111265289,0.0019524452407794573,561,Ensemble
1.506774616241455,0.1134778654618722,0.030178117752075195,0.0005105880778165573,0.1,50,,100,soft,"[3, 1]","{'gb__learning_rate': 0.1, 'gb__n_estimators': 50, 'rf__max_depth': None, 'rf__n_estimators': 100, 'voting': 'soft', 'weights': [3, 1]}",0.941400304414003,0.9367859862909368,0.9444021325209444,0.9413556740289414,0.9428789032749428,0.9413646001059537,0.0025489125602600657,324,Ensemble
1.5991278648376466,0.036929621900387434,0.031054592132568358,0.0019096307131918537,0.1,50,,100,soft,"[1, 3]","{'gb__learning_rate': 0.1, 'gb__n_estimators': 50, 'rf__max_depth': None, 'rf__n_estimators': 100, 'voting': 'soft', 'weights': [1, 3]}",0.9345509893455098,0.9322162985529322,0.9345011424219345,0.9367859862909368,0.9360243716679361,0.9348157576558499,0.0015664495737840417,575,Ensemble
2.379500484466553,0.11577476599844208,0.06367025375366211,0.0018199176624203834,0.1,50,,200,hard,"[1, 1]","{'gb__learning_rate': 0.1, 'gb__n_estimators': 50, 'rf__max_depth': None, 'rf__n_estimators': 200, 'voting': 'hard', 'weights': [1, 1]}",0.9337899543378996,0.9299314546839299,0.9322162985529322,0.9329779131759329,0.9306930693069307,0.9319217380115251,0.0014257179694701942,636,Ensemble
2.382651710510254,0.09219207901873676,0.06274271011352539,0.0015856189956748735,0.1,50,,200,hard,"[2, 1]","{'gb__learning_rate': 0.1, 'gb__n_estimators': 50, 'rf__max_depth': None, 'rf__n_estimators': 200, 'voting': 'hard', 'weights': [2, 1]}",0.9429223744292238,0.9405940594059405,0.9474485910129474,0.945925361766946,0.9474485910129474,0.9448677955256011,0.0027014418636190523,81,Ensemble
2.370803165435791,0.0502204246954766,0.0553494930267334,0.010041703612004904,0.1,50,,200,hard,"[1, 2]","{'gb__learning_rate': 0.1, 'gb__n_estimators': 50, 'rf__max_depth': None, 'rf__n_estimators': 200, 'voting': 'hard', 'weights': [1, 2]}",0.9337899543378996,0.9329779131759329,0.9314546839299315,0.9337395277989338,0.9337395277989338,0.9331403214083263,0.000895306615947188,606,Ensemble
2.4122480869293215,0.052777360277335844,0.06533727645874024,0.0023370191945790066,0.1,50,,200,hard,"[3, 1]","{'gb__learning_rate': 0.1, 'gb__n_estimators': 50, 'rf__max_depth': None, 'rf__n_estimators': 200, 'voting': 'hard', 'weights': [3, 1]}",0.9429223744292238,0.9405940594059405,0.9474485910129474,0.945925361766946,0.9474485910129474,0.9448677955256011,0.0027014418636190523,81,Ensemble
2.4528090953826904,0.0274591956212495,0.061591053009033205,0.0027381183584283693,0.1,50,,200,hard,"[1, 3]","{'gb__learning_rate': 0.1, 'gb__n_estimators': 50, 'rf__max_depth': None, 'rf__n_estimators': 200, 'voting': 'hard', 'weights': [1, 3]}",0.9337899543378996,0.9329779131759329,0.9314546839299315,0.9337395277989338,0.9337395277989338,0.9331403214083263,0.000895306615947188,606,Ensemble
2.356399583816528,0.053687138049705825,0.04506359100341797,0.007650182075312699,0.1,50,,200,soft,"[1, 1]","{'gb__learning_rate': 0.1, 'gb__n_estimators': 50, 'rf__max_depth': None, 'rf__n_estimators': 200, 'voting': 'soft', 'weights': [1, 1]}",0.9383561643835616,0.9360243716679361,0.9390708301599391,0.9405940594059405,0.9375476009139375,0.938318605306263,0.0015233450058821808,413,Ensemble
2.3797120571136476,0.04279138190841145,0.04453940391540527,0.006954772710122764,0.1,50,,200,soft,"[2, 1]","{'gb__learning_rate': 0.1, 'gb__n_estimators': 50, 'rf__max_depth': None, 'rf__n_estimators': 200, 'voting': 'soft', 'weights': [2, 1]}",0.9421613394216134,0.9367859862909368,0.9421172886519421,0.9428789032749428,0.9451637471439451,0.9418214529566761,0.002751294158001563,285,Ensemble
2.3975555419921877,0.07777197109112745,0.04904727935791016,0.003623982901264238,0.1,50,,200,soft,"[1, 2]","{'gb__learning_rate': 0.1, 'gb__n_estimators': 50, 'rf__max_depth': None, 'rf__n_estimators': 200, 'voting': 'soft', 'weights': [1, 2]}",0.9345509893455098,0.9322162985529322,0.9352627570449352,0.9383092155369384,0.9360243716679361,0.9352727264296503,0.001982321459085351,569,Ensemble
2.399670362472534,0.09680430079156042,0.044482851028442384,0.007318774485057376,0.1,50,,200,soft,"[3, 1]","{'gb__learning_rate': 0.1, 'gb__n_estimators': 50, 'rf__max_depth': None, 'rf__n_estimators': 200, 'voting': 'soft', 'weights': [3, 1]}",0.9421613394216134,0.9360243716679361,0.9436405178979437,0.9436405178979437,0.9451637471439451,0.9421260988058764,0.003195201206981576,272,Ensemble
2.373448133468628,0.09101831917807929,0.044195556640625,0.0073953672001778464,0.1,50,,200,soft,"[1, 3]","{'gb__learning_rate': 0.1, 'gb__n_estimators': 50, 'rf__max_depth': None, 'rf__n_estimators': 200, 'voting': 'soft', 'weights': [1, 3]}",0.9353120243531202,0.9314546839299315,0.9352627570449352,0.9360243716679361,0.9345011424219345,0.9345109958835716,0.001602388065740176,584,Ensemble
1.1331926822662353,0.02359984130292826,0.032556915283203126,0.002275076225671102,0.1,50,10,50,hard,"[1, 1]","{'gb__learning_rate': 0.1, 'gb__n_estimators': 50, 'rf__max_depth': 10, 'rf__n_estimators': 50, 'voting': 'hard', 'weights': [1, 1]}",0.9330289193302892,0.9314546839299315,0.9314546839299315,0.9322162985529322,0.9299314546839299,0.9316172080854027,0.001024346695218379,639,Ensemble
1.152366542816162,0.04037322680025142,0.03256072998046875,0.002472593671499205,0.1,50,10,50,hard,"[2, 1]","{'gb__learning_rate': 0.1, 'gb__n_estimators': 50, 'rf__max_depth': 10, 'rf__n_estimators': 50, 'voting': 'hard', 'weights': [2, 1]}",0.9375951293759512,0.9367859862909368,0.9390708301599391,0.9375476009139375,0.9367859862909368,0.9375571066063403,0.0008345235967392048,420,Ensemble
1.0856657028198242,0.019498481529869664,0.03046584129333496,0.00022977203861896268,0.1,50,10,50,hard,"[1, 2]","{'gb__learning_rate': 0.1, 'gb__n_estimators': 50, 'rf__max_depth': 10, 'rf__n_estimators': 50, 'voting': 'hard', 'weights': [1, 2]}",0.9337899543378996,0.9329779131759329,0.9314546839299315,0.9337395277989338,0.9337395277989338,0.9331403214083263,0.000895306615947188,606,Ensemble
1.091762399673462,0.010073899944144623,0.030757761001586913,0.00027563314454811594,0.1,50,10,50,hard,"[3, 1]","{'gb__learning_rate': 0.1, 'gb__n_estimators': 50, 'rf__max_depth': 10, 'rf__n_estimators': 50, 'voting': 'hard', 'weights': [3, 1]}",0.9375951293759512,0.9367859862909368,0.9390708301599391,0.9375476009139375,0.9367859862909368,0.9375571066063403,0.0008345235967392048,420,Ensemble
1.075638198852539,0.022089212839334002,0.03083171844482422,0.0009250264012633964,0.1,50,10,50,hard,"[1, 3]","{'gb__learning_rate': 0.1, 'gb__n_estimators': 50, 'rf__max_depth': 10, 'rf__n_estimators': 50, 'voting': 'hard', 'weights': [1, 3]}",0.9337899543378996,0.9329779131759329,0.9314546839299315,0.9337395277989338,0.9337395277989338,0.9331403214083263,0.000895306615947188,606,Ensemble
1.0982540130615235,0.02616875389365539,0.01851310729980469,0.0011005944609675583,0.1,50,10,50,soft,"[1, 1]","{'gb__learning_rate': 0.1, 'gb__n_estimators': 50, 'rf__max_depth': 10, 'rf__n_estimators': 50, 'voting': 'soft', 'weights': [1, 1]}",0.9345509893455098,0.9329779131759329,0.9352627570449352,0.9367859862909368,0.9329779131759329,0.9345111118066496,0.0014451996944413509,583,Ensemble
1.0670254707336426,0.03516159578334924,0.017874765396118163,0.0005922324684310714,0.1,50,10,50,soft,"[2, 1]","{'gb__learning_rate': 0.1, 'gb__n_estimators': 50, 'rf__max_depth': 10, 'rf__n_estimators': 50, 'voting': 'soft', 'weights': [2, 1]}",0.9345509893455098,0.9314546839299315,0.9345011424219345,0.9360243716679361,0.9345011424219345,0.9342064659574494,0.00149462037330917,590,Ensemble
1.1082531929016113,0.0343729963032116,0.01684989929199219,0.0023304033023741006,0.1,50,10,50,soft,"[1, 2]","{'gb__learning_rate': 0.1, 'gb__n_estimators': 50, 'rf__max_depth': 10, 'rf__n_estimators': 50, 'voting': 'soft', 'weights': [1, 2]}",0.936834094368341,0.9306930693069307,0.9337395277989338,0.9367859862909368,0.9329779131759329,0.9342061181882151,0.0023507311550497573,594,Ensemble
1.1043332099914551,0.03180191258428504,0.017726421356201172,0.0001231869830214176,0.1,50,10,50,soft,"[3, 1]","{'gb__learning_rate': 0.1, 'gb__n_estimators': 50, 'rf__max_depth': 10, 'rf__n_estimators': 50, 'voting': 'soft', 'weights': [3, 1]}",0.9345509893455098,0.9337395277989338,0.9360243716679361,0.9360243716679361,0.9345011424219345,0.9349680805804501,0.000909157852313668,574,Ensemble
1.0780228137969972,0.049852639567719494,0.01705331802368164,0.0024626431657023148,0.1,50,10,50,soft,"[1, 3]","{'gb__learning_rate': 0.1, 'gb__n_estimators': 50, 'rf__max_depth': 10, 'rf__n_estimators': 50, 'voting': 'soft', 'weights': [1, 3]}",0.9353120243531202,0.9306930693069307,0.9329779131759329,0.9360243716679361,0.9329779131759329,0.9335970583359707,0.001899094109868982,601,Ensemble
1.437471866607666,0.05709332970264196,0.03723444938659668,0.005829403133024463,0.1,50,10,100,hard,"[1, 1]","{'gb__learning_rate': 0.1, 'gb__n_estimators': 50, 'rf__max_depth': 10, 'rf__n_estimators': 100, 'voting': 'hard', 'weights': [1, 1]}",0.9330289193302892,0.9306930693069307,0.9322162985529322,0.9329779131759329,0.9306930693069307,0.9319218539346033,0.0010437792742907382,635,Ensemble
1.4165302753448485,0.0660104944406366,0.036293411254882814,0.005208708474358076,0.1,50,10,100,hard,"[2, 1]","{'gb__learning_rate': 0.1, 'gb__n_estimators': 50, 'rf__max_depth': 10, 'rf__n_estimators': 100, 'voting': 'hard', 'weights': [2, 1]}",0.9353120243531202,0.9345011424219345,0.9367859862909368,0.9398324447829398,0.9360243716679361,0.9364911939033735,0.001834095347493627,499,Ensemble
1.4011602878570557,0.04397451356678275,0.037608766555786134,0.0067440607749083645,0.1,50,10,100,hard,"[1, 2]","{'gb__learning_rate': 0.1, 'gb__n_estimators': 50, 'rf__max_depth': 10, 'rf__n_estimators': 100, 'voting': 'hard', 'weights': [1, 2]}",0.9337899543378996,0.9329779131759329,0.9314546839299315,0.9337395277989338,0.9337395277989338,0.9331403214083263,0.000895306615947188,606,Ensemble
1.412905788421631,0.039941835400453755,0.03947000503540039,0.0002719333959861219,0.1,50,10,100,hard,"[3, 1]","{'gb__learning_rate': 0.1, 'gb__n_estimators': 50, 'rf__max_depth': 10, 'rf__n_estimators': 100, 'voting': 'hard', 'weights': [3, 1]}",0.9353120243531202,0.9345011424219345,0.9367859862909368,0.9398324447829398,0.9360243716679361,0.9364911939033735,0.001834095347493627,499,Ensemble
1.3873968124389648,0.05903305226718917,0.033464908599853516,0.0062428410827067736,0.1,50,10,100,hard,"[1, 3]","{'gb__learning_rate': 0.1, 'gb__n_estimators': 50, 'rf__max_depth': 10, 'rf__n_estimators': 100, 'voting': 'hard', 'weights': [1, 3]}",0.9337899543378996,0.9329779131759329,0.9314546839299315,0.9337395277989338,0.9337395277989338,0.9331403214083263,0.000895306615947188,606,Ensemble
1.428684139251709,0.014933641948116904,0.027732276916503908,0.0011226240275862556,0.1,50,10,100,soft,"[1, 1]","{'gb__learning_rate': 0.1, 'gb__n_estimators': 50, 'rf__max_depth': 10, 'rf__n_estimators': 100, 'voting': 'soft', 'weights': [1, 1]}",0.9337899543378996,0.9322162985529322,0.9352627570449352,0.9375476009139375,0.9329779131759329,0.9343589048051276,0.001887131993886826,587,Ensemble
1.322014856338501,0.1291186740172592,0.022625541687011717,0.004148980348228826,0.1,50,10,100,soft,"[2, 1]","{'gb__learning_rate': 0.1, 'gb__n_estimators': 50, 'rf__max_depth': 10, 'rf__n_estimators': 100, 'voting': 'soft', 'weights': [2, 1]}",0.9330289193302892,0.9329779131759329,0.9345011424219345,0.9375476009139375,0.9345011424219345,0.9345113436528057,0.0016594009271655259,580,Ensemble
1.3972885131835937,0.029120404794220452,0.02373614311218262,0.0038281575389657644,0.1,50,10,100,soft,"[1, 2]","{'gb__learning_rate': 0.1, 'gb__n_estimators': 50, 'rf__max_depth': 10, 'rf__n_estimators': 100, 'voting': 'soft', 'weights': [1, 2]}",0.9345509893455098,0.9314546839299315,0.9337395277989338,0.9375476009139375,0.9329779131759329,0.9340541430328491,0.002023143361376751,596,Ensemble
1.3293686389923096,0.15286869100571693,0.027312564849853515,0.0008954645262496126,0.1,50,10,100,soft,"[3, 1]","{'gb__learning_rate': 0.1, 'gb__n_estimators': 50, 'rf__max_depth': 10, 'rf__n_estimators': 100, 'voting': 'soft', 'weights': [3, 1]}",0.9330289193302892,0.9322162985529322,0.9337395277989338,0.9375476009139375,0.9345011424219345,0.9342066978036054,0.0018338718793003052,588,Ensemble
1.3974753856658935,0.06154876669634752,0.026066970825195313,0.0029026233635355333,0.1,50,10,100,soft,"[1, 3]","{'gb__learning_rate': 0.1, 'gb__n_estimators': 50, 'rf__max_depth': 10, 'rf__n_estimators': 100, 'voting': 'soft', 'weights': [1, 3]}",0.9337899543378996,0.9314546839299315,0.9322162985529322,0.9360243716679361,0.9329779131759329,0.9332926443329266,0.001571325927753785,605,Ensemble
2.0891485691070555,0.07608130101164857,0.05887928009033203,0.001684414087366852,0.1,50,10,200,hard,"[1, 1]","{'gb__learning_rate': 0.1, 'gb__n_estimators': 50, 'rf__max_depth': 10, 'rf__n_estimators': 200, 'voting': 'hard', 'weights': [1, 1]}",0.9322678843226788,0.9314546839299315,0.9322162985529322,0.9345011424219345,0.9291698400609292,0.9319219698576813,0.0017117822215797736,634,Ensemble
2.147058868408203,0.032186479155421416,0.05979886054992676,0.004526648379149299,0.1,50,10,200,hard,"[2, 1]","{'gb__learning_rate': 0.1, 'gb__n_estimators': 50, 'rf__max_depth': 10, 'rf__n_estimators': 200, 'voting': 'hard', 'weights': [2, 1]}",0.9345509893455098,0.9352627570449352,0.9345011424219345,0.9428789032749428,0.9345011424219345,0.9363389869018514,0.0032827140234310006,524,Ensemble
1.9635705947875977,0.22075640808992866,0.05056552886962891,0.008521888204938264,0.1,50,10,200,hard,"[1, 2]","{'gb__learning_rate': 0.1, 'gb__n_estimators': 50, 'rf__max_depth': 10, 'rf__n_estimators': 200, 'voting': 'hard', 'weights': [1, 2]}",0.9337899543378996,0.9329779131759329,0.9314546839299315,0.9337395277989338,0.9337395277989338,0.9331403214083263,0.000895306615947188,606,Ensemble
2.101860857009888,0.07455557120399807,0.05038242340087891,0.009664941732929703,0.1,50,10,200,hard,"[3, 1]","{'gb__learning_rate': 0.1, 'gb__n_estimators': 50, 'rf__max_depth': 10, 'rf__n_estimators': 200, 'voting': 'hard', 'weights': [3, 1]}",0.9345509893455098,0.9352627570449352,0.9345011424219345,0.9428789032749428,0.9345011424219345,0.9363389869018514,0.0032827140234310006,524,Ensemble
2.097455644607544,0.14881131281416396,0.05111608505249023,0.008338362190540453,0.1,50,10,200,hard,"[1, 3]","{'gb__learning_rate': 0.1, 'gb__n_estimators': 50, 'rf__max_depth': 10, 'rf__n_estimators': 200, 'voting': 'hard', 'weights': [1, 3]}",0.9337899543378996,0.9329779131759329,0.9314546839299315,0.9337395277989338,0.9337395277989338,0.9331403214083263,0.000895306615947188,606,Ensemble
2.087886667251587,0.08444508474828782,0.042682552337646486,0.004464958198036741,0.1,50,10,200,soft,"[1, 1]","{'gb__learning_rate': 0.1, 'gb__n_estimators': 50, 'rf__max_depth': 10, 'rf__n_estimators': 200, 'voting': 'soft', 'weights': [1, 1]}",0.9337899543378996,0.9314546839299315,0.9352627570449352,0.9383092155369384,0.9322162985529322,0.9342065818805274,0.0024353585962030902,589,Ensemble
2.0044410705566404,0.13764989119991927,0.044303083419799806,0.004611489283927943,0.1,50,10,200,soft,"[2, 1]","{'gb__learning_rate': 0.1, 'gb__n_estimators': 50, 'rf__max_depth': 10, 'rf__n_estimators': 200, 'voting': 'soft', 'weights': [2, 1]}",0.9330289193302892,0.9329779131759329,0.9352627570449352,0.9375476009139375,0.9337395277989338,0.9345113436528057,0.0017278987732692052,580,Ensemble
2.0819111347198485,0.06715767837512,0.04321374893188477,0.00512668549493368,0.1,50,10,200,soft,"[1, 2]","{'gb__learning_rate': 0.1, 'gb__n_estimators': 50, 'rf__max_depth': 10, 'rf__n_estimators': 200, 'voting': 'soft', 'weights': [1, 2]}",0.9353120243531202,0.9314546839299315,0.9337395277989338,0.9375476009139375,0.9329779131759329,0.9342063500343712,0.0020825522612570764,591,Ensemble
2.093291759490967,0.10973174341562247,0.040922355651855466,0.006092646191541586,0.1,50,10,200,soft,"[3, 1]","{'gb__learning_rate': 0.1, 'gb__n_estimators': 50, 'rf__max_depth': 10, 'rf__n_estimators': 200, 'voting': 'soft', 'weights': [3, 1]}",0.9330289193302892,0.9345011424219345,0.9345011424219345,0.9383092155369384,0.9360243716679361,0.9352729582758064,0.0017894463085112297,568,Ensemble
2.119961404800415,0.09275350134250507,0.043327856063842776,0.005969260341174712,0.1,50,10,200,soft,"[1, 3]","{'gb__learning_rate': 0.1, 'gb__n_estimators': 50, 'rf__max_depth': 10, 'rf__n_estimators': 200, 'voting': 'soft', 'weights': [1, 3]}",0.9345509893455098,0.9329779131759329,0.9322162985529322,0.9352627570449352,0.9329779131759329,0.9335971742590488,0.0011276272016645015,600,Ensemble
0.9951655864715576,0.1783764475053957,0.030414676666259764,0.005149023645886402,0.1,50,20,50,hard,"[1, 1]","{'gb__learning_rate': 0.1, 'gb__n_estimators': 50, 'rf__max_depth': 20, 'rf__n_estimators': 50, 'voting': 'hard', 'weights': [1, 1]}",0.9353120243531202,0.9306930693069307,0.9306930693069307,0.9345011424219345,0.9306930693069307,0.9323784749391694,0.002080057972366389,632,Ensemble
0.9724913120269776,0.15128750992553722,0.026549243927001955,0.005194513455918516,0.1,50,20,50,hard,"[2, 1]","{'gb__learning_rate': 0.1, 'gb__n_estimators': 50, 'rf__max_depth': 20, 'rf__n_estimators': 50, 'voting': 'hard', 'weights': [2, 1]}",0.9421613394216134,0.9444021325209444,0.9444021325209444,0.9474485910129474,0.9436405178979437,0.9444109426748787,0.001725209077034642,117,Ensemble
1.020114803314209,0.10233820147236182,0.029794931411743164,0.004964839141264933,0.1,50,20,50,hard,"[1, 2]","{'gb__learning_rate': 0.1, 'gb__n_estimators': 50, 'rf__max_depth': 20, 'rf__n_estimators': 50, 'voting': 'hard', 'weights': [1, 2]}",0.9337899543378996,0.9329779131759329,0.9314546839299315,0.9337395277989338,0.9337395277989338,0.9331403214083263,0.000895306615947188,606,Ensemble
1.1129798889160156,0.030703856903830522,0.03367104530334473,0.0025575494906301937,0.1,50,20,50,hard,"[3, 1]","{'gb__learning_rate': 0.1, 'gb__n_estimators': 50, 'rf__max_depth': 20, 'rf__n_estimators': 50, 'voting': 'hard', 'weights': [3, 1]}",0.9421613394216134,0.9444021325209444,0.9444021325209444,0.9474485910129474,0.9436405178979437,0.9444109426748787,0.001725209077034642,117,Ensemble
1.133517074584961,0.04901312119650523,0.036868047714233396,0.0023162090139874137,0.1,50,20,50,hard,"[1, 3]","{'gb__learning_rate': 0.1, 'gb__n_estimators': 50, 'rf__max_depth': 20, 'rf__n_estimators': 50, 'voting': 'hard', 'weights': [1, 3]}",0.9337899543378996,0.9329779131759329,0.9314546839299315,0.9337395277989338,0.9337395277989338,0.9331403214083263,0.000895306615947188,606,Ensemble
1.070908260345459,0.07327459255482689,0.021983814239501954,0.005649745049789463,0.1,50,20,50,soft,"[1, 1]","{'gb__learning_rate': 0.1, 'gb__n_estimators': 50, 'rf__max_depth': 20, 'rf__n_estimators': 50, 'voting': 'soft', 'weights': [1, 1]}",0.9375951293759512,0.9367859862909368,0.9383092155369384,0.9413556740289414,0.9398324447829398,0.9387756900031416,0.001633602823360789,395,Ensemble
1.0656396865844726,0.08473940510136128,0.019603586196899413,0.000467438351456186,0.1,50,20,50,soft,"[2, 1]","{'gb__learning_rate': 0.1, 'gb__n_estimators': 50, 'rf__max_depth': 20, 'rf__n_estimators': 50, 'voting': 'soft', 'weights': [2, 1]}",0.9398782343987824,0.9405940594059405,0.9405940594059405,0.9428789032749428,0.9421172886519421,0.9412125090275097,0.0011082188060459732,328,Ensemble
1.0797061920166016,0.07667492100259345,0.019833707809448244,0.0011708612825863404,0.1,50,20,50,soft,"[1, 2]","{'gb__learning_rate': 0.1, 'gb__n_estimators': 50, 'rf__max_depth': 20, 'rf__n_estimators': 50, 'voting': 'soft', 'weights': [1, 2]}",0.9353120243531202,0.9329779131759329,0.9360243716679361,0.9383092155369384,0.9383092155369384,0.9361865480541731,0.002004887286138223,546,Ensemble
1.0543409824371337,0.10177253223603983,0.018545866012573242,0.004210501046475485,0.1,50,20,50,soft,"[3, 1]","{'gb__learning_rate': 0.1, 'gb__n_estimators': 50, 'rf__max_depth': 20, 'rf__n_estimators': 50, 'voting': 'soft', 'weights': [3, 1]}",0.941400304414003,0.9413556740289414,0.9421172886519421,0.9436405178979437,0.9436405178979437,0.9424308605781547,0.0010240059705516411,266,Ensemble
1.1040874481201173,0.06292327665125373,0.017902565002441407,0.002010036946779122,0.1,50,20,50,soft,"[1, 3]","{'gb__learning_rate': 0.1, 'gb__n_estimators': 50, 'rf__max_depth': 20, 'rf__n_estimators': 50, 'voting': 'soft', 'weights': [1, 3]}",0.9353120243531202,0.9314546839299315,0.9360243716679361,0.9375476009139375,0.9360243716679361,0.9352726105065722,0.0020437214994706993,570,Ensemble
1.4765074729919434,0.12450532690042534,0.03862323760986328,0.006576328513151298,0.1,50,20,100,hard,"[1, 1]","{'gb__learning_rate': 0.1, 'gb__n_estimators': 50, 'rf__max_depth': 20, 'rf__n_estimators': 100, 'voting': 'hard', 'weights': [1, 1]}",0.9330289193302892,0.9314546839299315,0.9314546839299315,0.9345011424219345,0.9322162985529322,0.9325311456330038,0.0011441445959579405,629,Ensemble
1.5279722690582276,0.08653031764487921,0.03863396644592285,0.00790634380336587,0.1,50,20,100,hard,"[2, 1]","{'gb__learning_rate': 0.1, 'gb__n_estimators': 50, 'rf__max_depth': 20, 'rf__n_estimators': 100, 'voting': 'hard', 'weights': [2, 1]}",0.943683409436834,0.9375476009139375,0.945925361766946,0.9451637471439451,0.9474485910129474,0.943953742054922,0.0034256996332524847,170,Ensemble
1.4561586380004883,0.10189084205539059,0.0456944465637207,0.004084451195760379,0.1,50,20,100,hard,"[1, 2]","{'gb__learning_rate': 0.1, 'gb__n_estimators': 50, 'rf__max_depth': 20, 'rf__n_estimators': 100, 'voting': 'hard', 'weights': [1, 2]}",0.9337899543378996,0.9329779131759329,0.9314546839299315,0.9337395277989338,0.9337395277989338,0.9331403214083263,0.000895306615947188,606,Ensemble
1.4589887619018556,0.15085534008417448,0.040286827087402347,0.010245956926426597,0.1,50,20,100,hard,"[3, 1]","{'gb__learning_rate': 0.1, 'gb__n_estimators': 50, 'rf__max_depth': 20, 'rf__n_estimators': 100, 'voting': 'hard', 'weights': [3, 1]}",0.943683409436834,0.9375476009139375,0.945925361766946,0.9451637471439451,0.9474485910129474,0.943953742054922,0.0034256996332524847,170,Ensemble
1.471340036392212,0.06750101343095698,0.03843631744384766,0.006293702243640017,0.1,50,20,100,hard,"[1, 3]","{'gb__learning_rate': 0.1, 'gb__n_estimators': 50, 'rf__max_depth': 20, 'rf__n_estimators': 100, 'voting': 'hard', 'weights': [1, 3]}",0.9337899543378996,0.9329779131759329,0.9314546839299315,0.9337395277989338,0.9337395277989338,0.9331403214083263,0.000895306615947188,606,Ensemble
1.5032941818237304,0.11006899307806788,0.029190683364868165,0.001112575261486684,0.1,50,20,100,soft,"[1, 1]","{'gb__learning_rate': 0.1, 'gb__n_estimators': 50, 'rf__max_depth': 20, 'rf__n_estimators': 100, 'voting': 'soft', 'weights': [1, 1]}",0.9375951293759512,0.9367859862909368,0.9390708301599391,0.9421172886519421,0.9398324447829398,0.9390803358523417,0.0018578869016226643,387,Ensemble
1.4874058723449708,0.08142144056577068,0.02481069564819336,0.004387605809142917,0.1,50,20,100,soft,"[2, 1]","{'gb__learning_rate': 0.1, 'gb__n_estimators': 50, 'rf__max_depth': 20, 'rf__n_estimators': 100, 'voting': 'soft', 'weights': [2, 1]}",0.9406392694063926,0.9367859862909368,0.9428789032749428,0.9428789032749428,0.9436405178979437,0.9413647160290317,0.002500233548879634,323,Ensemble
1.4313698768615724,0.2085162380799445,0.026923274993896483,0.005613060432743819,0.1,50,20,100,soft,"[1, 2]","{'gb__learning_rate': 0.1, 'gb__n_estimators': 50, 'rf__max_depth': 20, 'rf__n_estimators': 100, 'voting': 'soft', 'weights': [1, 2]}",0.9337899543378996,0.9329779131759329,0.9360243716679361,0.9390708301599391,0.9375476009139375,0.9358821340511291,0.0022703968432616433,555,Ensemble
1.5184675216674806,0.04734033499545279,0.028357934951782227,0.004012184418894503,0.1,50,20,100,soft,"[3, 1]","{'gb__learning_rate': 0.1, 'gb__n_estimators': 50, 'rf__max_depth': 20, 'rf__n_estimators': 100, 'voting': 'soft', 'weights': [3, 1]}",0.9429223744292238,0.9383092155369384,0.9444021325209444,0.9428789032749428,0.9444021325209444,0.9425829516565987,0.0022399309647339414,265,Ensemble
1.5297481060028075,0.07878330814700243,0.03246240615844727,0.0018180305640575572,0.1,50,20,100,soft,"[1, 3]","{'gb__learning_rate': 0.1, 'gb__n_estimators': 50, 'rf__max_depth': 20, 'rf__n_estimators': 100, 'voting': 'soft', 'weights': [1, 3]}",0.9345509893455098,0.9314546839299315,0.9345011424219345,0.9375476009139375,0.9360243716679361,0.9348157576558499,0.002019386887726121,575,Ensemble
2.191259670257568,0.1951517587649504,0.0652071475982666,0.0023965630149036824,0.1,50,20,200,hard,"[1, 1]","{'gb__learning_rate': 0.1, 'gb__n_estimators': 50, 'rf__max_depth': 20, 'rf__n_estimators': 200, 'voting': 'hard', 'weights': [1, 1]}",0.9345509893455098,0.9299314546839299,0.9322162985529322,0.9345011424219345,0.9314546839299315,0.9325309137868476,0.001787565227637412,631,Ensemble
2.298896598815918,0.11998960075271133,0.06433978080749511,0.0021023306698097887,0.1,50,20,200,hard,"[2, 1]","{'gb__learning_rate': 0.1, 'gb__n_estimators': 50, 'rf__max_depth': 20, 'rf__n_estimators': 200, 'voting': 'hard', 'weights': [2, 1]}",0.9444444444444444,0.9390708301599391,0.9474485910129474,0.948971820258949,0.9504950495049505,0.9460861470762459,0.0040381095277703385,46,Ensemble
2.383302640914917,0.042559053814973345,0.0649146556854248,0.0021083676859757665,0.1,50,20,200,hard,"[1, 2]","{'gb__learning_rate': 0.1, 'gb__n_estimators': 50, 'rf__max_depth': 20, 'rf__n_estimators': 200, 'voting': 'hard', 'weights': [1, 2]}",0.9337899543378996,0.9329779131759329,0.9314546839299315,0.9337395277989338,0.9337395277989338,0.9331403214083263,0.000895306615947188,606,Ensemble
2.2818894386291504,0.15782117284965952,0.06541895866394043,0.0020854092845587614,0.1,50,20,200,hard,"[3, 1]","{'gb__learning_rate': 0.1, 'gb__n_estimators': 50, 'rf__max_depth': 20, 'rf__n_estimators': 200, 'voting': 'hard', 'weights': [3, 1]}",0.9444444444444444,0.9390708301599391,0.9474485910129474,0.948971820258949,0.9504950495049505,0.9460861470762459,0.0040381095277703385,46,Ensemble
2.383456325531006,0.07734483653257906,0.06426410675048828,0.009089463771469387,0.1,50,20,200,hard,"[1, 3]","{'gb__learning_rate': 0.1, 'gb__n_estimators': 50, 'rf__max_depth': 20, 'rf__n_estimators': 200, 'voting': 'hard', 'weights': [1, 3]}",0.9337899543378996,0.9329779131759329,0.9314546839299315,0.9337395277989338,0.9337395277989338,0.9331403214083263,0.000895306615947188,606,Ensemble
2.347711181640625,0.07284682557621423,0.049706649780273435,0.007418254697275661,0.1,50,20,200,soft,"[1, 1]","{'gb__learning_rate': 0.1, 'gb__n_estimators': 50, 'rf__max_depth': 20, 'rf__n_estimators': 200, 'voting': 'soft', 'weights': [1, 1]}",0.9383561643835616,0.9352627570449352,0.9390708301599391,0.9421172886519421,0.9390708301599391,0.9387755740800634,0.0021843624516604404,397,Ensemble
2.3330027580261232,0.04808256092467301,0.04613585472106933,0.007197053464859263,0.1,50,20,200,soft,"[2, 1]","{'gb__learning_rate': 0.1, 'gb__n_estimators': 50, 'rf__max_depth': 20, 'rf__n_estimators': 200, 'voting': 'soft', 'weights': [2, 1]}",0.943683409436834,0.9383092155369384,0.9405940594059405,0.9421172886519421,0.9444021325209444,0.9418212211105199,0.002193472774312816,289,Ensemble
2.438670206069946,0.09363046814742186,0.052003002166748045,0.003909322472232871,0.1,50,20,200,soft,"[1, 2]","{'gb__learning_rate': 0.1, 'gb__n_estimators': 50, 'rf__max_depth': 20, 'rf__n_estimators': 200, 'voting': 'soft', 'weights': [1, 2]}",0.9345509893455098,0.9322162985529322,0.9337395277989338,0.9383092155369384,0.9367859862909368,0.9351204035050502,0.002172904230061708,572,Ensemble
2.275790214538574,0.13448173294213236,0.046014022827148435,0.008180985759344972,0.1,50,20,200,soft,"[3, 1]","{'gb__learning_rate': 0.1, 'gb__n_estimators': 50, 'rf__max_depth': 20, 'rf__n_estimators': 200, 'voting': 'soft', 'weights': [3, 1]}",0.9429223744292238,0.9367859862909368,0.9428789032749428,0.9436405178979437,0.9451637471439451,0.9422783058073984,0.0028678392167214065,271,Ensemble
2.3562858581542967,0.06518019596413693,0.04600687026977539,0.008295370742368802,0.1,50,20,200,soft,"[1, 3]","{'gb__learning_rate': 0.1, 'gb__n_estimators': 50, 'rf__max_depth': 20, 'rf__n_estimators': 200, 'voting': 'soft', 'weights': [1, 3]}",0.9353120243531202,0.9314546839299315,0.9337395277989338,0.9367859862909368,0.9337395277989338,0.9342063500343712,0.0017823889174166765,591,Ensemble
1.8121131896972655,0.06450498593509886,0.034575796127319335,0.001342589011111791,0.1,100,,50,hard,"[1, 1]","{'gb__learning_rate': 0.1, 'gb__n_estimators': 100, 'rf__max_depth': None, 'rf__n_estimators': 50, 'voting': 'hard', 'weights': [1, 1]}",0.936834094368341,0.9329779131759329,0.9367859862909368,0.9345011424219345,0.9360243716679361,0.9354247015850163,0.0014858548598801172,566,Ensemble
1.6506083488464356,0.14381969368274683,0.03513126373291016,0.0031624562460301126,0.1,100,,50,hard,"[2, 1]","{'gb__learning_rate': 0.1, 'gb__n_estimators': 100, 'rf__max_depth': None, 'rf__n_estimators': 50, 'voting': 'hard', 'weights': [2, 1]}",0.939117199391172,0.9398324447829398,0.9444021325209444,0.9474485910129474,0.9466869763899467,0.9434974688195901,0.003441566590827775,202,Ensemble
1.760187578201294,0.08375564093211563,0.03361907005310059,0.0023755229142518805,0.1,100,,50,hard,"[1, 2]","{'gb__learning_rate': 0.1, 'gb__n_estimators': 100, 'rf__max_depth': None, 'rf__n_estimators': 50, 'voting': 'hard', 'weights': [1, 2]}",0.9375951293759512,0.9367859862909368,0.9352627570449352,0.9345011424219345,0.9390708301599391,0.9366431690587393,0.0016318075297211557,480,Ensemble
1.7260939121246337,0.09809476537916509,0.03470282554626465,0.0021993751672795764,0.1,100,,50,hard,"[3, 1]","{'gb__learning_rate': 0.1, 'gb__n_estimators': 100, 'rf__max_depth': None, 'rf__n_estimators': 50, 'voting': 'hard', 'weights': [3, 1]}",0.939117199391172,0.9398324447829398,0.9444021325209444,0.9474485910129474,0.9466869763899467,0.9434974688195901,0.003441566590827775,202,Ensemble
1.8090502262115478,0.047714524751370446,0.035208845138549806,0.0019998659255041303,0.1,100,,50,hard,"[1, 3]","{'gb__learning_rate': 0.1, 'gb__n_estimators': 100, 'rf__max_depth': None, 'rf__n_estimators': 50, 'voting': 'hard', 'weights': [1, 3]}",0.9375951293759512,0.9367859862909368,0.9352627570449352,0.9345011424219345,0.9390708301599391,0.9366431690587393,0.0016318075297211557,480,Ensemble
1.7331196308135985,0.0949196899723223,0.021440649032592775,0.0013805956715545686,0.1,100,,50,soft,"[1, 1]","{'gb__learning_rate': 0.1, 'gb__n_estimators': 100, 'rf__max_depth': None, 'rf__n_estimators': 50, 'voting': 'soft', 'weights': [1, 1]}",0.9406392694063926,0.9405940594059405,0.9405940594059405,0.9428789032749428,0.9436405178979437,0.941669361878232,0.0013207640030508967,292,Ensemble
1.7573015213012695,0.1154574683184687,0.02209329605102539,0.001827337146955452,0.1,100,,50,soft,"[2, 1]","{'gb__learning_rate': 0.1, 'gb__n_estimators': 100, 'rf__max_depth': None, 'rf__n_estimators': 50, 'voting': 'soft', 'weights': [2, 1]}",0.943683409436834,0.9405940594059405,0.9436405178979437,0.9444021325209444,0.945925361766946,0.9436490962057217,0.0017368332925454097,199,Ensemble
1.7604725360870361,0.10225800033845853,0.01963200569152832,0.002788216066747566,0.1,100,,50,soft,"[1, 2]","{'gb__learning_rate': 0.1, 'gb__n_estimators': 100, 'rf__max_depth': None, 'rf__n_estimators': 50, 'voting': 'soft', 'weights': [1, 2]}",0.9383561643835616,0.9367859862909368,0.9390708301599391,0.9398324447829398,0.9413556740289414,0.9390802199292638,0.0015186432219905144,388,Ensemble
1.7964247703552245,0.056911076494720665,0.020582818984985353,0.004179025908499081,0.1,100,,50,soft,"[3, 1]","{'gb__learning_rate': 0.1, 'gb__n_estimators': 100, 'rf__max_depth': None, 'rf__n_estimators': 50, 'voting': 'soft', 'weights': [3, 1]}",0.943683409436834,0.9413556740289414,0.9444021325209444,0.945925361766946,0.9466869763899467,0.9444107108287225,0.0018621408711427098,139,Ensemble
1.7976255893707276,0.05775270536229314,0.017348098754882812,0.0036184406765497213,0.1,100,,50,soft,"[1, 3]","{'gb__learning_rate': 0.1, 'gb__n_estimators': 100, 'rf__max_depth': None, 'rf__n_estimators': 50, 'voting': 'soft', 'weights': [1, 3]}",0.9383561643835616,0.9375476009139375,0.9383092155369384,0.9375476009139375,0.9421172886519421,0.9387755740800635,0.001707412501864876,396,Ensemble
2.1978968143463136,0.0668734291847496,0.04698338508605957,0.002191957663093603,0.1,100,,100,hard,"[1, 1]","{'gb__learning_rate': 0.1, 'gb__n_estimators': 100, 'rf__max_depth': None, 'rf__n_estimators': 100, 'voting': 'hard', 'weights': [1, 1]}",0.9375951293759512,0.9345011424219345,0.9375476009139375,0.9329779131759329,0.9367859862909368,0.9358815544357386,0.0018366663723954656,559,Ensemble
2.211354446411133,0.07608041702442894,0.04132270812988281,0.006042937132573626,0.1,100,,100,hard,"[2, 1]","{'gb__learning_rate': 0.1, 'gb__n_estimators': 100, 'rf__max_depth': None, 'rf__n_estimators': 100, 'voting': 'hard', 'weights': [2, 1]}",0.943683409436834,0.9398324447829398,0.9474485910129474,0.9428789032749428,0.9474485910129474,0.9442583879041223,0.0029043877958373652,142,Ensemble
2.2404148101806642,0.06988213661960849,0.046465301513671876,0.0016978680543350802,0.1,100,,100,hard,"[1, 2]","{'gb__learning_rate': 0.1, 'gb__n_estimators': 100, 'rf__max_depth': None, 'rf__n_estimators': 100, 'voting': 'hard', 'weights': [1, 2]}",0.9375951293759512,0.9367859862909368,0.9352627570449352,0.9345011424219345,0.9390708301599391,0.9366431690587393,0.0016318075297211557,480,Ensemble
2.272757959365845,0.025489852334288292,0.04544739723205567,0.0014117939877035638,0.1,100,,100,hard,"[3, 1]","{'gb__learning_rate': 0.1, 'gb__n_estimators': 100, 'rf__max_depth': None, 'rf__n_estimators': 100, 'voting': 'hard', 'weights': [3, 1]}",0.943683409436834,0.9398324447829398,0.9474485910129474,0.9428789032749428,0.9474485910129474,0.9442583879041223,0.0029043877958373652,142,Ensemble
2.183600330352783,0.12368891294724077,0.04312567710876465,0.0068593883731124655,0.1,100,,100,hard,"[1, 3]","{'gb__learning_rate': 0.1, 'gb__n_estimators': 100, 'rf__max_depth': None, 'rf__n_estimators': 100, 'voting': 'hard', 'weights': [1, 3]}",0.9375951293759512,0.9367859862909368,0.9352627570449352,0.9345011424219345,0.9390708301599391,0.9366431690587393,0.0016318075297211557,480,Ensemble
2.2186116218566894,0.11444414992523196,0.033467769622802734,0.0024249470066169815,0.1,100,,100,soft,"[1, 1]","{'gb__learning_rate': 0.1, 'gb__n_estimators': 100, 'rf__max_depth': None, 'rf__n_estimators': 100, 'voting': 'soft', 'weights': [1, 1]}",0.9406392694063926,0.9390708301599391,0.9436405178979437,0.9398324447829398,0.9428789032749428,0.9412123931044316,0.0017602310160743533,329,Ensemble
2.2201006412506104,0.0783688188246822,0.03021860122680664,0.0031481151324491492,0.1,100,,100,soft,"[2, 1]","{'gb__learning_rate': 0.1, 'gb__n_estimators': 100, 'rf__max_depth': None, 'rf__n_estimators': 100, 'voting': 'soft', 'weights': [2, 1]}",0.943683409436834,0.9390708301599391,0.9444021325209444,0.9428789032749428,0.945925361766946,0.9431921274319212,0.0022916911148989326,233,Ensemble
2.1874091625213623,0.06904581800946158,0.03345808982849121,0.001291443910218156,0.1,100,,100,soft,"[1, 2]","{'gb__learning_rate': 0.1, 'gb__n_estimators': 100, 'rf__max_depth': None, 'rf__n_estimators': 100, 'voting': 'soft', 'weights': [1, 2]}",0.9375951293759512,0.9375476009139375,0.9398324447829398,0.9398324447829398,0.9413556740289414,0.939232658776942,0.0014661243335396896,380,Ensemble
2.205677938461304,0.07602041700760702,0.03236608505249024,0.0016137908259622003,0.1,100,,100,soft,"[3, 1]","{'gb__learning_rate': 0.1, 'gb__n_estimators': 100, 'rf__max_depth': None, 'rf__n_estimators': 100, 'voting': 'soft', 'weights': [3, 1]}",0.9421613394216134,0.9390708301599391,0.945925361766946,0.9421172886519421,0.9474485910129474,0.9433446822026775,0.0029891330142884816,228,Ensemble
2.2743334770202637,0.033307362578430734,0.03116598129272461,0.004891237994824508,0.1,100,,100,soft,"[1, 3]","{'gb__learning_rate': 0.1, 'gb__n_estimators': 100, 'rf__max_depth': None, 'rf__n_estimators': 100, 'voting': 'soft', 'weights': [1, 3]}",0.9383561643835616,0.9375476009139375,0.9367859862909368,0.9383092155369384,0.9421172886519421,0.9386232511554633,0.0018390659240356336,401,Ensemble
3.0714699268341064,0.09057591110425352,0.06652951240539551,0.0017539043967355465,0.1,100,,200,hard,"[1, 1]","{'gb__learning_rate': 0.1, 'gb__n_estimators': 100, 'rf__max_depth': None, 'rf__n_estimators': 200, 'voting': 'hard', 'weights': [1, 1]}",0.936834094368341,0.9329779131759329,0.9383092155369384,0.9337395277989338,0.9360243716679361,0.9355770245096163,0.0019686028449740945,564,Ensemble
3.1406200408935545,0.20124604891340406,0.06939396858215333,0.004388663041028021,0.1,100,,200,hard,"[2, 1]","{'gb__learning_rate': 0.1, 'gb__n_estimators': 100, 'rf__max_depth': None, 'rf__n_estimators': 200, 'voting': 'hard', 'weights': [2, 1]}",0.9429223744292238,0.9405940594059405,0.9474485910129474,0.945925361766946,0.9474485910129474,0.9448677955256011,0.0027014418636190523,81,Ensemble
2.8810060024261475,0.23685820548374578,0.05869874954223633,0.008433322412271219,0.1,100,,200,hard,"[1, 2]","{'gb__learning_rate': 0.1, 'gb__n_estimators': 100, 'rf__max_depth': None, 'rf__n_estimators': 200, 'voting': 'hard', 'weights': [1, 2]}",0.9375951293759512,0.9367859862909368,0.9352627570449352,0.9345011424219345,0.9390708301599391,0.9366431690587393,0.0016318075297211557,480,Ensemble
2.9140001773834228,0.17670731859565264,0.061018943786621094,0.008314293847028479,0.1,100,,200,hard,"[3, 1]","{'gb__learning_rate': 0.1, 'gb__n_estimators': 100, 'rf__max_depth': None, 'rf__n_estimators': 200, 'voting': 'hard', 'weights': [3, 1]}",0.9429223744292238,0.9405940594059405,0.9474485910129474,0.945925361766946,0.9474485910129474,0.9448677955256011,0.0027014418636190523,81,Ensemble
3.0960090160369873,0.05034327044363566,0.06642322540283203,0.0026357891425826843,0.1,100,,200,hard,"[1, 3]","{'gb__learning_rate': 0.1, 'gb__n_estimators': 100, 'rf__max_depth': None, 'rf__n_estimators': 200, 'voting': 'hard', 'weights': [1, 3]}",0.9375951293759512,0.9367859862909368,0.9352627570449352,0.9345011424219345,0.9390708301599391,0.9366431690587393,0.0016318075297211557,480,Ensemble
2.9941917419433595,0.07508931133609487,0.05196061134338379,0.0012047515780599632,0.1,100,,200,soft,"[1, 1]","{'gb__learning_rate': 0.1, 'gb__n_estimators': 100, 'rf__max_depth': None, 'rf__n_estimators': 200, 'voting': 'soft', 'weights': [1, 1]}",0.9398782343987824,0.9390708301599391,0.9421172886519421,0.9413556740289414,0.9451637471439451,0.9415171548767101,0.0021144472908391112,316,Ensemble
3.0284144401550295,0.051511802880475265,0.05190486907958984,0.004505860004793626,0.1,100,,200,soft,"[2, 1]","{'gb__learning_rate': 0.1, 'gb__n_estimators': 100, 'rf__max_depth': None, 'rf__n_estimators': 200, 'voting': 'soft', 'weights': [2, 1]}",0.9421613394216134,0.9398324447829398,0.9436405178979437,0.9428789032749428,0.9466869763899467,0.9430400363534772,0.0022247456288437256,252,Ensemble
2.9706647872924803,0.11821216137897914,0.05406432151794434,0.0027560527811762384,0.1,100,,200,soft,"[1, 2]","{'gb__learning_rate': 0.1, 'gb__n_estimators': 100, 'rf__max_depth': None, 'rf__n_estimators': 200, 'voting': 'soft', 'weights': [1, 2]}",0.9383561643835616,0.9360243716679361,0.9367859862909368,0.9398324447829398,0.9413556740289414,0.9384709282308632,0.0019500422938121416,406,Ensemble
2.933602809906006,0.13245412437116055,0.05548605918884277,0.0032179302030548268,0.1,100,,200,soft,"[3, 1]","{'gb__learning_rate': 0.1, 'gb__n_estimators': 100, 'rf__max_depth': None, 'rf__n_estimators': 200, 'voting': 'soft', 'weights': [3, 1]}",0.9421613394216134,0.9405940594059405,0.9451637471439451,0.9451637471439451,0.9474485910129474,0.9441062968256784,0.002430061883232247,164,Ensemble
3.0155962467193604,0.10075050069453725,0.053375768661499026,0.002113335164863766,0.1,100,,200,soft,"[1, 3]","{'gb__learning_rate': 0.1, 'gb__n_estimators': 100, 'rf__max_depth': None, 'rf__n_estimators': 200, 'voting': 'soft', 'weights': [1, 3]}",0.939117199391172,0.9375476009139375,0.9367859862909368,0.9390708301599391,0.9421172886519421,0.9389277810815855,0.0018287418131931745,393,Ensemble
1.6774460792541503,0.14134575118655307,0.03284158706665039,0.0020142219533525398,0.1,100,10,50,hard,"[1, 1]","{'gb__learning_rate': 0.1, 'gb__n_estimators': 100, 'rf__max_depth': 10, 'rf__n_estimators': 50, 'voting': 'hard', 'weights': [1, 1]}",0.9353120243531202,0.9352627570449352,0.9367859862909368,0.9329779131759329,0.9322162985529322,0.9345109958835716,0.001673221517556485,584,Ensemble
1.696690845489502,0.06629032820654417,0.03276810646057129,0.0018402713388594688,0.1,100,10,50,hard,"[2, 1]","{'gb__learning_rate': 0.1, 'gb__n_estimators': 100, 'rf__max_depth': 10, 'rf__n_estimators': 50, 'voting': 'hard', 'weights': [2, 1]}",0.9375951293759512,0.9367859862909368,0.9390708301599391,0.9375476009139375,0.9367859862909368,0.9375571066063403,0.0008345235967392048,420,Ensemble
1.7470622539520264,0.07776566531092197,0.03434047698974609,0.0014026054297267534,0.1,100,10,50,hard,"[1, 2]","{'gb__learning_rate': 0.1, 'gb__n_estimators': 100, 'rf__max_depth': 10, 'rf__n_estimators': 50, 'voting': 'hard', 'weights': [1, 2]}",0.9375951293759512,0.9367859862909368,0.9352627570449352,0.9345011424219345,0.9390708301599391,0.9366431690587393,0.0016318075297211557,480,Ensemble
1.6879613399505615,0.09333991206698071,0.03262119293212891,0.001213407211979756,0.1,100,10,50,hard,"[3, 1]","{'gb__learning_rate': 0.1, 'gb__n_estimators': 100, 'rf__max_depth': 10, 'rf__n_estimators': 50, 'voting': 'hard', 'weights': [3, 1]}",0.9375951293759512,0.9367859862909368,0.9390708301599391,0.9375476009139375,0.9367859862909368,0.9375571066063403,0.0008345235967392048,420,Ensemble
1.767981195449829,0.011003702219465759,0.03198094367980957,0.0004702792880784423,0.1,100,10,50,hard,"[1, 3]","{'gb__learning_rate': 0.1, 'gb__n_estimators': 100, 'rf__max_depth': 10, 'rf__n_estimators': 50, 'voting': 'hard', 'weights': [1, 3]}",0.9375951293759512,0.9367859862909368,0.9352627570449352,0.9345011424219345,0.9390708301599391,0.9366431690587393,0.0016318075297211557,480,Ensemble
1.772303056716919,0.030414394597489187,0.01849541664123535,0.0015059494245979,0.1,100,10,50,soft,"[1, 1]","{'gb__learning_rate': 0.1, 'gb__n_estimators': 100, 'rf__max_depth': 10, 'rf__n_estimators': 50, 'voting': 'soft', 'weights': [1, 1]}",0.9375951293759512,0.9345011424219345,0.9383092155369384,0.9383092155369384,0.9383092155369384,0.9374047836817402,0.0014779279408037652,439,Ensemble
1.7410150527954102,0.08221589173640413,0.020250940322875978,0.0010707383813051842,0.1,100,10,50,soft,"[2, 1]","{'gb__learning_rate': 0.1, 'gb__n_estimators': 100, 'rf__max_depth': 10, 'rf__n_estimators': 50, 'voting': 'soft', 'weights': [2, 1]}",0.9375951293759512,0.9352627570449352,0.9367859862909368,0.9383092155369384,0.9398324447829398,0.9375571066063403,0.0015233478816825208,420,Ensemble
1.7473735332489013,0.052315329602444914,0.018916988372802736,0.000389727985363194,0.1,100,10,50,soft,"[1, 2]","{'gb__learning_rate': 0.1, 'gb__n_estimators': 100, 'rf__max_depth': 10, 'rf__n_estimators': 50, 'voting': 'soft', 'weights': [1, 2]}",0.936834094368341,0.9345011424219345,0.9375476009139375,0.9352627570449352,0.9367859862909368,0.936186316208017,0.001124730102818166,550,Ensemble
1.7261772155761719,0.07660001432499527,0.01973719596862793,0.0005475383325112934,0.1,100,10,50,soft,"[3, 1]","{'gb__learning_rate': 0.1, 'gb__n_estimators': 100, 'rf__max_depth': 10, 'rf__n_estimators': 50, 'voting': 'soft', 'weights': [3, 1]}",0.9360730593607306,0.9360243716679361,0.9375476009139375,0.9375476009139375,0.9390708301599391,0.9372526926032961,0.001129590448388781,442,Ensemble
1.8141974925994873,0.12333481182456364,0.018066024780273436,0.0032301418102813804,0.1,100,10,50,soft,"[1, 3]","{'gb__learning_rate': 0.1, 'gb__n_estimators': 100, 'rf__max_depth': 10, 'rf__n_estimators': 50, 'voting': 'soft', 'weights': [1, 3]}",0.936834094368341,0.9367859862909368,0.9360243716679361,0.9352627570449352,0.9360243716679361,0.9361863162080171,0.0005804540204319559,548,Ensemble
2.1378478050231933,0.03695261894035409,0.04194498062133789,0.0006472721494720202,0.1,100,10,100,hard,"[1, 1]","{'gb__learning_rate': 0.1, 'gb__n_estimators': 100, 'rf__max_depth': 10, 'rf__n_estimators': 100, 'voting': 'hard', 'weights': [1, 1]}",0.9345509893455098,0.9337395277989338,0.9352627570449352,0.9345011424219345,0.9322162985529322,0.9340541430328491,0.0010376962580862313,596,Ensemble
2.1105119228363036,0.1461893448961149,0.04359006881713867,0.0016982552343483667,0.1,100,10,100,hard,"[2, 1]","{'gb__learning_rate': 0.1, 'gb__n_estimators': 100, 'rf__max_depth': 10, 'rf__n_estimators': 100, 'voting': 'hard', 'weights': [2, 1]}",0.9353120243531202,0.9345011424219345,0.9367859862909368,0.9398324447829398,0.9360243716679361,0.9364911939033735,0.001834095347493627,499,Ensemble
2.145882177352905,0.039003776612100256,0.0424410343170166,0.0005320186007735733,0.1,100,10,100,hard,"[1, 2]","{'gb__learning_rate': 0.1, 'gb__n_estimators': 100, 'rf__max_depth': 10, 'rf__n_estimators': 100, 'voting': 'hard', 'weights': [1, 2]}",0.9375951293759512,0.9367859862909368,0.9352627570449352,0.9345011424219345,0.9390708301599391,0.9366431690587393,0.0016318075297211557,480,Ensemble
2.1241764068603515,0.10981448378379116,0.03940029144287109,0.006189599354175185,0.1,100,10,100,hard,"[3, 1]","{'gb__learning_rate': 0.1, 'gb__n_estimators': 100, 'rf__max_depth': 10, 'rf__n_estimators': 100, 'voting': 'hard', 'weights': [3, 1]}",0.9353120243531202,0.9345011424219345,0.9367859862909368,0.9398324447829398,0.9360243716679361,0.9364911939033735,0.001834095347493627,499,Ensemble
2.069672632217407,0.07789971852692204,0.038676786422729495,0.006044128838022971,0.1,100,10,100,hard,"[1, 3]","{'gb__learning_rate': 0.1, 'gb__n_estimators': 100, 'rf__max_depth': 10, 'rf__n_estimators': 100, 'voting': 'hard', 'weights': [1, 3]}",0.9375951293759512,0.9367859862909368,0.9352627570449352,0.9345011424219345,0.9390708301599391,0.9366431690587393,0.0016318075297211557,480,Ensemble
2.1106401920318603,0.06392069648363058,0.02965521812438965,0.0015114361718403912,0.1,100,10,100,soft,"[1, 1]","{'gb__learning_rate': 0.1, 'gb__n_estimators': 100, 'rf__max_depth': 10, 'rf__n_estimators': 100, 'voting': 'soft', 'weights': [1, 1]}",0.9360730593607306,0.9329779131759329,0.9360243716679361,0.9375476009139375,0.9367859862909368,0.9358817862818947,0.0015544716815180434,557,Ensemble
2.0723525047302247,0.0682598226378739,0.025384140014648438,0.0042392911591388974,0.1,100,10,100,soft,"[2, 1]","{'gb__learning_rate': 0.1, 'gb__n_estimators': 100, 'rf__max_depth': 10, 'rf__n_estimators': 100, 'voting': 'soft', 'weights': [2, 1]}",0.936834094368341,0.9329779131759329,0.9360243716679361,0.9390708301599391,0.9383092155369384,0.9366432849818175,0.0021223907554343215,478,Ensemble
2.098285102844238,0.12293221001985506,0.029139375686645506,0.0045021876773692505,0.1,100,10,100,soft,"[1, 2]","{'gb__learning_rate': 0.1, 'gb__n_estimators': 100, 'rf__max_depth': 10, 'rf__n_estimators': 100, 'voting': 'soft', 'weights': [1, 2]}",0.9383561643835616,0.9360243716679361,0.9360243716679361,0.9352627570449352,0.9360243716679361,0.936338407286461,0.001051115812277734,545,Ensemble
2.150503969192505,0.034715112405943174,0.033020544052124026,0.004462954727615096,0.1,100,10,100,soft,"[3, 1]","{'gb__learning_rate': 0.1, 'gb__n_estimators': 100, 'rf__max_depth': 10, 'rf__n_estimators': 100, 'voting': 'soft', 'weights': [3, 1]}",0.9353120243531202,0.9337395277989338,0.9352627570449352,0.9398324447829398,0.9383092155369384,0.9364911939033735,0.0022333976087588734,499,Ensemble
2.0731722354888915,0.06375392555274408,0.02781195640563965,0.0034904331470131875,0.1,100,10,100,soft,"[1, 3]","{'gb__learning_rate': 0.1, 'gb__n_estimators': 100, 'rf__max_depth': 10, 'rf__n_estimators': 100, 'voting': 'soft', 'weights': [1, 3]}",0.9375951293759512,0.9352627570449352,0.9345011424219345,0.9367859862909368,0.9360243716679361,0.9360338773603388,0.0010906116623400452,554,Ensemble
2.867590045928955,0.16182908207669977,0.07119569778442383,0.01631192458758642,0.1,100,10,200,hard,"[1, 1]","{'gb__learning_rate': 0.1, 'gb__n_estimators': 100, 'rf__max_depth': 10, 'rf__n_estimators': 200, 'voting': 'hard', 'weights': [1, 1]}",0.9345509893455098,0.9345011424219345,0.9345011424219345,0.9360243716679361,0.9306930693069307,0.9340541430328491,0.0017790497818591445,596,Ensemble
3.05139217376709,0.09018579378446248,0.0636298656463623,0.0048573303050955625,0.1,100,10,200,hard,"[2, 1]","{'gb__learning_rate': 0.1, 'gb__n_estimators': 100, 'rf__max_depth': 10, 'rf__n_estimators': 200, 'voting': 'hard', 'weights': [2, 1]}",0.9345509893455098,0.9352627570449352,0.9345011424219345,0.9428789032749428,0.9345011424219345,0.9363389869018514,0.0032827140234310006,524,Ensemble
2.771921730041504,0.07846546817072439,0.055250024795532225,0.007174718489852846,0.1,100,10,200,hard,"[1, 2]","{'gb__learning_rate': 0.1, 'gb__n_estimators': 100, 'rf__max_depth': 10, 'rf__n_estimators': 200, 'voting': 'hard', 'weights': [1, 2]}",0.9375951293759512,0.9367859862909368,0.9352627570449352,0.9345011424219345,0.9390708301599391,0.9366431690587393,0.0016318075297211557,480,Ensemble
2.7678107738494875,0.1045097457028091,0.055716848373413085,0.006320833413385,0.1,100,10,200,hard,"[3, 1]","{'gb__learning_rate': 0.1, 'gb__n_estimators': 100, 'rf__max_depth': 10, 'rf__n_estimators': 200, 'voting': 'hard', 'weights': [3, 1]}",0.9345509893455098,0.9352627570449352,0.9345011424219345,0.9428789032749428,0.9345011424219345,0.9363389869018514,0.0032827140234310006,524,Ensemble
2.725893831253052,0.2227788523651532,0.0591278076171875,0.001498714678153599,0.1,100,10,200,hard,"[1, 3]","{'gb__learning_rate': 0.1, 'gb__n_estimators': 100, 'rf__max_depth': 10, 'rf__n_estimators': 200, 'voting': 'hard', 'weights': [1, 3]}",0.9375951293759512,0.9367859862909368,0.9352627570449352,0.9345011424219345,0.9390708301599391,0.9366431690587393,0.0016318075297211557,480,Ensemble
2.7757830142974855,0.1090687483111849,0.043725013732910156,0.00517903239503359,0.1,100,10,200,soft,"[1, 1]","{'gb__learning_rate': 0.1, 'gb__n_estimators': 100, 'rf__max_depth': 10, 'rf__n_estimators': 200, 'voting': 'soft', 'weights': [1, 1]}",0.936834094368341,0.9337395277989338,0.9360243716679361,0.9375476009139375,0.9375476009139375,0.9363386391326172,0.0014158246241841735,543,Ensemble
2.7362220764160154,0.14541438193531017,0.046481084823608396,0.0013623527464355048,0.1,100,10,200,soft,"[2, 1]","{'gb__learning_rate': 0.1, 'gb__n_estimators': 100, 'rf__max_depth': 10, 'rf__n_estimators': 200, 'voting': 'soft', 'weights': [2, 1]}",0.936834094368341,0.9329779131759329,0.9360243716679361,0.9398324447829398,0.9383092155369384,0.9367956079064175,0.0023101716764017703,474,Ensemble
2.838270568847656,0.060100876030124276,0.04698481559753418,0.0018560739386778223,0.1,100,10,200,soft,"[1, 2]","{'gb__learning_rate': 0.1, 'gb__n_estimators': 100, 'rf__max_depth': 10, 'rf__n_estimators': 200, 'voting': 'soft', 'weights': [1, 2]}",0.936834094368341,0.9360243716679361,0.9367859862909368,0.9352627570449352,0.9352627570449352,0.9360339932834169,0.0006921500525225272,552,Ensemble
2.7893271446228027,0.06643174108975265,0.04213871955871582,0.006562685584644662,0.1,100,10,200,soft,"[3, 1]","{'gb__learning_rate': 0.1, 'gb__n_estimators': 100, 'rf__max_depth': 10, 'rf__n_estimators': 200, 'voting': 'soft', 'weights': [3, 1]}",0.9360730593607306,0.9329779131759329,0.9352627570449352,0.9405940594059405,0.9383092155369384,0.9366434009048955,0.002609594152983531,476,Ensemble
2.810907077789307,0.12874525855762353,0.04698357582092285,0.0011898799631557611,0.1,100,10,200,soft,"[1, 3]","{'gb__learning_rate': 0.1, 'gb__n_estimators': 100, 'rf__max_depth': 10, 'rf__n_estimators': 200, 'voting': 'soft', 'weights': [1, 3]}",0.9375951293759512,0.9352627570449352,0.9345011424219345,0.9367859862909368,0.9352627570449352,0.9358815544357386,0.0011336396081653853,559,Ensemble
1.72463960647583,0.09979326532775518,0.033879852294921874,0.0005730900390629308,0.1,100,20,50,hard,"[1, 1]","{'gb__learning_rate': 0.1, 'gb__n_estimators': 100, 'rf__max_depth': 20, 'rf__n_estimators': 50, 'voting': 'hard', 'weights': [1, 1]}",0.9375951293759512,0.9337395277989338,0.9367859862909368,0.9345011424219345,0.9345011424219345,0.9354245856619382,0.0014906097090633375,567,Ensemble
1.6675251007080079,0.17320655249287845,0.04261059761047363,0.01698496898686595,0.1,100,20,50,hard,"[2, 1]","{'gb__learning_rate': 0.1, 'gb__n_estimators': 100, 'rf__max_depth': 20, 'rf__n_estimators': 50, 'voting': 'hard', 'weights': [2, 1]}",0.9421613394216134,0.9444021325209444,0.9444021325209444,0.9474485910129474,0.9436405178979437,0.9444109426748787,0.001725209077034642,117,Ensemble
1.72195725440979,0.058969217658546354,0.036058473587036136,0.0018977781896618257,0.1,100,20,50,hard,"[1, 2]","{'gb__learning_rate': 0.1, 'gb__n_estimators': 100, 'rf__max_depth': 20, 'rf__n_estimators': 50, 'voting': 'hard', 'weights': [1, 2]}",0.9375951293759512,0.9367859862909368,0.9352627570449352,0.9345011424219345,0.9390708301599391,0.9366431690587393,0.0016318075297211557,480,Ensemble
1.7988001823425293,0.08010406832101236,0.0341184139251709,0.0011201081349657724,0.1,100,20,50,hard,"[3, 1]","{'gb__learning_rate': 0.1, 'gb__n_estimators': 100, 'rf__max_depth': 20, 'rf__n_estimators': 50, 'voting': 'hard', 'weights': [3, 1]}",0.9421613394216134,0.9444021325209444,0.9444021325209444,0.9474485910129474,0.9436405178979437,0.9444109426748787,0.001725209077034642,117,Ensemble
1.8533540725708009,0.061029229822921464,0.03495969772338867,0.0023466120122417407,0.1,100,20,50,hard,"[1, 3]","{'gb__learning_rate': 0.1, 'gb__n_estimators': 100, 'rf__max_depth': 20, 'rf__n_estimators': 50, 'voting': 'hard', 'weights': [1, 3]}",0.9375951293759512,0.9367859862909368,0.9352627570449352,0.9345011424219345,0.9390708301599391,0.9366431690587393,0.0016318075297211557,480,Ensemble
1.8526361465454102,0.06255345129855305,0.021832895278930665,0.0013656324794393195,0.1,100,20,50,soft,"[1, 1]","{'gb__learning_rate': 0.1, 'gb__n_estimators': 100, 'rf__max_depth': 20, 'rf__n_estimators': 50, 'voting': 'soft', 'weights': [1, 1]}",0.939117199391172,0.9398324447829398,0.9413556740289414,0.9421172886519421,0.9436405178979437,0.9412126249505878,0.0016142644879577907,327,Ensemble
1.819322156906128,0.05927496644234847,0.020145416259765625,0.0031838481933575634,0.1,100,20,50,soft,"[2, 1]","{'gb__learning_rate': 0.1, 'gb__n_estimators': 100, 'rf__max_depth': 20, 'rf__n_estimators': 50, 'voting': 'soft', 'weights': [2, 1]}",0.9406392694063926,0.9413556740289414,0.9436405178979437,0.9444021325209444,0.9444021325209444,0.9428879452750334,0.0015846949181417104,254,Ensemble
1.7697954177856445,0.09636996500970403,0.020236444473266602,0.0017982625346232661,0.1,100,20,50,soft,"[1, 2]","{'gb__learning_rate': 0.1, 'gb__n_estimators': 100, 'rf__max_depth': 20, 'rf__n_estimators': 50, 'voting': 'soft', 'weights': [1, 2]}",0.9383561643835616,0.9375476009139375,0.9398324447829398,0.9398324447829398,0.9421172886519421,0.9395371887030641,0.0015610602849028827,372,Ensemble
1.8176103115081788,0.08132963847706261,0.022352170944213868,0.0015736199238487476,0.1,100,20,50,soft,"[3, 1]","{'gb__learning_rate': 0.1, 'gb__n_estimators': 100, 'rf__max_depth': 20, 'rf__n_estimators': 50, 'voting': 'soft', 'weights': [3, 1]}",0.9421613394216134,0.9413556740289414,0.9444021325209444,0.9444021325209444,0.9436405178979437,0.9431923592780775,0.0012299888939084967,231,Ensemble
1.8071299552917481,0.035822085633963455,0.020678043365478516,8.640310359028143e-05,0.1,100,20,50,soft,"[1, 3]","{'gb__learning_rate': 0.1, 'gb__n_estimators': 100, 'rf__max_depth': 20, 'rf__n_estimators': 50, 'voting': 'soft', 'weights': [1, 3]}",0.9375951293759512,0.9367859862909368,0.9383092155369384,0.9375476009139375,0.9421172886519421,0.9384710441539413,0.0018857720730759396,405,Ensemble
2.220765733718872,0.07234256892258903,0.045054292678833006,0.0006852031267395051,0.1,100,20,100,hard,"[1, 1]","{'gb__learning_rate': 0.1, 'gb__n_estimators': 100, 'rf__max_depth': 20, 'rf__n_estimators': 100, 'voting': 'hard', 'weights': [1, 1]}",0.936834094368341,0.9345011424219345,0.9375476009139375,0.9345011424219345,0.9375476009139375,0.9361863162080171,0.0014003878051981335,548,Ensemble
2.193714427947998,0.0970030563127365,0.04307641983032227,0.004014342622211457,0.1,100,20,100,hard,"[2, 1]","{'gb__learning_rate': 0.1, 'gb__n_estimators': 100, 'rf__max_depth': 20, 'rf__n_estimators': 100, 'voting': 'hard', 'weights': [2, 1]}",0.943683409436834,0.9375476009139375,0.945925361766946,0.9451637471439451,0.9474485910129474,0.943953742054922,0.0034256996332524847,170,Ensemble
2.183068561553955,0.0867026041880182,0.03892292976379395,0.005934841121569491,0.1,100,20,100,hard,"[1, 2]","{'gb__learning_rate': 0.1, 'gb__n_estimators': 100, 'rf__max_depth': 20, 'rf__n_estimators': 100, 'voting': 'hard', 'weights': [1, 2]}",0.9375951293759512,0.9367859862909368,0.9352627570449352,0.9345011424219345,0.9390708301599391,0.9366431690587393,0.0016318075297211557,480,Ensemble
2.224226951599121,0.0588677653276777,0.044339895248413086,0.000700649972263313,0.1,100,20,100,hard,"[3, 1]","{'gb__learning_rate': 0.1, 'gb__n_estimators': 100, 'rf__max_depth': 20, 'rf__n_estimators': 100, 'voting': 'hard', 'weights': [3, 1]}",0.943683409436834,0.9375476009139375,0.945925361766946,0.9451637471439451,0.9474485910129474,0.943953742054922,0.0034256996332524847,170,Ensemble
2.2578555583953857,0.017905832528694942,0.04001317024230957,0.005786519121639167,0.1,100,20,100,hard,"[1, 3]","{'gb__learning_rate': 0.1, 'gb__n_estimators': 100, 'rf__max_depth': 20, 'rf__n_estimators': 100, 'voting': 'hard', 'weights': [1, 3]}",0.9375951293759512,0.9367859862909368,0.9352627570449352,0.9345011424219345,0.9390708301599391,0.9366431690587393,0.0016318075297211557,480,Ensemble
2.1907614707946776,0.13816801848069557,0.030511093139648438,0.004569472489003359,0.1,100,20,100,soft,"[1, 1]","{'gb__learning_rate': 0.1, 'gb__n_estimators': 100, 'rf__max_depth': 20, 'rf__n_estimators': 100, 'voting': 'soft', 'weights': [1, 1]}",0.941400304414003,0.9390708301599391,0.9413556740289414,0.9413556740289414,0.9436405178979437,0.9413646001059537,0.0014451724124443668,324,Ensemble
2.2439278602600097,0.04815907052388176,0.031085205078125,0.0036999463917504866,0.1,100,20,100,soft,"[2, 1]","{'gb__learning_rate': 0.1, 'gb__n_estimators': 100, 'rf__max_depth': 20, 'rf__n_estimators': 100, 'voting': 'soft', 'weights': [2, 1]}",0.943683409436834,0.9405940594059405,0.9451637471439451,0.9436405178979437,0.945925361766946,0.9438014191303219,0.0018272406429528558,192,Ensemble
2.225379228591919,0.06298097954784815,0.03308687210083008,0.002050092766199029,0.1,100,20,100,soft,"[1, 2]","{'gb__learning_rate': 0.1, 'gb__n_estimators': 100, 'rf__max_depth': 20, 'rf__n_estimators': 100, 'voting': 'soft', 'weights': [1, 2]}",0.9375951293759512,0.9375476009139375,0.9390708301599391,0.9383092155369384,0.9421172886519421,0.9389280129277416,0.0016886031214077542,392,Ensemble
2.204410362243652,0.052258215583069166,0.03018636703491211,0.0023067606388109774,0.1,100,20,100,soft,"[3, 1]","{'gb__learning_rate': 0.1, 'gb__n_estimators': 100, 'rf__max_depth': 20, 'rf__n_estimators': 100, 'voting': 'soft', 'weights': [3, 1]}",0.943683409436834,0.9398324447829398,0.945925361766946,0.9428789032749428,0.945925361766946,0.9436490962057217,0.002259379226332109,199,Ensemble
2.1123425483703615,0.1491177425534293,0.028721046447753907,0.0034903709912534418,0.1,100,20,100,soft,"[1, 3]","{'gb__learning_rate': 0.1, 'gb__n_estimators': 100, 'rf__max_depth': 20, 'rf__n_estimators': 100, 'voting': 'soft', 'weights': [1, 3]}",0.939117199391172,0.9367859862909368,0.9367859862909368,0.9383092155369384,0.9421172886519421,0.9386231352323853,0.0019647893298630472,403,Ensemble
3.0911951541900633,0.1099461130262758,0.06698260307312012,0.0034203023386932497,0.1,100,20,200,hard,"[1, 1]","{'gb__learning_rate': 0.1, 'gb__n_estimators': 100, 'rf__max_depth': 20, 'rf__n_estimators': 200, 'voting': 'hard', 'weights': [1, 1]}",0.9383561643835616,0.9329779131759329,0.9383092155369384,0.9352627570449352,0.9375476009139375,0.9364907302110611,0.002085737799148014,523,Ensemble
3.1637478351593016,0.06314038850601858,0.06773967742919922,0.0034075916792175405,0.1,100,20,200,hard,"[2, 1]","{'gb__learning_rate': 0.1, 'gb__n_estimators': 100, 'rf__max_depth': 20, 'rf__n_estimators': 200, 'voting': 'hard', 'weights': [2, 1]}",0.9444444444444444,0.9390708301599391,0.9474485910129474,0.948971820258949,0.9504950495049505,0.9460861470762459,0.0040381095277703385,46,Ensemble
3.094390296936035,0.0641912336900234,0.06507611274719238,0.0010937531039606908,0.1,100,20,200,hard,"[1, 2]","{'gb__learning_rate': 0.1, 'gb__n_estimators': 100, 'rf__max_depth': 20, 'rf__n_estimators': 200, 'voting': 'hard', 'weights': [1, 2]}",0.9375951293759512,0.9367859862909368,0.9352627570449352,0.9345011424219345,0.9390708301599391,0.9366431690587393,0.0016318075297211557,480,Ensemble
2.9575254917144775,0.2124280215895305,0.06525955200195313,0.0012185674533339963,0.1,100,20,200,hard,"[3, 1]","{'gb__learning_rate': 0.1, 'gb__n_estimators': 100, 'rf__max_depth': 20, 'rf__n_estimators': 200, 'voting': 'hard', 'weights': [3, 1]}",0.9444444444444444,0.9390708301599391,0.9474485910129474,0.948971820258949,0.9504950495049505,0.9460861470762459,0.0040381095277703385,46,Ensemble
3.104647731781006,0.09270440075516242,0.06894006729125976,0.0034697022726698098,0.1,100,20,200,hard,"[1, 3]","{'gb__learning_rate': 0.1, 'gb__n_estimators': 100, 'rf__max_depth': 20, 'rf__n_estimators': 200, 'voting': 'hard', 'weights': [1, 3]}",0.9375951293759512,0.9367859862909368,0.9352627570449352,0.9345011424219345,0.9390708301599391,0.9366431690587393,0.0016318075297211557,480,Ensemble
3.090228319168091,0.060186814021759474,0.053405141830444335,0.0024489706476817277,0.1,100,20,200,soft,"[1, 1]","{'gb__learning_rate': 0.1, 'gb__n_estimators': 100, 'rf__max_depth': 20, 'rf__n_estimators': 200, 'voting': 'soft', 'weights': [1, 1]}",0.9406392694063926,0.9398324447829398,0.9405940594059405,0.9428789032749428,0.9444021325209444,0.941669361878232,0.0017042685292207268,292,Ensemble
3.174101734161377,0.03312162284887725,0.053500032424926756,0.0009718883518327926,0.1,100,20,200,soft,"[2, 1]","{'gb__learning_rate': 0.1, 'gb__n_estimators': 100, 'rf__max_depth': 20, 'rf__n_estimators': 200, 'voting': 'soft', 'weights': [2, 1]}",0.943683409436834,0.9390708301599391,0.9436405178979437,0.9444021325209444,0.9482102056359482,0.9438014191303218,0.0029057371708711313,193,Ensemble
3.0162757873535155,0.16610536185825578,0.057290840148925784,0.010165453808116988,0.1,100,20,200,soft,"[1, 2]","{'gb__learning_rate': 0.1, 'gb__n_estimators': 100, 'rf__max_depth': 20, 'rf__n_estimators': 200, 'voting': 'soft', 'weights': [1, 2]}",0.9383561643835616,0.9375476009139375,0.9367859862909368,0.9390708301599391,0.9413556740289414,0.9386232511554633,0.001566547968815299,401,Ensemble
3.1277323246002195,0.046084022911996966,0.05334386825561523,0.003386901477807229,0.1,100,20,200,soft,"[3, 1]","{'gb__learning_rate': 0.1, 'gb__n_estimators': 100, 'rf__max_depth': 20, 'rf__n_estimators': 200, 'voting': 'soft', 'weights': [3, 1]}",0.943683409436834,0.9405940594059405,0.9436405178979437,0.9451637471439451,0.9482102056359482,0.9442583879041223,0.002472901359281164,142,Ensemble
3.1123602390289307,0.07675900266068293,0.05526914596557617,0.007040652159130385,0.1,100,20,200,soft,"[1, 3]","{'gb__learning_rate': 0.1, 'gb__n_estimators': 100, 'rf__max_depth': 20, 'rf__n_estimators': 200, 'voting': 'soft', 'weights': [1, 3]}",0.9383561643835616,0.9375476009139375,0.9360243716679361,0.9390708301599391,0.9413556740289414,0.9384709282308632,0.0017625540408435243,406,Ensemble
3.1047407150268556,0.09243774414340451,0.035671567916870116,0.0004637064869128025,0.1,200,,50,hard,"[1, 1]","{'gb__learning_rate': 0.1, 'gb__n_estimators': 200, 'rf__max_depth': None, 'rf__n_estimators': 50, 'voting': 'hard', 'weights': [1, 1]}",0.9406392694063926,0.9383092155369384,0.9405940594059405,0.9390708301599391,0.9413556740289414,0.9399938097076305,0.0011243968265780152,358,Ensemble
3.244337034225464,0.05809084586899253,0.03795404434204101,0.0022303282272123502,0.1,200,,50,hard,"[2, 1]","{'gb__learning_rate': 0.1, 'gb__n_estimators': 200, 'rf__max_depth': None, 'rf__n_estimators': 50, 'voting': 'hard', 'weights': [2, 1]}",0.939117199391172,0.9398324447829398,0.9444021325209444,0.9474485910129474,0.9466869763899467,0.9434974688195901,0.003441566590827775,202,Ensemble
3.2514726161956786,0.06474575119060033,0.038327693939208984,0.0017479989784529425,0.1,200,,50,hard,"[1, 2]","{'gb__learning_rate': 0.1, 'gb__n_estimators': 200, 'rf__max_depth': None, 'rf__n_estimators': 50, 'voting': 'hard', 'weights': [1, 2]}",0.9452054794520548,0.9436405178979437,0.9405940594059405,0.9413556740289414,0.9451637471439451,0.943191895585765,0.0019112531468130128,234,Ensemble
3.0674208641052245,0.2541107225667484,0.03656816482543945,0.0007751851941612524,0.1,200,,50,hard,"[3, 1]","{'gb__learning_rate': 0.1, 'gb__n_estimators': 200, 'rf__max_depth': None, 'rf__n_estimators': 50, 'voting': 'hard', 'weights': [3, 1]}",0.939117199391172,0.9398324447829398,0.9444021325209444,0.9474485910129474,0.9466869763899467,0.9434974688195901,0.003441566590827775,202,Ensemble
3.1802754402160645,0.045474468907294174,0.03672318458557129,0.0017625095251648972,0.1,200,,50,hard,"[1, 3]","{'gb__learning_rate': 0.1, 'gb__n_estimators': 200, 'rf__max_depth': None, 'rf__n_estimators': 50, 'voting': 'hard', 'weights': [1, 3]}",0.9452054794520548,0.9436405178979437,0.9405940594059405,0.9413556740289414,0.9451637471439451,0.943191895585765,0.0019112531468130128,234,Ensemble
3.188847208023071,0.040550625456520314,0.025207090377807616,0.0026423924061554755,0.1,200,,50,soft,"[1, 1]","{'gb__learning_rate': 0.1, 'gb__n_estimators': 200, 'rf__max_depth': None, 'rf__n_estimators': 50, 'voting': 'soft', 'weights': [1, 1]}",0.9421613394216134,0.9436405178979437,0.9451637471439451,0.9436405178979437,0.9436405178979437,0.9436493280518778,0.0009495059985751752,195,Ensemble
3.121282529830933,0.15027936719760662,0.022016000747680665,0.002437774936922221,0.1,200,,50,soft,"[2, 1]","{'gb__learning_rate': 0.1, 'gb__n_estimators': 200, 'rf__max_depth': None, 'rf__n_estimators': 50, 'voting': 'soft', 'weights': [2, 1]}",0.9452054794520548,0.9421172886519421,0.945925361766946,0.9451637471439451,0.9466869763899467,0.945019770680967,0.0015543029942338886,79,Ensemble
3.184580612182617,0.04944101732672292,0.024337911605834962,0.001684022593636163,0.1,200,,50,soft,"[1, 2]","{'gb__learning_rate': 0.1, 'gb__n_estimators': 200, 'rf__max_depth': None, 'rf__n_estimators': 50, 'voting': 'soft', 'weights': [1, 2]}",0.9429223744292238,0.9428789032749428,0.9421172886519421,0.9451637471439451,0.9444021325209444,0.9434968892041997,0.0011147333648023545,223,Ensemble
3.175891637802124,0.03814987839718413,0.023535919189453126,0.00040762185101448587,0.1,200,,50,soft,"[3, 1]","{'gb__learning_rate': 0.1, 'gb__n_estimators': 200, 'rf__max_depth': None, 'rf__n_estimators': 50, 'voting': 'soft', 'weights': [3, 1]}",0.9429223744292238,0.9421172886519421,0.945925361766946,0.945925361766946,0.9474485910129474,0.9448677955256011,0.0020123294641507944,81,Ensemble
3.128455638885498,0.16423186564675082,0.02362852096557617,0.0006849191142302624,0.1,200,,50,soft,"[1, 3]","{'gb__learning_rate': 0.1, 'gb__n_estimators': 200, 'rf__max_depth': None, 'rf__n_estimators': 50, 'voting': 'soft', 'weights': [1, 3]}",0.941400304414003,0.9428789032749428,0.9421172886519421,0.9428789032749428,0.9444021325209444,0.942735506427355,0.000998371221733177,260,Ensemble
3.597990083694458,0.09652289609559754,0.04661121368408203,0.0011804666786970832,0.1,200,,100,hard,"[1, 1]","{'gb__learning_rate': 0.1, 'gb__n_estimators': 200, 'rf__max_depth': None, 'rf__n_estimators': 100, 'voting': 'hard', 'weights': [1, 1]}",0.9421613394216134,0.9375476009139375,0.9413556740289414,0.9375476009139375,0.9421172886519421,0.9401459007860744,0.0021407586861467453,353,Ensemble
3.6168822288513183,0.04795011930159428,0.04688177108764648,0.0009730873917614906,0.1,200,,100,hard,"[2, 1]","{'gb__learning_rate': 0.1, 'gb__n_estimators': 200, 'rf__max_depth': None, 'rf__n_estimators': 100, 'voting': 'hard', 'weights': [2, 1]}",0.943683409436834,0.9398324447829398,0.9474485910129474,0.9428789032749428,0.9474485910129474,0.9442583879041223,0.0029043877958373652,142,Ensemble
3.59968581199646,0.12252908500023599,0.05079388618469238,0.008015342954805731,0.1,200,,100,hard,"[1, 2]","{'gb__learning_rate': 0.1, 'gb__n_estimators': 200, 'rf__max_depth': None, 'rf__n_estimators': 100, 'voting': 'hard', 'weights': [1, 2]}",0.9452054794520548,0.9436405178979437,0.9405940594059405,0.9413556740289414,0.9451637471439451,0.943191895585765,0.0019112531468130128,234,Ensemble
3.646901559829712,0.11993498842369547,0.04865684509277344,0.0007850314911575129,0.1,200,,100,hard,"[3, 1]","{'gb__learning_rate': 0.1, 'gb__n_estimators': 200, 'rf__max_depth': None, 'rf__n_estimators': 100, 'voting': 'hard', 'weights': [3, 1]}",0.943683409436834,0.9398324447829398,0.9474485910129474,0.9428789032749428,0.9474485910129474,0.9442583879041223,0.0029043877958373652,142,Ensemble
3.6842794895172117,0.0552943228161643,0.04862890243530273,0.0014639922162311113,0.1,200,,100,hard,"[1, 3]","{'gb__learning_rate': 0.1, 'gb__n_estimators': 200, 'rf__max_depth': None, 'rf__n_estimators': 100, 'voting': 'hard', 'weights': [1, 3]}",0.9452054794520548,0.9436405178979437,0.9405940594059405,0.9413556740289414,0.9451637471439451,0.943191895585765,0.0019112531468130128,234,Ensemble
3.5805861949920654,0.03263458285638999,0.033777284622192386,0.0007863194294762784,0.1,200,,100,soft,"[1, 1]","{'gb__learning_rate': 0.1, 'gb__n_estimators': 200, 'rf__max_depth': None, 'rf__n_estimators': 100, 'voting': 'soft', 'weights': [1, 1]}",0.943683409436834,0.9451637471439451,0.9466869763899467,0.9436405178979437,0.9451637471439451,0.9448676796025228,0.0011308027638297202,100,Ensemble
3.636414575576782,0.08419284465774958,0.034145259857177736,0.0005380579149676699,0.1,200,,100,soft,"[2, 1]","{'gb__learning_rate': 0.1, 'gb__n_estimators': 200, 'rf__max_depth': None, 'rf__n_estimators': 100, 'voting': 'soft', 'weights': [2, 1]}",0.9452054794520548,0.9405940594059405,0.9482102056359482,0.9436405178979437,0.9451637471439451,0.9445628019071665,0.0024770647306740414,113,Ensemble
3.684003400802612,0.0544246937428818,0.0339777946472168,0.00032388092605258826,0.1,200,,100,soft,"[1, 2]","{'gb__learning_rate': 0.1, 'gb__n_estimators': 200, 'rf__max_depth': None, 'rf__n_estimators': 100, 'voting': 'soft', 'weights': [1, 2]}",0.9429223744292238,0.9444021325209444,0.9421172886519421,0.9421172886519421,0.9428789032749428,0.942887597505799,0.0008344882020514368,259,Ensemble
3.647008943557739,0.07518532397700882,0.037425899505615236,0.005719416679088449,0.1,200,,100,soft,"[3, 1]","{'gb__learning_rate': 0.1, 'gb__n_estimators': 200, 'rf__max_depth': None, 'rf__n_estimators': 100, 'voting': 'soft', 'weights': [3, 1]}",0.9452054794520548,0.9390708301599391,0.9474485910129474,0.9436405178979437,0.9466869763899467,0.9444104789825662,0.0029715073791683777,140,Ensemble
3.694762849807739,0.05162328360670904,0.03741931915283203,0.005278734120686153,0.1,200,,100,soft,"[1, 3]","{'gb__learning_rate': 0.1, 'gb__n_estimators': 200, 'rf__max_depth': None, 'rf__n_estimators': 100, 'voting': 'soft', 'weights': [1, 3]}",0.941400304414003,0.9421172886519421,0.9413556740289414,0.9413556740289414,0.9428789032749428,0.9418215688797542,0.0006028243493828389,283,Ensemble
4.566941022872925,0.05440210508882956,0.06992988586425782,0.0030796227476192627,0.1,200,,200,hard,"[1, 1]","{'gb__learning_rate': 0.1, 'gb__n_estimators': 200, 'rf__max_depth': None, 'rf__n_estimators': 200, 'voting': 'hard', 'weights': [1, 1]}",0.941400304414003,0.9383092155369384,0.9413556740289414,0.9383092155369384,0.9398324447829398,0.9398413708599522,0.0013724771368650432,361,Ensemble
4.551379013061523,0.06709825891598131,0.06793198585510254,0.0009494362192907358,0.1,200,,200,hard,"[2, 1]","{'gb__learning_rate': 0.1, 'gb__n_estimators': 200, 'rf__max_depth': None, 'rf__n_estimators': 200, 'voting': 'hard', 'weights': [2, 1]}",0.9429223744292238,0.9405940594059405,0.9474485910129474,0.945925361766946,0.9474485910129474,0.9448677955256011,0.0027014418636190523,81,Ensemble
4.461445951461792,0.3098282079249333,0.06868038177490235,0.0015665948053399617,0.1,200,,200,hard,"[1, 2]","{'gb__learning_rate': 0.1, 'gb__n_estimators': 200, 'rf__max_depth': None, 'rf__n_estimators': 200, 'voting': 'hard', 'weights': [1, 2]}",0.9452054794520548,0.9436405178979437,0.9405940594059405,0.9413556740289414,0.9451637471439451,0.943191895585765,0.0019112531468130128,234,Ensemble
4.564715766906739,0.07192738130681431,0.06433525085449218,0.007650848528051876,0.1,200,,200,hard,"[3, 1]","{'gb__learning_rate': 0.1, 'gb__n_estimators': 200, 'rf__max_depth': None, 'rf__n_estimators': 200, 'voting': 'hard', 'weights': [3, 1]}",0.9429223744292238,0.9405940594059405,0.9474485910129474,0.945925361766946,0.9474485910129474,0.9448677955256011,0.0027014418636190523,81,Ensemble
4.547177982330322,0.13429919121871625,0.06863422393798828,0.0018859925670717337,0.1,200,,200,hard,"[1, 3]","{'gb__learning_rate': 0.1, 'gb__n_estimators': 200, 'rf__max_depth': None, 'rf__n_estimators': 200, 'voting': 'hard', 'weights': [1, 3]}",0.9452054794520548,0.9436405178979437,0.9405940594059405,0.9413556740289414,0.9451637471439451,0.943191895585765,0.0019112531468130128,234,Ensemble
4.541266441345215,0.07160975231709626,0.05536255836486816,0.0006826520498003115,0.1,200,,200,soft,"[1, 1]","{'gb__learning_rate': 0.1, 'gb__n_estimators': 200, 'rf__max_depth': None, 'rf__n_estimators': 200, 'voting': 'soft', 'weights': [1, 1]}",0.943683409436834,0.9444021325209444,0.945925361766946,0.9428789032749428,0.945925361766946,0.9445630337533226,0.0012122540036108305,112,Ensemble
4.516669797897339,0.09198400035914545,0.055147218704223636,0.0007852463690434184,0.1,200,,200,soft,"[2, 1]","{'gb__learning_rate': 0.1, 'gb__n_estimators': 200, 'rf__max_depth': None, 'rf__n_estimators': 200, 'voting': 'soft', 'weights': [2, 1]}",0.9452054794520548,0.9421172886519421,0.9474485910129474,0.9451637471439451,0.945925361766946,0.9451720936055672,0.0017368287740370696,75,Ensemble
4.507407140731812,0.08447276570689852,0.05585660934448242,0.000760806299354286,0.1,200,,200,soft,"[1, 2]","{'gb__learning_rate': 0.1, 'gb__n_estimators': 200, 'rf__max_depth': None, 'rf__n_estimators': 200, 'voting': 'soft', 'weights': [1, 2]}",0.9429223744292238,0.9436405178979437,0.9421172886519421,0.9421172886519421,0.9428789032749428,0.9427352745811989,0.000572523228319579,262,Ensemble
4.566398668289184,0.0705203212299491,0.05696721076965332,0.002425290921261487,0.1,200,,200,soft,"[3, 1]","{'gb__learning_rate': 0.1, 'gb__n_estimators': 200, 'rf__max_depth': None, 'rf__n_estimators': 200, 'voting': 'soft', 'weights': [3, 1]}",0.9452054794520548,0.9405940594059405,0.9482102056359482,0.9466869763899467,0.9482102056359482,0.9457813853039676,0.002823418111002999,67,Ensemble
4.551695728302002,0.07552953616696813,0.05494985580444336,0.0011356264863004249,0.1,200,,200,soft,"[1, 3]","{'gb__learning_rate': 0.1, 'gb__n_estimators': 200, 'rf__max_depth': None, 'rf__n_estimators': 200, 'voting': 'soft', 'weights': [1, 3]}",0.9421613394216134,0.9413556740289414,0.9413556740289414,0.9405940594059405,0.9428789032749428,0.9416691300320759,0.0007820623460168464,296,Ensemble
3.1023510456085206,0.1720230657883707,0.03592214584350586,0.003420051692134321,0.1,200,10,50,hard,"[1, 1]","{'gb__learning_rate': 0.1, 'gb__n_estimators': 200, 'rf__max_depth': 10, 'rf__n_estimators': 50, 'voting': 'hard', 'weights': [1, 1]}",0.9383561643835616,0.9367859862909368,0.9383092155369384,0.9360243716679361,0.9360243716679361,0.9371000219094618,0.0010442900361354287,469,Ensemble
3.1723866939544676,0.05451797452172123,0.03504338264465332,0.0012116002128111732,0.1,200,10,50,hard,"[2, 1]","{'gb__learning_rate': 0.1, 'gb__n_estimators': 200, 'rf__max_depth': 10, 'rf__n_estimators': 50, 'voting': 'hard', 'weights': [2, 1]}",0.9375951293759512,0.9367859862909368,0.9390708301599391,0.9375476009139375,0.9367859862909368,0.9375571066063403,0.0008345235967392048,420,Ensemble
3.202246379852295,0.059941054696323326,0.03545851707458496,0.0012096571943706804,0.1,200,10,50,hard,"[1, 2]","{'gb__learning_rate': 0.1, 'gb__n_estimators': 200, 'rf__max_depth': 10, 'rf__n_estimators': 50, 'voting': 'hard', 'weights': [1, 2]}",0.9452054794520548,0.9436405178979437,0.9405940594059405,0.9413556740289414,0.9451637471439451,0.943191895585765,0.0019112531468130128,234,Ensemble
3.1462910175323486,0.035358969846533715,0.03365864753723145,0.0017569843720953897,0.1,200,10,50,hard,"[3, 1]","{'gb__learning_rate': 0.1, 'gb__n_estimators': 200, 'rf__max_depth': 10, 'rf__n_estimators': 50, 'voting': 'hard', 'weights': [3, 1]}",0.9375951293759512,0.9367859862909368,0.9390708301599391,0.9375476009139375,0.9367859862909368,0.9375571066063403,0.0008345235967392048,420,Ensemble
3.1817904472351075,0.03768133180966061,0.03510279655456543,0.0007908190146972241,0.1,200,10,50,hard,"[1, 3]","{'gb__learning_rate': 0.1, 'gb__n_estimators': 200, 'rf__max_depth': 10, 'rf__n_estimators': 50, 'voting': 'hard', 'weights': [1, 3]}",0.9452054794520548,0.9436405178979437,0.9405940594059405,0.9413556740289414,0.9451637471439451,0.943191895585765,0.0019112531468130128,234,Ensemble
3.1425647735595703,0.05910692263678099,0.023969364166259766,0.004679464536796417,0.1,200,10,50,soft,"[1, 1]","{'gb__learning_rate': 0.1, 'gb__n_estimators': 200, 'rf__max_depth': 10, 'rf__n_estimators': 50, 'voting': 'soft', 'weights': [1, 1]}",0.9406392694063926,0.9390708301599391,0.9398324447829398,0.9451637471439451,0.9428789032749428,0.9415170389536319,0.0022246541041378875,317,Ensemble
3.1806833744049072,0.06011366539193225,0.023153400421142577,0.0013850453829794883,0.1,200,10,50,soft,"[2, 1]","{'gb__learning_rate': 0.1, 'gb__n_estimators': 200, 'rf__max_depth': 10, 'rf__n_estimators': 50, 'voting': 'soft', 'weights': [2, 1]}",0.9421613394216134,0.9360243716679361,0.9398324447829398,0.9413556740289414,0.9398324447829398,0.9398412549368741,0.002109265764623781,363,Ensemble
3.1585468292236327,0.03345226751288913,0.022315025329589844,0.0010094976667410578,0.1,200,10,50,soft,"[1, 2]","{'gb__learning_rate': 0.1, 'gb__n_estimators': 200, 'rf__max_depth': 10, 'rf__n_estimators': 50, 'voting': 'soft', 'weights': [1, 2]}",0.9398782343987824,0.9390708301599391,0.9421172886519421,0.9444021325209444,0.9413556740289414,0.94136483195211,0.0018581650199142076,322,Ensemble
3.2057422161102296,0.10630233355961727,0.022084712982177734,0.0006342113822171695,0.1,200,10,50,soft,"[3, 1]","{'gb__learning_rate': 0.1, 'gb__n_estimators': 200, 'rf__max_depth': 10, 'rf__n_estimators': 50, 'voting': 'soft', 'weights': [3, 1]}",0.941400304414003,0.9360243716679361,0.9375476009139375,0.9390708301599391,0.9383092155369384,0.9384704645385508,0.0017779454106896782,412,Ensemble
3.2370996952056883,0.05273608946183764,0.024099349975585938,0.003152837254951924,0.1,200,10,50,soft,"[1, 3]","{'gb__learning_rate': 0.1, 'gb__n_estimators': 200, 'rf__max_depth': 10, 'rf__n_estimators': 50, 'voting': 'soft', 'weights': [1, 3]}",0.9429223744292238,0.9405940594059405,0.9405940594059405,0.9421172886519421,0.9428789032749428,0.941821337033598,0.0010421840348514434,287,Ensemble
3.631815958023071,0.11145285551640913,0.04514403343200683,0.0013381188188624276,0.1,200,10,100,hard,"[1, 1]","{'gb__learning_rate': 0.1, 'gb__n_estimators': 200, 'rf__max_depth': 10, 'rf__n_estimators': 100, 'voting': 'hard', 'weights': [1, 1]}",0.936834094368341,0.9360243716679361,0.9367859862909368,0.9375476009139375,0.9345011424219345,0.9363386391326172,0.0010375299668426723,543,Ensemble
3.587610626220703,0.05385339901393453,0.0442967414855957,0.0003340673623276749,0.1,200,10,100,hard,"[2, 1]","{'gb__learning_rate': 0.1, 'gb__n_estimators': 200, 'rf__max_depth': 10, 'rf__n_estimators': 100, 'voting': 'hard', 'weights': [2, 1]}",0.9353120243531202,0.9345011424219345,0.9367859862909368,0.9398324447829398,0.9360243716679361,0.9364911939033735,0.001834095347493627,499,Ensemble
3.5006376266479493,0.035025075767072096,0.04390010833740234,0.0002942347476224114,0.1,200,10,100,hard,"[1, 2]","{'gb__learning_rate': 0.1, 'gb__n_estimators': 200, 'rf__max_depth': 10, 'rf__n_estimators': 100, 'voting': 'hard', 'weights': [1, 2]}",0.9452054794520548,0.9436405178979437,0.9405940594059405,0.9413556740289414,0.9451637471439451,0.943191895585765,0.0019112531468130128,234,Ensemble
3.5287710189819337,0.03184477721768752,0.043400907516479494,0.00040739105504448064,0.1,200,10,100,hard,"[3, 1]","{'gb__learning_rate': 0.1, 'gb__n_estimators': 200, 'rf__max_depth': 10, 'rf__n_estimators': 100, 'voting': 'hard', 'weights': [3, 1]}",0.9353120243531202,0.9345011424219345,0.9367859862909368,0.9398324447829398,0.9360243716679361,0.9364911939033735,0.001834095347493627,499,Ensemble
3.5517343521118163,0.05360140379797025,0.044107580184936525,0.0005486788170424897,0.1,200,10,100,hard,"[1, 3]","{'gb__learning_rate': 0.1, 'gb__n_estimators': 200, 'rf__max_depth': 10, 'rf__n_estimators': 100, 'voting': 'hard', 'weights': [1, 3]}",0.9452054794520548,0.9436405178979437,0.9405940594059405,0.9413556740289414,0.9451637471439451,0.943191895585765,0.0019112531468130128,234,Ensemble
3.5611361980438234,0.050378822073117,0.031208038330078125,0.0004342567806787044,0.1,200,10,100,soft,"[1, 1]","{'gb__learning_rate': 0.1, 'gb__n_estimators': 200, 'rf__max_depth': 10, 'rf__n_estimators': 100, 'voting': 'soft', 'weights': [1, 1]}",0.9421613394216134,0.9383092155369384,0.9398324447829398,0.9428789032749428,0.9413556740289414,0.9409075154090752,0.0016471933703966495,338,Ensemble
3.53533878326416,0.044613960800861496,0.03518819808959961,0.008498958011950528,0.1,200,10,100,soft,"[2, 1]","{'gb__learning_rate': 0.1, 'gb__n_estimators': 200, 'rf__max_depth': 10, 'rf__n_estimators': 100, 'voting': 'soft', 'weights': [2, 1]}",0.941400304414003,0.9360243716679361,0.9405940594059405,0.9405940594059405,0.9390708301599391,0.9395367250107519,0.0019111527545187562,375,Ensemble
3.5890200614929197,0.07684827722118745,0.031300830841064456,0.0005756534786950486,0.1,200,10,100,soft,"[1, 2]","{'gb__learning_rate': 0.1, 'gb__n_estimators': 200, 'rf__max_depth': 10, 'rf__n_estimators': 100, 'voting': 'soft', 'weights': [1, 2]}",0.9398782343987824,0.9405940594059405,0.9421172886519421,0.9444021325209444,0.9421172886519421,0.9418218007259103,0.0015567618455005696,282,Ensemble
3.558854103088379,0.11128676506474909,0.03146448135375977,0.0012308423614794943,0.1,200,10,100,soft,"[3, 1]","{'gb__learning_rate': 0.1, 'gb__n_estimators': 200, 'rf__max_depth': 10, 'rf__n_estimators': 100, 'voting': 'soft', 'weights': [3, 1]}",0.939117199391172,0.9352627570449352,0.9375476009139375,0.9413556740289414,0.9390708301599391,0.938470812307785,0.0020121730880763946,409,Ensemble
3.5992292881011965,0.04527410512002728,0.032178735733032225,0.0003969521591369511,0.1,200,10,100,soft,"[1, 3]","{'gb__learning_rate': 0.1, 'gb__n_estimators': 200, 'rf__max_depth': 10, 'rf__n_estimators': 100, 'voting': 'soft', 'weights': [1, 3]}",0.9429223744292238,0.9405940594059405,0.9405940594059405,0.9428789032749428,0.9428789032749428,0.941973659958198,0.0011265509700083944,281,Ensemble
4.352844667434693,0.04007649909382414,0.06205096244812012,0.0009434745199083135,0.1,200,10,200,hard,"[1, 1]","{'gb__learning_rate': 0.1, 'gb__n_estimators': 200, 'rf__max_depth': 10, 'rf__n_estimators': 200, 'voting': 'hard', 'weights': [1, 1]}",0.9360730593607306,0.9360243716679361,0.9345011424219345,0.9398324447829398,0.9329779131759329,0.9358817862818947,0.0022804944664898373,557,Ensemble
4.434458589553833,0.2073478161006474,0.06373653411865235,0.0018648250746248988,0.1,200,10,200,hard,"[2, 1]","{'gb__learning_rate': 0.1, 'gb__n_estimators': 200, 'rf__max_depth': 10, 'rf__n_estimators': 200, 'voting': 'hard', 'weights': [2, 1]}",0.9345509893455098,0.9352627570449352,0.9345011424219345,0.9428789032749428,0.9345011424219345,0.9363389869018514,0.0032827140234310006,524,Ensemble
4.29278416633606,0.08022620187105624,0.06217546463012695,0.000571075923717964,0.1,200,10,200,hard,"[1, 2]","{'gb__learning_rate': 0.1, 'gb__n_estimators': 200, 'rf__max_depth': 10, 'rf__n_estimators': 200, 'voting': 'hard', 'weights': [1, 2]}",0.9452054794520548,0.9436405178979437,0.9405940594059405,0.9413556740289414,0.9451637471439451,0.943191895585765,0.0019112531468130128,234,Ensemble
4.402199602127075,0.08104061811544884,0.061956262588500975,0.0005844618082284669,0.1,200,10,200,hard,"[3, 1]","{'gb__learning_rate': 0.1, 'gb__n_estimators': 200, 'rf__max_depth': 10, 'rf__n_estimators': 200, 'voting': 'hard', 'weights': [3, 1]}",0.9345509893455098,0.9352627570449352,0.9345011424219345,0.9428789032749428,0.9345011424219345,0.9363389869018514,0.0032827140234310006,524,Ensemble
4.3039380550384525,0.051959508419478474,0.061767959594726564,0.0011119018727830004,0.1,200,10,200,hard,"[1, 3]","{'gb__learning_rate': 0.1, 'gb__n_estimators': 200, 'rf__max_depth': 10, 'rf__n_estimators': 200, 'voting': 'hard', 'weights': [1, 3]}",0.9452054794520548,0.9436405178979437,0.9405940594059405,0.9413556740289414,0.9451637471439451,0.943191895585765,0.0019112531468130128,234,Ensemble
4.272932529449463,0.04344124033391479,0.0485445499420166,0.00036514266111136806,0.1,200,10,200,soft,"[1, 1]","{'gb__learning_rate': 0.1, 'gb__n_estimators': 200, 'rf__max_depth': 10, 'rf__n_estimators': 200, 'voting': 'soft', 'weights': [1, 1]}",0.941400304414003,0.9375476009139375,0.9398324447829398,0.9428789032749428,0.9428789032749428,0.9409076313321532,0.002022888204394039,337,Ensemble
4.260648012161255,0.026646550769255595,0.049539947509765626,0.0008511862174506005,0.1,200,10,200,soft,"[2, 1]","{'gb__learning_rate': 0.1, 'gb__n_estimators': 200, 'rf__max_depth': 10, 'rf__n_estimators': 200, 'voting': 'soft', 'weights': [2, 1]}",0.9429223744292238,0.9375476009139375,0.9383092155369384,0.9413556740289414,0.9390708301599391,0.9398411390137958,0.001999415428677503,365,Ensemble
4.355409812927246,0.06594328210451415,0.04661402702331543,0.004970592801334485,0.1,200,10,200,soft,"[1, 2]","{'gb__learning_rate': 0.1, 'gb__n_estimators': 200, 'rf__max_depth': 10, 'rf__n_estimators': 200, 'voting': 'soft', 'weights': [1, 2]}",0.9398782343987824,0.9398324447829398,0.9428789032749428,0.9436405178979437,0.9421172886519421,0.94166947780131,0.0015576576539429053,291,Ensemble
4.2571035861969,0.06475264731420839,0.04597725868225098,0.0059139787467845685,0.1,200,10,200,soft,"[3, 1]","{'gb__learning_rate': 0.1, 'gb__n_estimators': 200, 'rf__max_depth': 10, 'rf__n_estimators': 200, 'voting': 'soft', 'weights': [3, 1]}",0.9398782343987824,0.9367859862909368,0.9375476009139375,0.9398324447829398,0.9383092155369384,0.9384706963847069,0.0012289793630130105,410,Ensemble
4.296644973754883,0.09750458116895284,0.043354034423828125,0.005987671098043368,0.1,200,10,200,soft,"[1, 3]","{'gb__learning_rate': 0.1, 'gb__n_estimators': 200, 'rf__max_depth': 10, 'rf__n_estimators': 200, 'voting': 'soft', 'weights': [1, 3]}",0.941400304414003,0.9405940594059405,0.9405940594059405,0.9413556740289414,0.9436405178979437,0.9415169230305539,0.0011182674852038296,318,Ensemble
3.262548017501831,0.07660112347677331,0.038575601577758786,0.003341948710825564,0.1,200,20,50,hard,"[1, 1]","{'gb__learning_rate': 0.1, 'gb__n_estimators': 200, 'rf__max_depth': 20, 'rf__n_estimators': 50, 'voting': 'hard', 'weights': [1, 1]}",0.9421613394216134,0.9390708301599391,0.9405940594059405,0.9375476009139375,0.9398324447829398,0.9398412549368741,0.0015364886799215476,363,Ensemble
3.248796892166138,0.11125916114325249,0.036484146118164064,0.0011445764041953155,0.1,200,20,50,hard,"[2, 1]","{'gb__learning_rate': 0.1, 'gb__n_estimators': 200, 'rf__max_depth': 20, 'rf__n_estimators': 50, 'voting': 'hard', 'weights': [2, 1]}",0.9421613394216134,0.9444021325209444,0.9444021325209444,0.9474485910129474,0.9436405178979437,0.9444109426748787,0.001725209077034642,117,Ensemble
3.2149965286254885,0.09093915675781472,0.036293554306030276,0.0008159897851600881,0.1,200,20,50,hard,"[1, 2]","{'gb__learning_rate': 0.1, 'gb__n_estimators': 200, 'rf__max_depth': 20, 'rf__n_estimators': 50, 'voting': 'hard', 'weights': [1, 2]}",0.9452054794520548,0.9436405178979437,0.9405940594059405,0.9413556740289414,0.9451637471439451,0.943191895585765,0.0019112531468130128,234,Ensemble
3.256621217727661,0.05539636835202053,0.036485147476196286,0.000948865058152244,0.1,200,20,50,hard,"[3, 1]","{'gb__learning_rate': 0.1, 'gb__n_estimators': 200, 'rf__max_depth': 20, 'rf__n_estimators': 50, 'voting': 'hard', 'weights': [3, 1]}",0.9421613394216134,0.9444021325209444,0.9444021325209444,0.9474485910129474,0.9436405178979437,0.9444109426748787,0.001725209077034642,117,Ensemble
3.3139124870300294,0.12033378704729998,0.03784174919128418,0.0022382374938549124,0.1,200,20,50,hard,"[1, 3]","{'gb__learning_rate': 0.1, 'gb__n_estimators': 200, 'rf__max_depth': 20, 'rf__n_estimators': 50, 'voting': 'hard', 'weights': [1, 3]}",0.9452054794520548,0.9436405178979437,0.9405940594059405,0.9413556740289414,0.9451637471439451,0.943191895585765,0.0019112531468130128,234,Ensemble
3.2751771926879885,0.013409872600080891,0.02375054359436035,0.00038274851675491975,0.1,200,20,50,soft,"[1, 1]","{'gb__learning_rate': 0.1, 'gb__n_estimators': 200, 'rf__max_depth': 20, 'rf__n_estimators': 50, 'voting': 'soft', 'weights': [1, 1]}",0.943683409436834,0.9421172886519421,0.945925361766946,0.9444021325209444,0.9436405178979437,0.943953742054922,0.0012354827798957597,170,Ensemble
3.2907465934753417,0.10974841133412715,0.02465672492980957,0.001491965370168699,0.1,200,20,50,soft,"[2, 1]","{'gb__learning_rate': 0.1, 'gb__n_estimators': 200, 'rf__max_depth': 20, 'rf__n_estimators': 50, 'voting': 'soft', 'weights': [2, 1]}",0.941400304414003,0.9436405178979437,0.945925361766946,0.9474485910129474,0.9444021325209444,0.9445633815225569,0.002052420975061332,110,Ensemble
3.3157713413238525,0.09700180380273195,0.02445368766784668,0.005192538840960052,0.1,200,20,50,soft,"[1, 2]","{'gb__learning_rate': 0.1, 'gb__n_estimators': 200, 'rf__max_depth': 20, 'rf__n_estimators': 50, 'voting': 'soft', 'weights': [1, 2]}",0.9421613394216134,0.9436405178979437,0.9428789032749428,0.9451637471439451,0.9436405178979437,0.9434970051272776,0.0009985262698557888,222,Ensemble
3.259164905548096,0.04627739137066821,0.023216819763183592,0.0007137680253762866,0.1,200,20,50,soft,"[3, 1]","{'gb__learning_rate': 0.1, 'gb__n_estimators': 200, 'rf__max_depth': 20, 'rf__n_estimators': 50, 'voting': 'soft', 'weights': [3, 1]}",0.9421613394216134,0.9421172886519421,0.9451637471439451,0.9466869763899467,0.945925361766946,0.9444109426748787,0.0019163544975408665,117,Ensemble
3.303737258911133,0.08262900706492839,0.022005558013916016,0.003002958253223297,0.1,200,20,50,soft,"[1, 3]","{'gb__learning_rate': 0.1, 'gb__n_estimators': 200, 'rf__max_depth': 20, 'rf__n_estimators': 50, 'voting': 'soft', 'weights': [1, 3]}",0.9398782343987824,0.9436405178979437,0.9413556740289414,0.9428789032749428,0.9436405178979437,0.9422787694997108,0.0014617490870391075,270,Ensemble
3.626208209991455,0.0536802389638677,0.04299569129943848,0.006496795366372895,0.1,200,20,100,hard,"[1, 1]","{'gb__learning_rate': 0.1, 'gb__n_estimators': 200, 'rf__max_depth': 20, 'rf__n_estimators': 100, 'voting': 'hard', 'weights': [1, 1]}",0.941400304414003,0.9375476009139375,0.9413556740289414,0.9383092155369384,0.9421172886519421,0.9401460167091524,0.001846511561911134,350,Ensemble
3.6528188228607177,0.06322680558030067,0.04331817626953125,0.006343697427567908,0.1,200,20,100,hard,"[2, 1]","{'gb__learning_rate': 0.1, 'gb__n_estimators': 200, 'rf__max_depth': 20, 'rf__n_estimators': 100, 'voting': 'hard', 'weights': [2, 1]}",0.943683409436834,0.9375476009139375,0.945925361766946,0.9451637471439451,0.9474485910129474,0.943953742054922,0.0034256996332524847,170,Ensemble
3.7049185276031493,0.0874794466206667,0.051219844818115236,0.005026835800427144,0.1,200,20,100,hard,"[1, 2]","{'gb__learning_rate': 0.1, 'gb__n_estimators': 200, 'rf__max_depth': 20, 'rf__n_estimators': 100, 'voting': 'hard', 'weights': [1, 2]}",0.9452054794520548,0.9436405178979437,0.9405940594059405,0.9413556740289414,0.9451637471439451,0.943191895585765,0.0019112531468130128,234,Ensemble
3.60939884185791,0.08967496836671195,0.04680962562561035,0.0006804746496394705,0.1,200,20,100,hard,"[3, 1]","{'gb__learning_rate': 0.1, 'gb__n_estimators': 200, 'rf__max_depth': 20, 'rf__n_estimators': 100, 'voting': 'hard', 'weights': [3, 1]}",0.943683409436834,0.9375476009139375,0.945925361766946,0.9451637471439451,0.9474485910129474,0.943953742054922,0.0034256996332524847,170,Ensemble
3.5738463401794434,0.04153479258698024,0.03993868827819824,0.0072465337921153485,0.1,200,20,100,hard,"[1, 3]","{'gb__learning_rate': 0.1, 'gb__n_estimators': 200, 'rf__max_depth': 20, 'rf__n_estimators': 100, 'voting': 'hard', 'weights': [1, 3]}",0.9452054794520548,0.9436405178979437,0.9405940594059405,0.9413556740289414,0.9451637471439451,0.943191895585765,0.0019112531468130128,234,Ensemble
3.4808754920959473,0.10091035261033023,0.029528141021728516,0.004635893267829066,0.1,200,20,100,soft,"[1, 1]","{'gb__learning_rate': 0.1, 'gb__n_estimators': 200, 'rf__max_depth': 20, 'rf__n_estimators': 100, 'voting': 'soft', 'weights': [1, 1]}",0.9452054794520548,0.9444021325209444,0.9466869763899467,0.9421172886519421,0.9444021325209444,0.9445628019071665,0.0014803591486402445,113,Ensemble
3.5772445678710936,0.09181664910808521,0.032135534286499026,0.004294720096227514,0.1,200,20,100,soft,"[2, 1]","{'gb__learning_rate': 0.1, 'gb__n_estimators': 200, 'rf__max_depth': 20, 'rf__n_estimators': 100, 'voting': 'soft', 'weights': [2, 1]}",0.9459665144596652,0.9421172886519421,0.9466869763899467,0.9444021325209444,0.9444021325209444,0.9447150089086886,0.001574728909469269,108,Ensemble
3.537070465087891,0.08108597753076063,0.03545522689819336,0.0034650061527727975,0.1,200,20,100,soft,"[1, 2]","{'gb__learning_rate': 0.1, 'gb__n_estimators': 200, 'rf__max_depth': 20, 'rf__n_estimators': 100, 'voting': 'soft', 'weights': [1, 2]}",0.9421613394216134,0.9428789032749428,0.9428789032749428,0.9428789032749428,0.9428789032749428,0.942735390504277,0.0002870255413317757,261,Ensemble
3.6158960819244386,0.0850781194475053,0.03519172668457031,0.002605895142684093,0.1,200,20,100,soft,"[3, 1]","{'gb__learning_rate': 0.1, 'gb__n_estimators': 200, 'rf__max_depth': 20, 'rf__n_estimators': 100, 'voting': 'soft', 'weights': [3, 1]}",0.9459665144596652,0.9405940594059405,0.9474485910129474,0.9436405178979437,0.945925361766946,0.9447150089086886,0.0023933427269286866,108,Ensemble
3.6191979885101317,0.058076344689669414,0.03299283981323242,0.008710851867945164,0.1,200,20,100,soft,"[1, 3]","{'gb__learning_rate': 0.1, 'gb__n_estimators': 200, 'rf__max_depth': 20, 'rf__n_estimators': 100, 'voting': 'soft', 'weights': [1, 3]}",0.9406392694063926,0.9428789032749428,0.9421172886519421,0.9413556740289414,0.9428789032749428,0.9419740077274323,0.0008743070713975037,278,Ensemble
4.248456430435181,0.2178940324513825,0.059949207305908206,0.011107010928289257,0.1,200,20,200,hard,"[1, 1]","{'gb__learning_rate': 0.1, 'gb__n_estimators': 200, 'rf__max_depth': 20, 'rf__n_estimators': 200, 'voting': 'hard', 'weights': [1, 1]}",0.9429223744292238,0.9383092155369384,0.9413556740289414,0.9398324447829398,0.9421172886519421,0.9409073994859971,0.001651120427365964,339,Ensemble
4.413169431686401,0.10760473047944158,0.070074462890625,0.002517951360369909,0.1,200,20,200,hard,"[2, 1]","{'gb__learning_rate': 0.1, 'gb__n_estimators': 200, 'rf__max_depth': 20, 'rf__n_estimators': 200, 'voting': 'hard', 'weights': [2, 1]}",0.9444444444444444,0.9390708301599391,0.9474485910129474,0.948971820258949,0.9504950495049505,0.9460861470762459,0.0040381095277703385,46,Ensemble
4.47017011642456,0.06654432962272523,0.06838059425354004,0.0013103373879650526,0.1,200,20,200,hard,"[1, 2]","{'gb__learning_rate': 0.1, 'gb__n_estimators': 200, 'rf__max_depth': 20, 'rf__n_estimators': 200, 'voting': 'hard', 'weights': [1, 2]}",0.9452054794520548,0.9436405178979437,0.9405940594059405,0.9413556740289414,0.9451637471439451,0.943191895585765,0.0019112531468130128,234,Ensemble
4.322345447540283,0.2285872833317428,0.0691145420074463,0.0019201613930859827,0.1,200,20,200,hard,"[3, 1]","{'gb__learning_rate': 0.1, 'gb__n_estimators': 200, 'rf__max_depth': 20, 'rf__n_estimators': 200, 'voting': 'hard', 'weights': [3, 1]}",0.9444444444444444,0.9390708301599391,0.9474485910129474,0.948971820258949,0.9504950495049505,0.9460861470762459,0.0040381095277703385,46,Ensemble
4.266426610946655,0.13733383510559422,0.07076163291931152,0.006011550973623513,0.1,200,20,200,hard,"[1, 3]","{'gb__learning_rate': 0.1, 'gb__n_estimators': 200, 'rf__max_depth': 20, 'rf__n_estimators': 200, 'voting': 'hard', 'weights': [1, 3]}",0.9452054794520548,0.9436405178979437,0.9405940594059405,0.9413556740289414,0.9451637471439451,0.943191895585765,0.0019112531468130128,234,Ensemble
4.398047256469726,0.08969726182214166,0.055348873138427734,0.0005595067095460932,0.1,200,20,200,soft,"[1, 1]","{'gb__learning_rate': 0.1, 'gb__n_estimators': 200, 'rf__max_depth': 20, 'rf__n_estimators': 200, 'voting': 'soft', 'weights': [1, 1]}",0.943683409436834,0.9451637471439451,0.9451637471439451,0.9428789032749428,0.9444021325209444,0.9442583879041223,0.000882450146027303,142,Ensemble
4.210861873626709,0.09417359982893865,0.05614194869995117,0.0045339374576654785,0.1,200,20,200,soft,"[2, 1]","{'gb__learning_rate': 0.1, 'gb__n_estimators': 200, 'rf__max_depth': 20, 'rf__n_estimators': 200, 'voting': 'soft', 'weights': [2, 1]}",0.9467275494672754,0.9428789032749428,0.945925361766946,0.9444021325209444,0.9466869763899467,0.9453241846840109,0.0014844277816499097,71,Ensemble
4.3041764259338375,0.1861488963521095,0.05171332359313965,0.00666575630774472,0.1,200,20,200,soft,"[1, 2]","{'gb__learning_rate': 0.1, 'gb__n_estimators': 200, 'rf__max_depth': 20, 'rf__n_estimators': 200, 'voting': 'soft', 'weights': [1, 2]}",0.9429223744292238,0.9428789032749428,0.9428789032749428,0.9428789032749428,0.9451637471439451,0.9433445662795995,0.0009097462368641724,229,Ensemble
4.208549928665161,0.30939972712340835,0.054375219345092776,0.0010057422550910156,0.1,200,20,200,soft,"[3, 1]","{'gb__learning_rate': 0.1, 'gb__n_estimators': 200, 'rf__max_depth': 20, 'rf__n_estimators': 200, 'voting': 'soft', 'weights': [3, 1]}",0.9452054794520548,0.9413556740289414,0.9466869763899467,0.9466869763899467,0.9474485910129474,0.9454767394547675,0.0021851456555136823,70,Ensemble
4.36155333518982,0.13106005268236443,0.04954719543457031,0.005831043823535152,0.1,200,20,200,soft,"[1, 3]","{'gb__learning_rate': 0.1, 'gb__n_estimators': 200, 'rf__max_depth': 20, 'rf__n_estimators': 200, 'voting': 'soft', 'weights': [1, 3]}",0.9421613394216134,0.9428789032749428,0.9413556740289414,0.9405940594059405,0.9428789032749428,0.9419737758812762,0.0008898717583301236,280,Ensemble
1.1230425834655762,0.0315786516595164,0.031699609756469724,0.0012746384763522324,0.2,50,,50,hard,"[1, 1]","{'gb__learning_rate': 0.2, 'gb__n_estimators': 50, 'rf__max_depth': None, 'rf__n_estimators': 50, 'voting': 'hard', 'weights': [1, 1]}",0.9345509893455098,0.9329779131759329,0.9360243716679361,0.9352627570449352,0.9367859862909368,0.93512040350505,0.0013058396748389033,573,Ensemble
1.1097351551055907,0.05615016224577429,0.028917598724365234,0.006256471598732215,0.2,50,,50,hard,"[2, 1]","{'gb__learning_rate': 0.2, 'gb__n_estimators': 50, 'rf__max_depth': None, 'rf__n_estimators': 50, 'voting': 'hard', 'weights': [2, 1]}",0.939117199391172,0.9398324447829398,0.9444021325209444,0.9474485910129474,0.9466869763899467,0.9434974688195901,0.003441566590827775,202,Ensemble
1.0517616748809815,0.09397538449317738,0.028072118759155273,0.00510150620500356,0.2,50,,50,hard,"[1, 2]","{'gb__learning_rate': 0.2, 'gb__n_estimators': 50, 'rf__max_depth': None, 'rf__n_estimators': 50, 'voting': 'hard', 'weights': [1, 2]}",0.936834094368341,0.9383092155369384,0.9352627570449352,0.9360243716679361,0.9398324447829398,0.937252576680218,0.001637998918160696,444,Ensemble
0.9830183506011962,0.14259394107756138,0.027563095092773438,0.006085406119791188,0.2,50,,50,hard,"[3, 1]","{'gb__learning_rate': 0.2, 'gb__n_estimators': 50, 'rf__max_depth': None, 'rf__n_estimators': 50, 'voting': 'hard', 'weights': [3, 1]}",0.939117199391172,0.9398324447829398,0.9444021325209444,0.9474485910129474,0.9466869763899467,0.9434974688195901,0.003441566590827775,202,Ensemble
1.0572635173797607,0.09266730814759161,0.027866029739379884,0.005157802286507057,0.2,50,,50,hard,"[1, 3]","{'gb__learning_rate': 0.2, 'gb__n_estimators': 50, 'rf__max_depth': None, 'rf__n_estimators': 50, 'voting': 'hard', 'weights': [1, 3]}",0.936834094368341,0.9383092155369384,0.9352627570449352,0.9360243716679361,0.9398324447829398,0.937252576680218,0.001637998918160696,444,Ensemble
1.0911711692810058,0.05519712241529328,0.01992931365966797,0.0013841617874518438,0.2,50,,50,soft,"[1, 1]","{'gb__learning_rate': 0.2, 'gb__n_estimators': 50, 'rf__max_depth': None, 'rf__n_estimators': 50, 'voting': 'soft', 'weights': [1, 1]}",0.939117199391172,0.9405940594059405,0.9428789032749428,0.9428789032749428,0.9428789032749428,0.9416695937243882,0.0015529829148822484,290,Ensemble
1.1112682819366455,0.048967707074888414,0.020791339874267577,0.0034392007761409006,0.2,50,,50,soft,"[2, 1]","{'gb__learning_rate': 0.2, 'gb__n_estimators': 50, 'rf__max_depth': None, 'rf__n_estimators': 50, 'voting': 'soft', 'weights': [2, 1]}",0.9421613394216134,0.9398324447829398,0.9436405178979437,0.9444021325209444,0.9444021325209444,0.9428877134288772,0.001732970319351045,255,Ensemble
1.1105307579040526,0.0617309118242795,0.020026302337646483,0.0011986785329811036,0.2,50,,50,soft,"[1, 2]","{'gb__learning_rate': 0.2, 'gb__n_estimators': 50, 'rf__max_depth': None, 'rf__n_estimators': 50, 'voting': 'soft', 'weights': [1, 2]}",0.9398782343987824,0.9398324447829398,0.9398324447829398,0.9390708301599391,0.9428789032749428,0.9402985714799088,0.0013248918731918367,348,Ensemble
1.074540901184082,0.08359359219058636,0.020069408416748046,0.0012165439837225913,0.2,50,,50,soft,"[3, 1]","{'gb__learning_rate': 0.2, 'gb__n_estimators': 50, 'rf__max_depth': None, 'rf__n_estimators': 50, 'voting': 'soft', 'weights': [3, 1]}",0.9421613394216134,0.9421172886519421,0.9451637471439451,0.945925361766946,0.9466869763899467,0.9444109426748787,0.0019163544975408665,117,Ensemble
1.057045078277588,0.06804320985513988,0.016751194000244142,0.0024843674498076667,0.2,50,,50,soft,"[1, 3]","{'gb__learning_rate': 0.2, 'gb__n_estimators': 50, 'rf__max_depth': None, 'rf__n_estimators': 50, 'voting': 'soft', 'weights': [1, 3]}",0.9383561643835616,0.9405940594059405,0.9398324447829398,0.9390708301599391,0.9421172886519421,0.9399941574768647,0.0012984047145909927,355,Ensemble
1.410242748260498,0.1786960939113414,0.03863067626953125,0.0074363309250306125,0.2,50,,100,hard,"[1, 1]","{'gb__learning_rate': 0.2, 'gb__n_estimators': 50, 'rf__max_depth': None, 'rf__n_estimators': 100, 'voting': 'hard', 'weights': [1, 1]}",0.9353120243531202,0.9345011424219345,0.9367859862909368,0.9337395277989338,0.9375476009139375,0.9355772563557727,0.0014105957037014248,563,Ensemble
1.497565460205078,0.06310635742221105,0.04491262435913086,0.0020063648386441104,0.2,50,,100,hard,"[2, 1]","{'gb__learning_rate': 0.2, 'gb__n_estimators': 50, 'rf__max_depth': None, 'rf__n_estimators': 100, 'voting': 'hard', 'weights': [2, 1]}",0.943683409436834,0.9398324447829398,0.9474485910129474,0.9428789032749428,0.9474485910129474,0.9442583879041223,0.0029043877958373652,142,Ensemble
1.4562776565551758,0.21120530313349808,0.0401275634765625,0.006240456995412046,0.2,50,,100,hard,"[1, 2]","{'gb__learning_rate': 0.2, 'gb__n_estimators': 50, 'rf__max_depth': None, 'rf__n_estimators': 100, 'voting': 'hard', 'weights': [1, 2]}",0.936834094368341,0.9383092155369384,0.9352627570449352,0.9360243716679361,0.9398324447829398,0.937252576680218,0.001637998918160696,444,Ensemble
1.5619743824005128,0.024463670277820312,0.04341444969177246,0.0015526060798394118,0.2,50,,100,hard,"[3, 1]","{'gb__learning_rate': 0.2, 'gb__n_estimators': 50, 'rf__max_depth': None, 'rf__n_estimators': 100, 'voting': 'hard', 'weights': [3, 1]}",0.943683409436834,0.9398324447829398,0.9474485910129474,0.9428789032749428,0.9474485910129474,0.9442583879041223,0.0029043877958373652,142,Ensemble
1.518031072616577,0.1233705689631506,0.04357700347900391,0.002170847541380682,0.2,50,,100,hard,"[1, 3]","{'gb__learning_rate': 0.2, 'gb__n_estimators': 50, 'rf__max_depth': None, 'rf__n_estimators': 100, 'voting': 'hard', 'weights': [1, 3]}",0.936834094368341,0.9383092155369384,0.9352627570449352,0.9360243716679361,0.9398324447829398,0.937252576680218,0.001637998918160696,444,Ensemble
1.4952529430389405,0.10077214710917787,0.0312288761138916,0.0018975707456845006,0.2,50,,100,soft,"[1, 1]","{'gb__learning_rate': 0.2, 'gb__n_estimators': 50, 'rf__max_depth': None, 'rf__n_estimators': 100, 'voting': 'soft', 'weights': [1, 1]}",0.9421613394216134,0.9398324447829398,0.9421172886519421,0.9405940594059405,0.9428789032749428,0.9415168071074758,0.0011242638230989624,320,Ensemble
1.5596249580383301,0.10127044473555824,0.03157773017883301,0.0018967833595311856,0.2,50,,100,soft,"[2, 1]","{'gb__learning_rate': 0.2, 'gb__n_estimators': 50, 'rf__max_depth': None, 'rf__n_estimators': 100, 'voting': 'soft', 'weights': [2, 1]}",0.9429223744292238,0.9405940594059405,0.9451637471439451,0.9444021325209444,0.945925361766946,0.9438015350534,0.0018861496461822413,191,Ensemble
1.4735310077667236,0.0831092633582113,0.031711578369140625,0.0033519765372100187,0.2,50,,100,soft,"[1, 2]","{'gb__learning_rate': 0.2, 'gb__n_estimators': 50, 'rf__max_depth': None, 'rf__n_estimators': 100, 'voting': 'soft', 'weights': [1, 2]}",0.939117199391172,0.9390708301599391,0.9405940594059405,0.9398324447829398,0.9436405178979437,0.9404510103275869,0.0016887861808099868,341,Ensemble
1.4806585311889648,0.08222467314021718,0.03007030487060547,0.0005466591245497512,0.2,50,,100,soft,"[3, 1]","{'gb__learning_rate': 0.2, 'gb__n_estimators': 50, 'rf__max_depth': None, 'rf__n_estimators': 100, 'voting': 'soft', 'weights': [3, 1]}",0.943683409436834,0.9383092155369384,0.9466869763899467,0.9421172886519421,0.9482102056359482,0.9438014191303218,0.0034864985649761997,193,Ensemble
1.578394317626953,0.04442631461572129,0.029243087768554686,0.004225786635858365,0.2,50,,100,soft,"[1, 3]","{'gb__learning_rate': 0.2, 'gb__n_estimators': 50, 'rf__max_depth': None, 'rf__n_estimators': 100, 'voting': 'soft', 'weights': [1, 3]}",0.936834094368341,0.9390708301599391,0.9398324447829398,0.9390708301599391,0.9428789032749428,0.9395374205492203,0.0019491501598261067,371,Ensemble
2.3895735263824465,0.06529655352739493,0.06049137115478516,0.007361761759842613,0.2,50,,200,hard,"[1, 1]","{'gb__learning_rate': 0.2, 'gb__n_estimators': 50, 'rf__max_depth': None, 'rf__n_estimators': 200, 'voting': 'hard', 'weights': [1, 1]}",0.9345509893455098,0.9345011424219345,0.9375476009139375,0.9352627570449352,0.9367859862909368,0.9357296952034508,0.0012277827750963321,562,Ensemble
2.27490816116333,0.18734612477391482,0.06557374000549317,0.0035346768662305903,0.2,50,,200,hard,"[2, 1]","{'gb__learning_rate': 0.2, 'gb__n_estimators': 50, 'rf__max_depth': None, 'rf__n_estimators': 200, 'voting': 'hard', 'weights': [2, 1]}",0.9429223744292238,0.9405940594059405,0.9474485910129474,0.945925361766946,0.9474485910129474,0.9448677955256011,0.0027014418636190523,81,Ensemble
2.4430245876312258,0.09407298491061805,0.06705164909362793,0.004969006072556077,0.2,50,,200,hard,"[1, 2]","{'gb__learning_rate': 0.2, 'gb__n_estimators': 50, 'rf__max_depth': None, 'rf__n_estimators': 200, 'voting': 'hard', 'weights': [1, 2]}",0.936834094368341,0.9383092155369384,0.9352627570449352,0.9360243716679361,0.9398324447829398,0.937252576680218,0.001637998918160696,444,Ensemble
2.399927854537964,0.03512741238826289,0.05899734497070312,0.007087362167323449,0.2,50,,200,hard,"[3, 1]","{'gb__learning_rate': 0.2, 'gb__n_estimators': 50, 'rf__max_depth': None, 'rf__n_estimators': 200, 'voting': 'hard', 'weights': [3, 1]}",0.9429223744292238,0.9405940594059405,0.9474485910129474,0.945925361766946,0.9474485910129474,0.9448677955256011,0.0027014418636190523,81,Ensemble
2.407133913040161,0.07789255066229968,0.06663155555725098,0.005033585937650301,0.2,50,,200,hard,"[1, 3]","{'gb__learning_rate': 0.2, 'gb__n_estimators': 50, 'rf__max_depth': None, 'rf__n_estimators': 200, 'voting': 'hard', 'weights': [1, 3]}",0.936834094368341,0.9383092155369384,0.9352627570449352,0.9360243716679361,0.9398324447829398,0.937252576680218,0.001637998918160696,444,Ensemble
2.4192920207977293,0.16345712830365589,0.048957014083862306,0.00615984919271605,0.2,50,,200,soft,"[1, 1]","{'gb__learning_rate': 0.2, 'gb__n_estimators': 50, 'rf__max_depth': None, 'rf__n_estimators': 200, 'voting': 'soft', 'weights': [1, 1]}",0.9421613394216134,0.9405940594059405,0.9413556740289414,0.9398324447829398,0.9421172886519421,0.9412121612582756,0.0008973804268023733,333,Ensemble
2.39607949256897,0.08810897032210467,0.04450845718383789,0.00736903346832533,0.2,50,,200,soft,"[2, 1]","{'gb__learning_rate': 0.2, 'gb__n_estimators': 50, 'rf__max_depth': None, 'rf__n_estimators': 200, 'voting': 'soft', 'weights': [2, 1]}",0.943683409436834,0.9413556740289414,0.9444021325209444,0.9436405178979437,0.9466869763899467,0.943953742054922,0.0017083776224662746,170,Ensemble
2.4113816738128664,0.056075051758076706,0.054184579849243165,0.0030199919764137967,0.2,50,,200,soft,"[1, 2]","{'gb__learning_rate': 0.2, 'gb__n_estimators': 50, 'rf__max_depth': None, 'rf__n_estimators': 200, 'voting': 'soft', 'weights': [1, 2]}",0.939117199391172,0.9390708301599391,0.9390708301599391,0.9405940594059405,0.9428789032749428,0.9401463644783867,0.0014859292001909578,349,Ensemble
2.39917311668396,0.08682923771687283,0.047554826736450194,0.0060218401420796975,0.2,50,,200,soft,"[3, 1]","{'gb__learning_rate': 0.2, 'gb__n_estimators': 50, 'rf__max_depth': None, 'rf__n_estimators': 200, 'voting': 'soft', 'weights': [3, 1]}",0.9421613394216134,0.9390708301599391,0.9444021325209444,0.9436405178979437,0.9451637471439451,0.942887713428877,0.002151126510194983,257,Ensemble
2.3361329078674316,0.09564908091454942,0.04537196159362793,0.00799942218040792,0.2,50,,200,soft,"[1, 3]","{'gb__learning_rate': 0.2, 'gb__n_estimators': 50, 'rf__max_depth': None, 'rf__n_estimators': 200, 'voting': 'soft', 'weights': [1, 3]}",0.9383561643835616,0.9367859862909368,0.9383092155369384,0.9398324447829398,0.9428789032749428,0.9392325428538639,0.00206213666947232,381,Ensemble
1.1051592350006103,0.014027513388963134,0.03105449676513672,0.0009793899534094276,0.2,50,10,50,hard,"[1, 1]","{'gb__learning_rate': 0.2, 'gb__n_estimators': 50, 'rf__max_depth': 10, 'rf__n_estimators': 50, 'voting': 'hard', 'weights': [1, 1]}",0.9337899543378996,0.9352627570449352,0.9367859862909368,0.9329779131759329,0.9337395277989338,0.9345112277297277,0.0013569180102891854,582,Ensemble
1.0866588592529296,0.04156577306286222,0.0327392578125,0.0026548516442547777,0.2,50,10,50,hard,"[2, 1]","{'gb__learning_rate': 0.2, 'gb__n_estimators': 50, 'rf__max_depth': 10, 'rf__n_estimators': 50, 'voting': 'hard', 'weights': [2, 1]}",0.9375951293759512,0.9367859862909368,0.9390708301599391,0.9375476009139375,0.9367859862909368,0.9375571066063403,0.0008345235967392048,420,Ensemble
1.0891386985778808,0.06908279612943294,0.03179941177368164,0.0009200051768146434,0.2,50,10,50,hard,"[1, 2]","{'gb__learning_rate': 0.2, 'gb__n_estimators': 50, 'rf__max_depth': 10, 'rf__n_estimators': 50, 'voting': 'hard', 'weights': [1, 2]}",0.936834094368341,0.9383092155369384,0.9352627570449352,0.9360243716679361,0.9398324447829398,0.937252576680218,0.001637998918160696,444,Ensemble
1.0884998798370362,0.05131193191296609,0.031049585342407225,0.00048148738242814027,0.2,50,10,50,hard,"[3, 1]","{'gb__learning_rate': 0.2, 'gb__n_estimators': 50, 'rf__max_depth': 10, 'rf__n_estimators': 50, 'voting': 'hard', 'weights': [3, 1]}",0.9375951293759512,0.9367859862909368,0.9390708301599391,0.9375476009139375,0.9367859862909368,0.9375571066063403,0.0008345235967392048,420,Ensemble
1.0972342014312744,0.02428697263179434,0.0312706470489502,0.0008426235767781267,0.2,50,10,50,hard,"[1, 3]","{'gb__learning_rate': 0.2, 'gb__n_estimators': 50, 'rf__max_depth': 10, 'rf__n_estimators': 50, 'voting': 'hard', 'weights': [1, 3]}",0.936834094368341,0.9383092155369384,0.9352627570449352,0.9360243716679361,0.9398324447829398,0.937252576680218,0.001637998918160696,444,Ensemble
1.0646931648254394,0.05536537257141347,0.017684555053710936,0.002832352819836895,0.2,50,10,50,soft,"[1, 1]","{'gb__learning_rate': 0.2, 'gb__n_estimators': 50, 'rf__max_depth': 10, 'rf__n_estimators': 50, 'voting': 'soft', 'weights': [1, 1]}",0.9375951293759512,0.9345011424219345,0.9367859862909368,0.9383092155369384,0.9383092155369384,0.9371001378325399,0.0014157840763361622,466,Ensemble
1.0795553207397461,0.035828341138962154,0.017979240417480467,0.0011987069477494877,0.2,50,10,50,soft,"[2, 1]","{'gb__learning_rate': 0.2, 'gb__n_estimators': 50, 'rf__max_depth': 10, 'rf__n_estimators': 50, 'voting': 'soft', 'weights': [2, 1]}",0.939117199391172,0.9345011424219345,0.9383092155369384,0.9390708301599391,0.9390708301599391,0.9380138435339846,0.001782029703748509,417,Ensemble
1.0928059577941895,0.011440185656695658,0.015456724166870116,0.0024702088564626562,0.2,50,10,50,soft,"[1, 2]","{'gb__learning_rate': 0.2, 'gb__n_estimators': 50, 'rf__max_depth': 10, 'rf__n_estimators': 50, 'voting': 'soft', 'weights': [1, 2]}",0.9353120243531202,0.9375476009139375,0.9360243716679361,0.9367859862909368,0.9383092155369384,0.9367958397525739,0.0010632421496923838,472,Ensemble
1.0570679187774659,0.025258177386666667,0.018164539337158205,0.0006221424821989616,0.2,50,10,50,soft,"[3, 1]","{'gb__learning_rate': 0.2, 'gb__n_estimators': 50, 'rf__max_depth': 10, 'rf__n_estimators': 50, 'voting': 'soft', 'weights': [3, 1]}",0.936834094368341,0.9360243716679361,0.9383092155369384,0.9375476009139375,0.9390708301599391,0.9375572225294185,0.0010704335774726222,419,Ensemble
1.099604606628418,0.032833622269426585,0.01656064987182617,0.0027724191839022957,0.2,50,10,50,soft,"[1, 3]","{'gb__learning_rate': 0.2, 'gb__n_estimators': 50, 'rf__max_depth': 10, 'rf__n_estimators': 50, 'voting': 'soft', 'weights': [1, 3]}",0.9360730593607306,0.9383092155369384,0.9352627570449352,0.9375476009139375,0.9383092155369384,0.937100369678696,0.0012292126811020503,464,Ensemble
1.3675055980682373,0.06554408740123921,0.03407611846923828,0.006748827246144472,0.2,50,10,100,hard,"[1, 1]","{'gb__learning_rate': 0.2, 'gb__n_estimators': 50, 'rf__max_depth': 10, 'rf__n_estimators': 100, 'voting': 'hard', 'weights': [1, 1]}",0.9330289193302892,0.9345011424219345,0.9352627570449352,0.9345011424219345,0.9329779131759329,0.9340543748790054,0.0009021883189602475,595,Ensemble
1.4271883964538574,0.05058083737922901,0.036157846450805664,0.00822933323999673,0.2,50,10,100,hard,"[2, 1]","{'gb__learning_rate': 0.2, 'gb__n_estimators': 50, 'rf__max_depth': 10, 'rf__n_estimators': 100, 'voting': 'hard', 'weights': [2, 1]}",0.9353120243531202,0.9345011424219345,0.9367859862909368,0.9398324447829398,0.9360243716679361,0.9364911939033735,0.001834095347493627,499,Ensemble
1.4362106800079346,0.07981014031534964,0.03675832748413086,0.005236820439808688,0.2,50,10,100,hard,"[1, 2]","{'gb__learning_rate': 0.2, 'gb__n_estimators': 50, 'rf__max_depth': 10, 'rf__n_estimators': 100, 'voting': 'hard', 'weights': [1, 2]}",0.936834094368341,0.9383092155369384,0.9352627570449352,0.9360243716679361,0.9398324447829398,0.937252576680218,0.001637998918160696,444,Ensemble
1.3477899074554442,0.055815801725892185,0.03660817146301269,0.004817248282589413,0.2,50,10,100,hard,"[3, 1]","{'gb__learning_rate': 0.2, 'gb__n_estimators': 50, 'rf__max_depth': 10, 'rf__n_estimators': 100, 'voting': 'hard', 'weights': [3, 1]}",0.9353120243531202,0.9345011424219345,0.9367859862909368,0.9398324447829398,0.9360243716679361,0.9364911939033735,0.001834095347493627,499,Ensemble
1.4078897476196288,0.03931761243479083,0.03650655746459961,0.005447189705787528,0.2,50,10,100,hard,"[1, 3]","{'gb__learning_rate': 0.2, 'gb__n_estimators': 50, 'rf__max_depth': 10, 'rf__n_estimators': 100, 'voting': 'hard', 'weights': [1, 3]}",0.936834094368341,0.9383092155369384,0.9352627570449352,0.9360243716679361,0.9398324447829398,0.937252576680218,0.001637998918160696,444,Ensemble
1.423589563369751,0.07510436449430252,0.02598252296447754,0.0026798394930767537,0.2,50,10,100,soft,"[1, 1]","{'gb__learning_rate': 0.2, 'gb__n_estimators': 50, 'rf__max_depth': 10, 'rf__n_estimators': 100, 'voting': 'soft', 'weights': [1, 1]}",0.936834094368341,0.9352627570449352,0.9360243716679361,0.9383092155369384,0.9383092155369384,0.9369479308310179,0.0012175321809622395,471,Ensemble
1.3423274040222168,0.10165622537554661,0.024303245544433593,0.0032630835783157243,0.2,50,10,100,soft,"[2, 1]","{'gb__learning_rate': 0.2, 'gb__n_estimators': 50, 'rf__max_depth': 10, 'rf__n_estimators': 100, 'voting': 'soft', 'weights': [2, 1]}",0.936834094368341,0.9345011424219345,0.9360243716679361,0.9390708301599391,0.9390708301599391,0.937100253755618,0.0017748287546378448,465,Ensemble
1.3870761394500732,0.08558606897501399,0.02533235549926758,0.0035639913255782023,0.2,50,10,100,soft,"[1, 2]","{'gb__learning_rate': 0.2, 'gb__n_estimators': 50, 'rf__max_depth': 10, 'rf__n_estimators': 100, 'voting': 'soft', 'weights': [1, 2]}",0.9353120243531202,0.9360243716679361,0.9360243716679361,0.9383092155369384,0.9367859862909368,0.9364911939033735,0.0010216057986441966,499,Ensemble
1.3568889141082763,0.08695642788404327,0.022357845306396486,0.0043081541842161335,0.2,50,10,100,soft,"[3, 1]","{'gb__learning_rate': 0.2, 'gb__n_estimators': 50, 'rf__max_depth': 10, 'rf__n_estimators': 100, 'voting': 'soft', 'weights': [3, 1]}",0.9360730593607306,0.9337395277989338,0.9367859862909368,0.9390708301599391,0.9390708301599391,0.936948046754096,0.002004937864082009,470,Ensemble
1.319122552871704,0.10645979201570827,0.02572007179260254,0.003864455485423796,0.2,50,10,100,soft,"[1, 3]","{'gb__learning_rate': 0.2, 'gb__n_estimators': 50, 'rf__max_depth': 10, 'rf__n_estimators': 100, 'voting': 'soft', 'weights': [1, 3]}",0.9375951293759512,0.9375476009139375,0.9352627570449352,0.9383092155369384,0.9383092155369384,0.9374047836817402,0.0011207943896445582,439,Ensemble
2.082266902923584,0.1224279354785038,0.05964231491088867,0.003379252804463247,0.2,50,10,200,hard,"[1, 1]","{'gb__learning_rate': 0.2, 'gb__n_estimators': 50, 'rf__max_depth': 10, 'rf__n_estimators': 200, 'voting': 'hard', 'weights': [1, 1]}",0.9330289193302892,0.9352627570449352,0.9345011424219345,0.9367859862909368,0.9322162985529322,0.9343590207282058,0.0016178706869113527,586,Ensemble
1.9932990074157715,0.14475906580102424,0.05466794967651367,0.00868413335090488,0.2,50,10,200,hard,"[2, 1]","{'gb__learning_rate': 0.2, 'gb__n_estimators': 50, 'rf__max_depth': 10, 'rf__n_estimators': 200, 'voting': 'hard', 'weights': [2, 1]}",0.9345509893455098,0.9352627570449352,0.9345011424219345,0.9428789032749428,0.9345011424219345,0.9363389869018514,0.0032827140234310006,524,Ensemble
2.092355728149414,0.07723735715740275,0.057247066497802736,0.001332084843089321,0.2,50,10,200,hard,"[1, 2]","{'gb__learning_rate': 0.2, 'gb__n_estimators': 50, 'rf__max_depth': 10, 'rf__n_estimators': 200, 'voting': 'hard', 'weights': [1, 2]}",0.936834094368341,0.9383092155369384,0.9352627570449352,0.9360243716679361,0.9398324447829398,0.937252576680218,0.001637998918160696,444,Ensemble
2.1563602924346923,0.14938360767154965,0.05968794822692871,0.002188373502299351,0.2,50,10,200,hard,"[3, 1]","{'gb__learning_rate': 0.2, 'gb__n_estimators': 50, 'rf__max_depth': 10, 'rf__n_estimators': 200, 'voting': 'hard', 'weights': [3, 1]}",0.9345509893455098,0.9352627570449352,0.9345011424219345,0.9428789032749428,0.9345011424219345,0.9363389869018514,0.0032827140234310006,524,Ensemble
1.958043622970581,0.2133518496838971,0.054581737518310545,0.008649848651698738,0.2,50,10,200,hard,"[1, 3]","{'gb__learning_rate': 0.2, 'gb__n_estimators': 50, 'rf__max_depth': 10, 'rf__n_estimators': 200, 'voting': 'hard', 'weights': [1, 3]}",0.936834094368341,0.9383092155369384,0.9352627570449352,0.9360243716679361,0.9398324447829398,0.937252576680218,0.001637998918160696,444,Ensemble
1.9559457302093506,0.2101882143406116,0.045068883895874025,0.0006672830398964134,0.2,50,10,200,soft,"[1, 1]","{'gb__learning_rate': 0.2, 'gb__n_estimators': 50, 'rf__max_depth': 10, 'rf__n_estimators': 200, 'voting': 'soft', 'weights': [1, 1]}",0.936834094368341,0.9360243716679361,0.9360243716679361,0.9390708301599391,0.9383092155369384,0.937252576680218,0.0012340691990153575,444,Ensemble
2.163921070098877,0.11159196187771747,0.043132877349853514,0.004293511053629577,0.2,50,10,200,soft,"[2, 1]","{'gb__learning_rate': 0.2, 'gb__n_estimators': 50, 'rf__max_depth': 10, 'rf__n_estimators': 200, 'voting': 'soft', 'weights': [2, 1]}",0.9375951293759512,0.9352627570449352,0.9352627570449352,0.9390708301599391,0.9383092155369384,0.9371001378325399,0.001571142901833552,466,Ensemble
2.0631229877471924,0.17651531352074626,0.046243476867675784,0.006829865900616862,0.2,50,10,200,soft,"[1, 2]","{'gb__learning_rate': 0.2, 'gb__n_estimators': 50, 'rf__max_depth': 10, 'rf__n_estimators': 200, 'voting': 'soft', 'weights': [1, 2]}",0.9345509893455098,0.9367859862909368,0.9360243716679361,0.9383092155369384,0.9375476009139375,0.9366436327510517,0.0012941583904831984,475,Ensemble
2.132853078842163,0.13093280870246418,0.038171243667602536,0.00698217099466027,0.2,50,10,200,soft,"[3, 1]","{'gb__learning_rate': 0.2, 'gb__n_estimators': 50, 'rf__max_depth': 10, 'rf__n_estimators': 200, 'voting': 'soft', 'weights': [3, 1]}",0.9353120243531202,0.9329779131759329,0.9345011424219345,0.9405940594059405,0.9390708301599391,0.9364911939033735,0.0028699099548651305,499,Ensemble
2.0346462726593018,0.08200610615687036,0.04141201972961426,0.005132508991964818,0.2,50,10,200,soft,"[1, 3]","{'gb__learning_rate': 0.2, 'gb__n_estimators': 50, 'rf__max_depth': 10, 'rf__n_estimators': 200, 'voting': 'soft', 'weights': [1, 3]}",0.9360730593607306,0.9383092155369384,0.9352627570449352,0.9383092155369384,0.9383092155369384,0.9372526926032961,0.0013190981950810747,442,Ensemble
0.944387149810791,0.10364600174408607,0.031141281127929688,0.0029603154598750107,0.2,50,20,50,hard,"[1, 1]","{'gb__learning_rate': 0.2, 'gb__n_estimators': 50, 'rf__max_depth': 20, 'rf__n_estimators': 50, 'voting': 'hard', 'weights': [1, 1]}",0.9360730593607306,0.9337395277989338,0.9360243716679361,0.9352627570449352,0.9352627570449352,0.9352724945834942,0.0008433741654260329,571,Ensemble
0.9477160930633545,0.06312981740180125,0.030583286285400392,0.005078565234560835,0.2,50,20,50,hard,"[2, 1]","{'gb__learning_rate': 0.2, 'gb__n_estimators': 50, 'rf__max_depth': 20, 'rf__n_estimators': 50, 'voting': 'hard', 'weights': [2, 1]}",0.9421613394216134,0.9444021325209444,0.9444021325209444,0.9474485910129474,0.9436405178979437,0.9444109426748787,0.001725209077034642,117,Ensemble
1.082783031463623,0.078671287104916,0.034401226043701175,0.00312362006025402,0.2,50,20,50,hard,"[1, 2]","{'gb__learning_rate': 0.2, 'gb__n_estimators': 50, 'rf__max_depth': 20, 'rf__n_estimators': 50, 'voting': 'hard', 'weights': [1, 2]}",0.936834094368341,0.9383092155369384,0.9352627570449352,0.9360243716679361,0.9398324447829398,0.937252576680218,0.001637998918160696,444,Ensemble
1.1283941745758057,0.019550091594041842,0.03252730369567871,0.0009871709287742345,0.2,50,20,50,hard,"[3, 1]","{'gb__learning_rate': 0.2, 'gb__n_estimators': 50, 'rf__max_depth': 20, 'rf__n_estimators': 50, 'voting': 'hard', 'weights': [3, 1]}",0.9421613394216134,0.9444021325209444,0.9444021325209444,0.9474485910129474,0.9436405178979437,0.9444109426748787,0.001725209077034642,117,Ensemble
1.045449924468994,0.06904512126074236,0.03397712707519531,0.001725747917709604,0.2,50,20,50,hard,"[1, 3]","{'gb__learning_rate': 0.2, 'gb__n_estimators': 50, 'rf__max_depth': 20, 'rf__n_estimators': 50, 'voting': 'hard', 'weights': [1, 3]}",0.936834094368341,0.9383092155369384,0.9352627570449352,0.9360243716679361,0.9398324447829398,0.937252576680218,0.001637998918160696,444,Ensemble
1.1199799537658692,0.07749649593525194,0.021507787704467773,0.0022963065073466566,0.2,50,20,50,soft,"[1, 1]","{'gb__learning_rate': 0.2, 'gb__n_estimators': 50, 'rf__max_depth': 20, 'rf__n_estimators': 50, 'voting': 'soft', 'weights': [1, 1]}",0.941400304414003,0.9405940594059405,0.9413556740289414,0.9428789032749428,0.9428789032749428,0.9418215688797542,0.0009096387543325815,283,Ensemble
1.0117379188537599,0.08113821979790756,0.018249893188476564,0.0022145410998653608,0.2,50,20,50,soft,"[2, 1]","{'gb__learning_rate': 0.2, 'gb__n_estimators': 50, 'rf__max_depth': 20, 'rf__n_estimators': 50, 'voting': 'soft', 'weights': [2, 1]}",0.9421613394216134,0.9405940594059405,0.9436405178979437,0.9428789032749428,0.9451637471439451,0.9428877134288772,0.0015189199870267514,255,Ensemble
1.0383034229278565,0.11945813728366458,0.019871616363525392,0.0017067016596444139,0.2,50,20,50,soft,"[1, 2]","{'gb__learning_rate': 0.2, 'gb__n_estimators': 50, 'rf__max_depth': 20, 'rf__n_estimators': 50, 'voting': 'soft', 'weights': [1, 2]}",0.939117199391172,0.9405940594059405,0.9398324447829398,0.9390708301599391,0.9436405178979437,0.9404510103275869,0.0016887861808099868,341,Ensemble
1.1467354774475098,0.016874850812070807,0.01853914260864258,0.001928798839380177,0.2,50,20,50,soft,"[3, 1]","{'gb__learning_rate': 0.2, 'gb__n_estimators': 50, 'rf__max_depth': 20, 'rf__n_estimators': 50, 'voting': 'soft', 'weights': [3, 1]}",0.9421613394216134,0.9421172886519421,0.9451637471439451,0.9444021325209444,0.945925361766946,0.9439539739010783,0.0015580576784424889,169,Ensemble
1.0832356452941894,0.10370832699112524,0.01783890724182129,0.0034782039990388226,0.2,50,20,50,soft,"[1, 3]","{'gb__learning_rate': 0.2, 'gb__n_estimators': 50, 'rf__max_depth': 20, 'rf__n_estimators': 50, 'voting': 'soft', 'weights': [1, 3]}",0.9375951293759512,0.9405940594059405,0.9390708301599391,0.9390708301599391,0.9436405178979437,0.9399942733999428,0.002055053725578186,354,Ensemble
1.4553295612335204,0.08013780947186835,0.04336223602294922,0.0017419908924386635,0.2,50,20,100,hard,"[1, 1]","{'gb__learning_rate': 0.2, 'gb__n_estimators': 50, 'rf__max_depth': 20, 'rf__n_estimators': 100, 'voting': 'hard', 'weights': [1, 1]}",0.9345509893455098,0.9345011424219345,0.9367859862909368,0.9352627570449352,0.9383092155369384,0.935882018128051,0.0014676774390838126,556,Ensemble
1.54438214302063,0.043207135303420345,0.035305023193359375,0.006446898186070479,0.2,50,20,100,hard,"[2, 1]","{'gb__learning_rate': 0.2, 'gb__n_estimators': 50, 'rf__max_depth': 20, 'rf__n_estimators': 100, 'voting': 'hard', 'weights': [2, 1]}",0.943683409436834,0.9375476009139375,0.945925361766946,0.9451637471439451,0.9474485910129474,0.943953742054922,0.0034256996332524847,170,Ensemble
1.4734076499938964,0.06969972184450274,0.044676780700683594,0.0019607524811516416,0.2,50,20,100,hard,"[1, 2]","{'gb__learning_rate': 0.2, 'gb__n_estimators': 50, 'rf__max_depth': 20, 'rf__n_estimators': 100, 'voting': 'hard', 'weights': [1, 2]}",0.936834094368341,0.9383092155369384,0.9352627570449352,0.9360243716679361,0.9398324447829398,0.937252576680218,0.001637998918160696,444,Ensemble
1.3949520587921143,0.1681754384124286,0.03343191146850586,0.005262780749817287,0.2,50,20,100,hard,"[3, 1]","{'gb__learning_rate': 0.2, 'gb__n_estimators': 50, 'rf__max_depth': 20, 'rf__n_estimators': 100, 'voting': 'hard', 'weights': [3, 1]}",0.943683409436834,0.9375476009139375,0.945925361766946,0.9451637471439451,0.9474485910129474,0.943953742054922,0.0034256996332524847,170,Ensemble
1.4557087898254395,0.1341532500939835,0.03593039512634277,0.006658006407285752,0.2,50,20,100,hard,"[1, 3]","{'gb__learning_rate': 0.2, 'gb__n_estimators': 50, 'rf__max_depth': 20, 'rf__n_estimators': 100, 'voting': 'hard', 'weights': [1, 3]}",0.936834094368341,0.9383092155369384,0.9352627570449352,0.9360243716679361,0.9398324447829398,0.937252576680218,0.001637998918160696,444,Ensemble
1.5505093574523925,0.0713824342028581,0.02933201789855957,0.0032955313297086393,0.2,50,20,100,soft,"[1, 1]","{'gb__learning_rate': 0.2, 'gb__n_estimators': 50, 'rf__max_depth': 20, 'rf__n_estimators': 100, 'voting': 'soft', 'weights': [1, 1]}",0.9406392694063926,0.9405940594059405,0.9428789032749428,0.9398324447829398,0.9421172886519421,0.9412123931044316,0.001114554333018648,329,Ensemble
1.4171401977539062,0.14281688491663205,0.026773357391357423,0.003816595837679737,0.2,50,20,100,soft,"[2, 1]","{'gb__learning_rate': 0.2, 'gb__n_estimators': 50, 'rf__max_depth': 20, 'rf__n_estimators': 100, 'voting': 'soft', 'weights': [2, 1]}",0.9421613394216134,0.9405940594059405,0.9451637471439451,0.9428789032749428,0.9466869763899467,0.9434970051272777,0.0021701194550049954,220,Ensemble
1.4195797443389893,0.18575231616962623,0.02627716064453125,0.004056054238335551,0.2,50,20,100,soft,"[1, 2]","{'gb__learning_rate': 0.2, 'gb__n_estimators': 50, 'rf__max_depth': 20, 'rf__n_estimators': 100, 'voting': 'soft', 'weights': [1, 2]}",0.9406392694063926,0.9390708301599391,0.9405940594059405,0.9390708301599391,0.9428789032749428,0.9404507784814309,0.0013971659174890298,343,Ensemble
1.4616195678710937,0.10869734623824798,0.027405691146850587,0.004583492344573768,0.2,50,20,100,soft,"[3, 1]","{'gb__learning_rate': 0.2, 'gb__n_estimators': 50, 'rf__max_depth': 20, 'rf__n_estimators': 100, 'voting': 'soft', 'weights': [3, 1]}",0.943683409436834,0.9405940594059405,0.945925361766946,0.9428789032749428,0.9474485910129474,0.9441060649795221,0.0023875120016735255,166,Ensemble
1.488667869567871,0.061738888937873625,0.027499580383300783,0.003431741209293087,0.2,50,20,100,soft,"[1, 3]","{'gb__learning_rate': 0.2, 'gb__n_estimators': 50, 'rf__max_depth': 20, 'rf__n_estimators': 100, 'voting': 'soft', 'weights': [1, 3]}",0.9375951293759512,0.9375476009139375,0.9390708301599391,0.9398324447829398,0.9428789032749428,0.9393849817015422,0.0019537626195350348,378,Ensemble
2.322147083282471,0.07264954833446123,0.06626448631286622,0.0009086854108228813,0.2,50,20,200,hard,"[1, 1]","{'gb__learning_rate': 0.2, 'gb__n_estimators': 50, 'rf__max_depth': 20, 'rf__n_estimators': 200, 'voting': 'hard', 'weights': [1, 1]}",0.9360730593607306,0.9345011424219345,0.9375476009139375,0.9367859862909368,0.9383092155369384,0.9366434009048955,0.001305940850254023,476,Ensemble
2.3246503353118895,0.12234764984025921,0.06247677803039551,0.0039219219225779724,0.2,50,20,200,hard,"[2, 1]","{'gb__learning_rate': 0.2, 'gb__n_estimators': 50, 'rf__max_depth': 20, 'rf__n_estimators': 200, 'voting': 'hard', 'weights': [2, 1]}",0.9444444444444444,0.9390708301599391,0.9474485910129474,0.948971820258949,0.9504950495049505,0.9460861470762459,0.0040381095277703385,46,Ensemble
2.4161999225616455,0.06741606882134865,0.05903472900390625,0.009422909167854914,0.2,50,20,200,hard,"[1, 2]","{'gb__learning_rate': 0.2, 'gb__n_estimators': 50, 'rf__max_depth': 20, 'rf__n_estimators': 200, 'voting': 'hard', 'weights': [1, 2]}",0.936834094368341,0.9383092155369384,0.9352627570449352,0.9360243716679361,0.9398324447829398,0.937252576680218,0.001637998918160696,444,Ensemble
2.3357033252716066,0.11368188216354275,0.06727080345153809,0.002265344260626255,0.2,50,20,200,hard,"[3, 1]","{'gb__learning_rate': 0.2, 'gb__n_estimators': 50, 'rf__max_depth': 20, 'rf__n_estimators': 200, 'voting': 'hard', 'weights': [3, 1]}",0.9444444444444444,0.9390708301599391,0.9474485910129474,0.948971820258949,0.9504950495049505,0.9460861470762459,0.0040381095277703385,46,Ensemble
2.3251182556152346,0.057915446913865784,0.06601109504699706,0.003290686687343052,0.2,50,20,200,hard,"[1, 3]","{'gb__learning_rate': 0.2, 'gb__n_estimators': 50, 'rf__max_depth': 20, 'rf__n_estimators': 200, 'voting': 'hard', 'weights': [1, 3]}",0.936834094368341,0.9383092155369384,0.9352627570449352,0.9360243716679361,0.9398324447829398,0.937252576680218,0.001637998918160696,444,Ensemble
2.397847366333008,0.07897047859776586,0.052697181701660156,0.0034316817485957633,0.2,50,20,200,soft,"[1, 1]","{'gb__learning_rate': 0.2, 'gb__n_estimators': 50, 'rf__max_depth': 20, 'rf__n_estimators': 200, 'voting': 'soft', 'weights': [1, 1]}",0.941400304414003,0.9413556740289414,0.9428789032749428,0.9405940594059405,0.9436405178979437,0.9419738918043542,0.001114613965249724,279,Ensemble
2.322619676589966,0.024407105810261325,0.050600290298461914,0.007972866751670646,0.2,50,20,200,soft,"[2, 1]","{'gb__learning_rate': 0.2, 'gb__n_estimators': 50, 'rf__max_depth': 20, 'rf__n_estimators': 200, 'voting': 'soft', 'weights': [2, 1]}",0.943683409436834,0.9421172886519421,0.9444021325209444,0.9444021325209444,0.9451637471439451,0.943953742054922,0.001030714428075999,170,Ensemble
2.2840268135070803,0.1650005177640715,0.050577402114868164,0.0007364441864274613,0.2,50,20,200,soft,"[1, 2]","{'gb__learning_rate': 0.2, 'gb__n_estimators': 50, 'rf__max_depth': 20, 'rf__n_estimators': 200, 'voting': 'soft', 'weights': [1, 2]}",0.939117199391172,0.9383092155369384,0.9390708301599391,0.9405940594059405,0.9428789032749428,0.9399940415537866,0.0016212500569630333,356,Ensemble
2.1895273685455323,0.17393659450185686,0.04782381057739258,0.005347343768984924,0.2,50,20,200,soft,"[3, 1]","{'gb__learning_rate': 0.2, 'gb__n_estimators': 50, 'rf__max_depth': 20, 'rf__n_estimators': 200, 'voting': 'soft', 'weights': [3, 1]}",0.9429223744292238,0.9421172886519421,0.9444021325209444,0.9444021325209444,0.9482102056359482,0.9444108267518005,0.0020933818770923532,138,Ensemble
2.3361191749572754,0.1572226933804231,0.04974527359008789,0.007921162621906688,0.2,50,20,200,soft,"[1, 3]","{'gb__learning_rate': 0.2, 'gb__n_estimators': 50, 'rf__max_depth': 20, 'rf__n_estimators': 200, 'voting': 'soft', 'weights': [1, 3]}",0.9360730593607306,0.9375476009139375,0.9383092155369384,0.9398324447829398,0.9436405178979437,0.939080567698498,0.002582577886259474,386,Ensemble
1.7670462131500244,0.1273522397434582,0.03436894416809082,0.0021027703788434613,0.2,100,,50,hard,"[1, 1]","{'gb__learning_rate': 0.2, 'gb__n_estimators': 100, 'rf__max_depth': None, 'rf__n_estimators': 50, 'voting': 'hard', 'weights': [1, 1]}",0.9406392694063926,0.9360243716679361,0.9405940594059405,0.9398324447829398,0.9390708301599391,0.9392321950846295,0.0017035845731019003,383,Ensemble
1.6088809967041016,0.0691404881660517,0.03714151382446289,0.0021421107631153,0.2,100,,50,hard,"[2, 1]","{'gb__learning_rate': 0.2, 'gb__n_estimators': 100, 'rf__max_depth': None, 'rf__n_estimators': 50, 'voting': 'hard', 'weights': [2, 1]}",0.939117199391172,0.9398324447829398,0.9444021325209444,0.9474485910129474,0.9466869763899467,0.9434974688195901,0.003441566590827775,202,Ensemble
1.7012851238250732,0.17497034709223433,0.03419671058654785,0.0010734693475363158,0.2,100,,50,hard,"[1, 2]","{'gb__learning_rate': 0.2, 'gb__n_estimators': 100, 'rf__max_depth': None, 'rf__n_estimators': 50, 'voting': 'hard', 'weights': [1, 2]}",0.9429223744292238,0.9421172886519421,0.9405940594059405,0.9413556740289414,0.9413556740289414,0.9416690141089978,0.0007904117639981498,298,Ensemble
1.6961156845092773,0.17359772607484897,0.03418054580688477,0.005090056654273222,0.2,100,,50,hard,"[3, 1]","{'gb__learning_rate': 0.2, 'gb__n_estimators': 100, 'rf__max_depth': None, 'rf__n_estimators': 50, 'voting': 'hard', 'weights': [3, 1]}",0.939117199391172,0.9398324447829398,0.9444021325209444,0.9474485910129474,0.9466869763899467,0.9434974688195901,0.003441566590827775,202,Ensemble
1.801648998260498,0.045744503854330675,0.03322615623474121,0.0006773821453482612,0.2,100,,50,hard,"[1, 3]","{'gb__learning_rate': 0.2, 'gb__n_estimators': 100, 'rf__max_depth': None, 'rf__n_estimators': 50, 'voting': 'hard', 'weights': [1, 3]}",0.9429223744292238,0.9421172886519421,0.9405940594059405,0.9413556740289414,0.9413556740289414,0.9416690141089978,0.0007904117639981498,298,Ensemble
1.7600526332855224,0.0966342630000935,0.02439746856689453,0.003777784086992158,0.2,100,,50,soft,"[1, 1]","{'gb__learning_rate': 0.2, 'gb__n_estimators': 100, 'rf__max_depth': None, 'rf__n_estimators': 50, 'voting': 'soft', 'weights': [1, 1]}",0.9429223744292238,0.945925361766946,0.9466869763899467,0.9451637471439451,0.9444021325209444,0.9450201184502012,0.0012962211726226503,77,Ensemble
1.7620533943176269,0.0988060700487172,0.019961786270141602,0.004719986170819446,0.2,100,,50,soft,"[2, 1]","{'gb__learning_rate': 0.2, 'gb__n_estimators': 100, 'rf__max_depth': None, 'rf__n_estimators': 50, 'voting': 'soft', 'weights': [2, 1]}",0.9444444444444444,0.9444021325209444,0.945925361766946,0.9451637471439451,0.9444021325209444,0.944867563679445,0.000603149011803535,101,Ensemble
1.7945238590240478,0.06154410591815972,0.01872539520263672,0.0033832505410840556,0.2,100,,50,soft,"[1, 2]","{'gb__learning_rate': 0.2, 'gb__n_estimators': 100, 'rf__max_depth': None, 'rf__n_estimators': 50, 'voting': 'soft', 'weights': [1, 2]}",0.943683409436834,0.945925361766946,0.9428789032749428,0.9444021325209444,0.9436405178979437,0.9441060649795221,0.001029445912317075,166,Ensemble
1.8022518634796143,0.03433378066345951,0.018154144287109375,0.0029489340968845493,0.2,100,,50,soft,"[3, 1]","{'gb__learning_rate': 0.2, 'gb__n_estimators': 100, 'rf__max_depth': None, 'rf__n_estimators': 50, 'voting': 'soft', 'weights': [3, 1]}",0.9444444444444444,0.9413556740289414,0.945925361766946,0.9474485910129474,0.9466869763899467,0.9451722095286452,0.002151244051171783,74,Ensemble
1.7635759830474853,0.11269865545902809,0.02222023010253906,0.0023004409497783813,0.2,100,,50,soft,"[1, 3]","{'gb__learning_rate': 0.2, 'gb__n_estimators': 100, 'rf__max_depth': None, 'rf__n_estimators': 50, 'voting': 'soft', 'weights': [1, 3]}",0.943683409436834,0.9444021325209444,0.9413556740289414,0.9444021325209444,0.9436405178979437,0.9434967732811215,0.0011206384147829478,225,Ensemble
2.198046159744263,0.05228152852516405,0.04395246505737305,0.0005242060670285753,0.2,100,,100,hard,"[1, 1]","{'gb__learning_rate': 0.2, 'gb__n_estimators': 100, 'rf__max_depth': None, 'rf__n_estimators': 100, 'voting': 'hard', 'weights': [1, 1]}",0.9429223744292238,0.9360243716679361,0.9413556740289414,0.9375476009139375,0.9405940594059405,0.9396888160891959,0.0025324587157711516,370,Ensemble
2.1595492362976074,0.09243725433006628,0.04726986885070801,0.003941826997686066,0.2,100,,100,hard,"[2, 1]","{'gb__learning_rate': 0.2, 'gb__n_estimators': 100, 'rf__max_depth': None, 'rf__n_estimators': 100, 'voting': 'hard', 'weights': [2, 1]}",0.943683409436834,0.9398324447829398,0.9474485910129474,0.9428789032749428,0.9474485910129474,0.9442583879041223,0.0029043877958373652,142,Ensemble
2.25632586479187,0.0721131382660859,0.04614214897155762,0.0034277936610495907,0.2,100,,100,hard,"[1, 2]","{'gb__learning_rate': 0.2, 'gb__n_estimators': 100, 'rf__max_depth': None, 'rf__n_estimators': 100, 'voting': 'hard', 'weights': [1, 2]}",0.9429223744292238,0.9421172886519421,0.9405940594059405,0.9413556740289414,0.9413556740289414,0.9416690141089978,0.0007904117639981498,298,Ensemble
2.2163796424865723,0.09046947699498237,0.04246211051940918,0.0064089878296135026,0.2,100,,100,hard,"[3, 1]","{'gb__learning_rate': 0.2, 'gb__n_estimators': 100, 'rf__max_depth': None, 'rf__n_estimators': 100, 'voting': 'hard', 'weights': [3, 1]}",0.943683409436834,0.9398324447829398,0.9474485910129474,0.9428789032749428,0.9474485910129474,0.9442583879041223,0.0029043877958373652,142,Ensemble
2.2370936393737795,0.09044303435351339,0.04279332160949707,0.0037185809481890954,0.2,100,,100,hard,"[1, 3]","{'gb__learning_rate': 0.2, 'gb__n_estimators': 100, 'rf__max_depth': None, 'rf__n_estimators': 100, 'voting': 'hard', 'weights': [1, 3]}",0.9429223744292238,0.9421172886519421,0.9405940594059405,0.9413556740289414,0.9413556740289414,0.9416690141089978,0.0007904117639981498,298,Ensemble
2.2297303676605225,0.05933689564326231,0.03215322494506836,0.005159919761452259,0.2,100,,100,soft,"[1, 1]","{'gb__learning_rate': 0.2, 'gb__n_estimators': 100, 'rf__max_depth': None, 'rf__n_estimators': 100, 'voting': 'soft', 'weights': [1, 1]}",0.943683409436834,0.945925361766946,0.9474485910129474,0.9451637471439451,0.9436405178979437,0.9451723254517231,0.0014360938316024822,73,Ensemble
2.267969036102295,0.050973237306573604,0.03257131576538086,0.0021069046516716053,0.2,100,,100,soft,"[2, 1]","{'gb__learning_rate': 0.2, 'gb__n_estimators': 100, 'rf__max_depth': None, 'rf__n_estimators': 100, 'voting': 'soft', 'weights': [2, 1]}",0.9444444444444444,0.9428789032749428,0.9474485910129474,0.945925361766946,0.9428789032749428,0.9447152407548447,0.0017750041024916145,107,Ensemble
2.0680842876434324,0.1245485369334674,0.0313446044921875,0.001644961278967704,0.2,100,,100,soft,"[1, 2]","{'gb__learning_rate': 0.2, 'gb__n_estimators': 100, 'rf__max_depth': None, 'rf__n_estimators': 100, 'voting': 'soft', 'weights': [1, 2]}",0.9429223744292238,0.9444021325209444,0.9436405178979437,0.9444021325209444,0.9428789032749428,0.9436492121287999,0.0006716431486019856,196,Ensemble
2.267205333709717,0.026466424147856132,0.03127593994140625,0.0010365681041436905,0.2,100,,100,soft,"[3, 1]","{'gb__learning_rate': 0.2, 'gb__n_estimators': 100, 'rf__max_depth': None, 'rf__n_estimators': 100, 'voting': 'soft', 'weights': [3, 1]}",0.9452054794520548,0.9383092155369384,0.9482102056359482,0.9451637471439451,0.9444021325209444,0.9442581560579661,0.003247978917401963,162,Ensemble
2.212714147567749,0.07403619479533619,0.03149490356445313,0.0006875474853499042,0.2,100,,100,soft,"[1, 3]","{'gb__learning_rate': 0.2, 'gb__n_estimators': 100, 'rf__max_depth': None, 'rf__n_estimators': 100, 'voting': 'soft', 'weights': [1, 3]}",0.9429223744292238,0.9451637471439451,0.9413556740289414,0.9436405178979437,0.9436405178979437,0.9433445662795995,0.0012343850356557305,229,Ensemble
3.1061428070068358,0.06481344723647776,0.06787152290344238,0.0027427565587035043,0.2,100,,200,hard,"[1, 1]","{'gb__learning_rate': 0.2, 'gb__n_estimators': 100, 'rf__max_depth': None, 'rf__n_estimators': 200, 'voting': 'hard', 'weights': [1, 1]}",0.9421613394216134,0.9360243716679361,0.9413556740289414,0.9390708301599391,0.9390708301599391,0.9395366090876738,0.0021432647199121674,376,Ensemble
3.1389763355255127,0.021230455594687572,0.0654780387878418,0.0026809465421137693,0.2,100,,200,hard,"[2, 1]","{'gb__learning_rate': 0.2, 'gb__n_estimators': 100, 'rf__max_depth': None, 'rf__n_estimators': 200, 'voting': 'hard', 'weights': [2, 1]}",0.9429223744292238,0.9405940594059405,0.9474485910129474,0.945925361766946,0.9474485910129474,0.9448677955256011,0.0027014418636190523,81,Ensemble
3.136687135696411,0.061443481349501235,0.06607880592346191,0.0013067522927850816,0.2,100,,200,hard,"[1, 2]","{'gb__learning_rate': 0.2, 'gb__n_estimators': 100, 'rf__max_depth': None, 'rf__n_estimators': 200, 'voting': 'hard', 'weights': [1, 2]}",0.9429223744292238,0.9421172886519421,0.9405940594059405,0.9413556740289414,0.9413556740289414,0.9416690141089978,0.0007904117639981498,298,Ensemble
3.075204610824585,0.12829370439616922,0.0661055564880371,0.0018331594489863748,0.2,100,,200,hard,"[3, 1]","{'gb__learning_rate': 0.2, 'gb__n_estimators': 100, 'rf__max_depth': None, 'rf__n_estimators': 200, 'voting': 'hard', 'weights': [3, 1]}",0.9429223744292238,0.9405940594059405,0.9474485910129474,0.945925361766946,0.9474485910129474,0.9448677955256011,0.0027014418636190523,81,Ensemble
2.9659440517425537,0.13891088763715748,0.06483969688415528,0.0009377097052481047,0.2,100,,200,hard,"[1, 3]","{'gb__learning_rate': 0.2, 'gb__n_estimators': 100, 'rf__max_depth': None, 'rf__n_estimators': 200, 'voting': 'hard', 'weights': [1, 3]}",0.9429223744292238,0.9421172886519421,0.9405940594059405,0.9413556740289414,0.9413556740289414,0.9416690141089978,0.0007904117639981498,298,Ensemble
3.1224498748779297,0.08850732592659685,0.055106306076049806,0.003151144945129549,0.2,100,,200,soft,"[1, 1]","{'gb__learning_rate': 0.2, 'gb__n_estimators': 100, 'rf__max_depth': None, 'rf__n_estimators': 200, 'voting': 'soft', 'weights': [1, 1]}",0.943683409436834,0.9444021325209444,0.9474485910129474,0.9451637471439451,0.9428789032749428,0.9447153566779228,0.0015625114093919094,105,Ensemble
3.0749454498291016,0.12407708517844014,0.05410151481628418,0.0013199430519194135,0.2,100,,200,soft,"[2, 1]","{'gb__learning_rate': 0.2, 'gb__n_estimators': 100, 'rf__max_depth': None, 'rf__n_estimators': 200, 'voting': 'soft', 'weights': [2, 1]}",0.943683409436834,0.9421172886519421,0.9466869763899467,0.9451637471439451,0.9428789032749428,0.9441060649795222,0.001638266773605072,165,Ensemble
3.185771083831787,0.07682521566939858,0.05482935905456543,0.004261740985941129,0.2,100,,200,soft,"[1, 2]","{'gb__learning_rate': 0.2, 'gb__n_estimators': 100, 'rf__max_depth': None, 'rf__n_estimators': 200, 'voting': 'soft', 'weights': [1, 2]}",0.9429223744292238,0.945925361766946,0.9428789032749428,0.9444021325209444,0.9421172886519421,0.9436492121287998,0.0013576600902245957,198,Ensemble
2.982865571975708,0.30996028042198026,0.05277132987976074,0.0012447547370446634,0.2,100,,200,soft,"[3, 1]","{'gb__learning_rate': 0.2, 'gb__n_estimators': 100, 'rf__max_depth': None, 'rf__n_estimators': 200, 'voting': 'soft', 'weights': [3, 1]}",0.9452054794520548,0.9405940594059405,0.9482102056359482,0.9474485910129474,0.9444021325209444,0.945172093605567,0.0026819737871383044,76,Ensemble
2.9982264041900635,0.11560531669768508,0.054693746566772464,0.002856430279162881,0.2,100,,200,soft,"[1, 3]","{'gb__learning_rate': 0.2, 'gb__n_estimators': 100, 'rf__max_depth': None, 'rf__n_estimators': 200, 'voting': 'soft', 'weights': [1, 3]}",0.9429223744292238,0.9444021325209444,0.9421172886519421,0.9436405178979437,0.9428789032749428,0.9431922433549994,0.0007734753669273676,232,Ensemble
1.7250770568847655,0.10473919113022276,0.03263177871704102,0.0010268768478958377,0.2,100,10,50,hard,"[1, 1]","{'gb__learning_rate': 0.2, 'gb__n_estimators': 100, 'rf__max_depth': 10, 'rf__n_estimators': 50, 'voting': 'hard', 'weights': [1, 1]}",0.9383561643835616,0.9367859862909368,0.9390708301599391,0.9360243716679361,0.9360243716679361,0.937252344834062,0.0012456831830352712,463,Ensemble
1.7620554924011231,0.06764978263015833,0.033623123168945314,0.0020723457748649554,0.2,100,10,50,hard,"[2, 1]","{'gb__learning_rate': 0.2, 'gb__n_estimators': 100, 'rf__max_depth': 10, 'rf__n_estimators': 50, 'voting': 'hard', 'weights': [2, 1]}",0.9375951293759512,0.9367859862909368,0.9390708301599391,0.9375476009139375,0.9367859862909368,0.9375571066063403,0.0008345235967392048,420,Ensemble
1.7624820232391358,0.03129873932377506,0.03393187522888184,0.0016320365945753622,0.2,100,10,50,hard,"[1, 2]","{'gb__learning_rate': 0.2, 'gb__n_estimators': 100, 'rf__max_depth': 10, 'rf__n_estimators': 50, 'voting': 'hard', 'weights': [1, 2]}",0.9429223744292238,0.9421172886519421,0.9405940594059405,0.9413556740289414,0.9413556740289414,0.9416690141089978,0.0007904117639981498,298,Ensemble
1.6388211250305176,0.11781149278167975,0.03234319686889649,0.00035365602442823297,0.2,100,10,50,hard,"[3, 1]","{'gb__learning_rate': 0.2, 'gb__n_estimators': 100, 'rf__max_depth': 10, 'rf__n_estimators': 50, 'voting': 'hard', 'weights': [3, 1]}",0.9375951293759512,0.9367859862909368,0.9390708301599391,0.9375476009139375,0.9367859862909368,0.9375571066063403,0.0008345235967392048,420,Ensemble
1.7406367301940917,0.04903407376256931,0.033419322967529294,0.0010743590424681583,0.2,100,10,50,hard,"[1, 3]","{'gb__learning_rate': 0.2, 'gb__n_estimators': 100, 'rf__max_depth': 10, 'rf__n_estimators': 50, 'voting': 'hard', 'weights': [1, 3]}",0.9429223744292238,0.9421172886519421,0.9405940594059405,0.9413556740289414,0.9413556740289414,0.9416690141089978,0.0007904117639981498,298,Ensemble
1.81419939994812,0.033334669611205486,0.020249700546264647,0.0013364941854875235,0.2,100,10,50,soft,"[1, 1]","{'gb__learning_rate': 0.2, 'gb__n_estimators': 100, 'rf__max_depth': 10, 'rf__n_estimators': 50, 'voting': 'soft', 'weights': [1, 1]}",0.9421613394216134,0.9413556740289414,0.9390708301599391,0.9436405178979437,0.9390708301599391,0.9410598383336752,0.0017817428237056963,336,Ensemble
1.786672592163086,0.042933570067758366,0.020724058151245117,0.0012034259437352013,0.2,100,10,50,soft,"[2, 1]","{'gb__learning_rate': 0.2, 'gb__n_estimators': 100, 'rf__max_depth': 10, 'rf__n_estimators': 50, 'voting': 'soft', 'weights': [2, 1]}",0.941400304414003,0.9390708301599391,0.9398324447829398,0.9413556740289414,0.9390708301599391,0.9401460167091524,0.0010437325387268176,350,Ensemble
1.6633361339569093,0.15297598852261207,0.019433975219726562,0.000684663093059732,0.2,100,10,50,soft,"[1, 2]","{'gb__learning_rate': 0.2, 'gb__n_estimators': 100, 'rf__max_depth': 10, 'rf__n_estimators': 50, 'voting': 'soft', 'weights': [1, 2]}",0.9421613394216134,0.9436405178979437,0.9421172886519421,0.9451637471439451,0.9390708301599391,0.9424307446550767,0.0020195402032973896,267,Ensemble
1.785050868988037,0.03601078036097144,0.02004871368408203,0.0010622200704981303,0.2,100,10,50,soft,"[3, 1]","{'gb__learning_rate': 0.2, 'gb__n_estimators': 100, 'rf__max_depth': 10, 'rf__n_estimators': 50, 'voting': 'soft', 'weights': [3, 1]}",0.941400304414003,0.9367859862909368,0.9383092155369384,0.9383092155369384,0.9405940594059405,0.9390797562369514,0.0016808869346640303,390,Ensemble
1.8135070323944091,0.019720751809503834,0.020108127593994142,0.0013468301585293203,0.2,100,10,50,soft,"[1, 3]","{'gb__learning_rate': 0.2, 'gb__n_estimators': 100, 'rf__max_depth': 10, 'rf__n_estimators': 50, 'voting': 'soft', 'weights': [1, 3]}",0.941400304414003,0.9421172886519421,0.9398324447829398,0.9444021325209444,0.9405940594059405,0.9416692459551539,0.0015666272979899495,294,Ensemble
2.175198125839233,0.05297610290283716,0.04089794158935547,0.004864569351432823,0.2,100,10,100,hard,"[1, 1]","{'gb__learning_rate': 0.2, 'gb__n_estimators': 100, 'rf__max_depth': 10, 'rf__n_estimators': 100, 'voting': 'hard', 'weights': [1, 1]}",0.936834094368341,0.9360243716679361,0.9375476009139375,0.9375476009139375,0.9345011424219345,0.9364909620572174,0.0011426110363833974,520,Ensemble
2.1307191848754883,0.05904641067079207,0.04361677169799805,0.0034478202709082506,0.2,100,10,100,hard,"[2, 1]","{'gb__learning_rate': 0.2, 'gb__n_estimators': 100, 'rf__max_depth': 10, 'rf__n_estimators': 100, 'voting': 'hard', 'weights': [2, 1]}",0.9353120243531202,0.9345011424219345,0.9367859862909368,0.9398324447829398,0.9360243716679361,0.9364911939033735,0.001834095347493627,499,Ensemble
2.1967576503753663,0.09045088956062845,0.04125542640686035,0.003212912489548887,0.2,100,10,100,hard,"[1, 2]","{'gb__learning_rate': 0.2, 'gb__n_estimators': 100, 'rf__max_depth': 10, 'rf__n_estimators': 100, 'voting': 'hard', 'weights': [1, 2]}",0.9429223744292238,0.9421172886519421,0.9405940594059405,0.9413556740289414,0.9413556740289414,0.9416690141089978,0.0007904117639981498,298,Ensemble
2.130087471008301,0.036247038290040896,0.04190397262573242,0.0012380568148446154,0.2,100,10,100,hard,"[3, 1]","{'gb__learning_rate': 0.2, 'gb__n_estimators': 100, 'rf__max_depth': 10, 'rf__n_estimators': 100, 'voting': 'hard', 'weights': [3, 1]}",0.9353120243531202,0.9345011424219345,0.9367859862909368,0.9398324447829398,0.9360243716679361,0.9364911939033735,0.001834095347493627,499,Ensemble
2.1739486694335937,0.07917966847708285,0.04289875030517578,0.0038791336290032222,0.2,100,10,100,hard,"[1, 3]","{'gb__learning_rate': 0.2, 'gb__n_estimators': 100, 'rf__max_depth': 10, 'rf__n_estimators': 100, 'voting': 'hard', 'weights': [1, 3]}",0.9429223744292238,0.9421172886519421,0.9405940594059405,0.9413556740289414,0.9413556740289414,0.9416690141089978,0.0007904117639981498,298,Ensemble
2.180982160568237,0.027931531899850773,0.02994251251220703,0.003350561203840514,0.2,100,10,100,soft,"[1, 1]","{'gb__learning_rate': 0.2, 'gb__n_estimators': 100, 'rf__max_depth': 10, 'rf__n_estimators': 100, 'voting': 'soft', 'weights': [1, 1]}",0.9429223744292238,0.9421172886519421,0.9398324447829398,0.9451637471439451,0.9390708301599391,0.941821337033598,0.0021905504559124283,287,Ensemble
2.1570361614227296,0.0668095187265526,0.026589345932006837,0.003139787476594452,0.2,100,10,100,soft,"[2, 1]","{'gb__learning_rate': 0.2, 'gb__n_estimators': 100, 'rf__max_depth': 10, 'rf__n_estimators': 100, 'voting': 'soft', 'weights': [2, 1]}",0.9421613394216134,0.9375476009139375,0.9383092155369384,0.9421172886519421,0.9383092155369384,0.9396889320122739,0.002020012294244997,368,Ensemble
2.184951639175415,0.04389385910146455,0.027277088165283202,0.004119579380328796,0.2,100,10,100,soft,"[1, 2]","{'gb__learning_rate': 0.2, 'gb__n_estimators': 100, 'rf__max_depth': 10, 'rf__n_estimators': 100, 'voting': 'soft', 'weights': [1, 2]}",0.9421613394216134,0.9436405178979437,0.9413556740289414,0.9436405178979437,0.9398324447829398,0.9421260988058762,0.001445169567053073,275,Ensemble
2.144998073577881,0.03002412888969778,0.028343629837036134,0.0037157858182322134,0.2,100,10,100,soft,"[3, 1]","{'gb__learning_rate': 0.2, 'gb__n_estimators': 100, 'rf__max_depth': 10, 'rf__n_estimators': 100, 'voting': 'soft', 'weights': [3, 1]}",0.941400304414003,0.9367859862909368,0.9383092155369384,0.9405940594059405,0.9390708301599391,0.9392320791615516,0.0016381233026424912,384,Ensemble
2.142238903045654,0.026478810612763307,0.02795572280883789,0.0022299979018870577,0.2,100,10,100,soft,"[1, 3]","{'gb__learning_rate': 0.2, 'gb__n_estimators': 100, 'rf__max_depth': 10, 'rf__n_estimators': 100, 'voting': 'soft', 'weights': [1, 3]}",0.9421613394216134,0.9428789032749428,0.9398324447829398,0.9444021325209444,0.9413556740289414,0.9421260988058764,0.001523331156093037,272,Ensemble
2.8887256145477296,0.11185373142589287,0.06037755012512207,0.0007749252644297465,0.2,100,10,200,hard,"[1, 1]","{'gb__learning_rate': 0.2, 'gb__n_estimators': 100, 'rf__max_depth': 10, 'rf__n_estimators': 200, 'voting': 'hard', 'weights': [1, 1]}",0.9360730593607306,0.9360243716679361,0.9352627570449352,0.9398324447829398,0.9329779131759329,0.936034109206495,0.0022074547977172635,551,Ensemble
2.92455677986145,0.02807213031322952,0.05909619331359863,0.0004723958269767572,0.2,100,10,200,hard,"[2, 1]","{'gb__learning_rate': 0.2, 'gb__n_estimators': 100, 'rf__max_depth': 10, 'rf__n_estimators': 200, 'voting': 'hard', 'weights': [2, 1]}",0.9345509893455098,0.9352627570449352,0.9345011424219345,0.9428789032749428,0.9345011424219345,0.9363389869018514,0.0032827140234310006,524,Ensemble
2.8432358264923097,0.1184507965375519,0.05895562171936035,0.00030230909486634303,0.2,100,10,200,hard,"[1, 2]","{'gb__learning_rate': 0.2, 'gb__n_estimators': 100, 'rf__max_depth': 10, 'rf__n_estimators': 200, 'voting': 'hard', 'weights': [1, 2]}",0.9429223744292238,0.9421172886519421,0.9405940594059405,0.9413556740289414,0.9413556740289414,0.9416690141089978,0.0007904117639981498,298,Ensemble
2.8483484268188475,0.0894422759972062,0.05087666511535645,0.008775375843952254,0.2,100,10,200,hard,"[3, 1]","{'gb__learning_rate': 0.2, 'gb__n_estimators': 100, 'rf__max_depth': 10, 'rf__n_estimators': 200, 'voting': 'hard', 'weights': [3, 1]}",0.9345509893455098,0.9352627570449352,0.9345011424219345,0.9428789032749428,0.9345011424219345,0.9363389869018514,0.0032827140234310006,524,Ensemble
2.8839848041534424,0.05607642626777938,0.05937190055847168,0.0009030092827944636,0.2,100,10,200,hard,"[1, 3]","{'gb__learning_rate': 0.2, 'gb__n_estimators': 100, 'rf__max_depth': 10, 'rf__n_estimators': 200, 'voting': 'hard', 'weights': [1, 3]}",0.9429223744292238,0.9421172886519421,0.9405940594059405,0.9413556740289414,0.9413556740289414,0.9416690141089978,0.0007904117639981498,298,Ensemble
2.850547695159912,0.09434703805437909,0.047115421295166014,0.0005434844382727365,0.2,100,10,200,soft,"[1, 1]","{'gb__learning_rate': 0.2, 'gb__n_estimators': 100, 'rf__max_depth': 10, 'rf__n_estimators': 200, 'voting': 'soft', 'weights': [1, 1]}",0.9406392694063926,0.9413556740289414,0.9405940594059405,0.9444021325209444,0.9390708301599391,0.9412123931044316,0.0017602310160743533,329,Ensemble
2.87341194152832,0.06786891997218605,0.047169065475463866,0.0011298494675913398,0.2,100,10,200,soft,"[2, 1]","{'gb__learning_rate': 0.2, 'gb__n_estimators': 100, 'rf__max_depth': 10, 'rf__n_estimators': 200, 'voting': 'soft', 'weights': [2, 1]}",0.9429223744292238,0.9367859862909368,0.9375476009139375,0.9421172886519421,0.9383092155369384,0.9395364931645958,0.00249607243916471,377,Ensemble
2.904667282104492,0.06585937847168571,0.044886541366577146,0.005904729355458425,0.2,100,10,200,soft,"[1, 2]","{'gb__learning_rate': 0.2, 'gb__n_estimators': 100, 'rf__max_depth': 10, 'rf__n_estimators': 200, 'voting': 'soft', 'weights': [1, 2]}",0.941400304414003,0.9444021325209444,0.9413556740289414,0.9444021325209444,0.9413556740289414,0.9425831835027549,0.0014852550633985724,264,Ensemble
2.9320363998413086,0.03218481723228973,0.046696949005126956,0.0008153268080107471,0.2,100,10,200,soft,"[3, 1]","{'gb__learning_rate': 0.2, 'gb__n_estimators': 100, 'rf__max_depth': 10, 'rf__n_estimators': 200, 'voting': 'soft', 'weights': [3, 1]}",0.9406392694063926,0.9375476009139375,0.9375476009139375,0.9398324447829398,0.9383092155369384,0.9387752263108291,0.0012508926278029543,400,Ensemble
2.9250301361083983,0.05450640962212254,0.04723358154296875,0.0006206602645129572,0.2,100,10,200,soft,"[1, 3]","{'gb__learning_rate': 0.2, 'gb__n_estimators': 100, 'rf__max_depth': 10, 'rf__n_estimators': 200, 'voting': 'soft', 'weights': [1, 3]}",0.941400304414003,0.9421172886519421,0.9390708301599391,0.9436405178979437,0.9413556740289414,0.9415169230305539,0.0014760125686503454,318,Ensemble
1.7756477832794189,0.04182698990753076,0.032984161376953126,0.0004905412431512464,0.2,100,20,50,hard,"[1, 1]","{'gb__learning_rate': 0.2, 'gb__n_estimators': 100, 'rf__max_depth': 20, 'rf__n_estimators': 50, 'voting': 'hard', 'weights': [1, 1]}",0.9429223744292238,0.9367859862909368,0.9405940594059405,0.9383092155369384,0.9375476009139375,0.9392318473153953,0.0022425781434740736,385,Ensemble
1.8476562976837159,0.017298678999405737,0.0352515697479248,0.002499410288916762,0.2,100,20,50,hard,"[2, 1]","{'gb__learning_rate': 0.2, 'gb__n_estimators': 100, 'rf__max_depth': 20, 'rf__n_estimators': 50, 'voting': 'hard', 'weights': [2, 1]}",0.9421613394216134,0.9444021325209444,0.9444021325209444,0.9474485910129474,0.9436405178979437,0.9444109426748787,0.001725209077034642,117,Ensemble
1.8401108741760255,0.044086376907453415,0.03435935974121094,0.0012219549313352545,0.2,100,20,50,hard,"[1, 2]","{'gb__learning_rate': 0.2, 'gb__n_estimators': 100, 'rf__max_depth': 20, 'rf__n_estimators': 50, 'voting': 'hard', 'weights': [1, 2]}",0.9429223744292238,0.9421172886519421,0.9405940594059405,0.9413556740289414,0.9413556740289414,0.9416690141089978,0.0007904117639981498,298,Ensemble
1.775033140182495,0.12752771250677314,0.034052038192749025,0.001875905625548123,0.2,100,20,50,hard,"[3, 1]","{'gb__learning_rate': 0.2, 'gb__n_estimators': 100, 'rf__max_depth': 20, 'rf__n_estimators': 50, 'voting': 'hard', 'weights': [3, 1]}",0.9421613394216134,0.9444021325209444,0.9444021325209444,0.9474485910129474,0.9436405178979437,0.9444109426748787,0.001725209077034642,117,Ensemble
1.8102699756622314,0.04166431188191535,0.03392262458801269,0.0008335667734685547,0.2,100,20,50,hard,"[1, 3]","{'gb__learning_rate': 0.2, 'gb__n_estimators': 100, 'rf__max_depth': 20, 'rf__n_estimators': 50, 'voting': 'hard', 'weights': [1, 3]}",0.9429223744292238,0.9421172886519421,0.9405940594059405,0.9413556740289414,0.9413556740289414,0.9416690141089978,0.0007904117639981498,298,Ensemble
1.7730641841888428,0.08487328844136173,0.020426464080810548,0.00037040366692720703,0.2,100,20,50,soft,"[1, 1]","{'gb__learning_rate': 0.2, 'gb__n_estimators': 100, 'rf__max_depth': 20, 'rf__n_estimators': 50, 'voting': 'soft', 'weights': [1, 1]}",0.941400304414003,0.9451637471439451,0.9451637471439451,0.9466869763899467,0.9436405178979437,0.9444110585979567,0.0017872467998008637,116,Ensemble
1.7091111660003662,0.15922327382142548,0.02271871566772461,0.0048099957776181,0.2,100,20,50,soft,"[2, 1]","{'gb__learning_rate': 0.2, 'gb__n_estimators': 100, 'rf__max_depth': 20, 'rf__n_estimators': 50, 'voting': 'soft', 'weights': [2, 1]}",0.941400304414003,0.9436405178979437,0.9451637471439451,0.9451637471439451,0.9451637471439451,0.9441064127487563,0.0014760723831291533,163,Ensemble
1.847757911682129,0.051393233126061234,0.021694087982177736,0.0021430519758527484,0.2,100,20,50,soft,"[1, 2]","{'gb__learning_rate': 0.2, 'gb__n_estimators': 100, 'rf__max_depth': 20, 'rf__n_estimators': 50, 'voting': 'soft', 'weights': [1, 2]}",0.9444444444444444,0.9451637471439451,0.9428789032749428,0.9451637471439451,0.9428789032749428,0.9441059490564442,0.0010357350448197899,168,Ensemble
1.7629794120788573,0.06785276815451878,0.019926023483276368,0.002092925148354517,0.2,100,20,50,soft,"[3, 1]","{'gb__learning_rate': 0.2, 'gb__n_estimators': 100, 'rf__max_depth': 20, 'rf__n_estimators': 50, 'voting': 'soft', 'weights': [3, 1]}",0.9429223744292238,0.9428789032749428,0.9451637471439451,0.9451637471439451,0.9451637471439451,0.9442585038272003,0.001108777330166861,141,Ensemble
1.7675031185150147,0.11281107858541989,0.020668983459472656,0.0003859249364247803,0.2,100,20,50,soft,"[1, 3]","{'gb__learning_rate': 0.2, 'gb__n_estimators': 100, 'rf__max_depth': 20, 'rf__n_estimators': 50, 'voting': 'soft', 'weights': [1, 3]}",0.943683409436834,0.9436405178979437,0.9421172886519421,0.9444021325209444,0.9436405178979437,0.9434967732811215,0.0007481726110497195,225,Ensemble
2.2863473892211914,0.08617240621507762,0.04533991813659668,0.0011172824925183235,0.2,100,20,100,hard,"[1, 1]","{'gb__learning_rate': 0.2, 'gb__n_estimators': 100, 'rf__max_depth': 20, 'rf__n_estimators': 100, 'voting': 'hard', 'weights': [1, 1]}",0.9421613394216134,0.9360243716679361,0.9413556740289414,0.9383092155369384,0.9405940594059405,0.9396889320122739,0.002237976899623997,368,Ensemble
2.200121545791626,0.14207679064988055,0.045342206954956055,0.0011693043242426402,0.2,100,20,100,hard,"[2, 1]","{'gb__learning_rate': 0.2, 'gb__n_estimators': 100, 'rf__max_depth': 20, 'rf__n_estimators': 100, 'voting': 'hard', 'weights': [2, 1]}",0.943683409436834,0.9375476009139375,0.945925361766946,0.9451637471439451,0.9474485910129474,0.943953742054922,0.0034256996332524847,170,Ensemble
2.2335299491882323,0.08662040308388502,0.04547572135925293,0.002957561234148447,0.2,100,20,100,hard,"[1, 2]","{'gb__learning_rate': 0.2, 'gb__n_estimators': 100, 'rf__max_depth': 20, 'rf__n_estimators': 100, 'voting': 'hard', 'weights': [1, 2]}",0.9429223744292238,0.9421172886519421,0.9405940594059405,0.9413556740289414,0.9413556740289414,0.9416690141089978,0.0007904117639981498,298,Ensemble
2.3053481578826904,0.04864919322704615,0.048432016372680665,0.0051539518027370335,0.2,100,20,100,hard,"[3, 1]","{'gb__learning_rate': 0.2, 'gb__n_estimators': 100, 'rf__max_depth': 20, 'rf__n_estimators': 100, 'voting': 'hard', 'weights': [3, 1]}",0.943683409436834,0.9375476009139375,0.945925361766946,0.9451637471439451,0.9474485910129474,0.943953742054922,0.0034256996332524847,170,Ensemble
2.2218133449554442,0.02218666459031283,0.04435486793518066,0.0012153433633147314,0.2,100,20,100,hard,"[1, 3]","{'gb__learning_rate': 0.2, 'gb__n_estimators': 100, 'rf__max_depth': 20, 'rf__n_estimators': 100, 'voting': 'hard', 'weights': [1, 3]}",0.9429223744292238,0.9421172886519421,0.9405940594059405,0.9413556740289414,0.9413556740289414,0.9416690141089978,0.0007904117639981498,298,Ensemble
2.270622205734253,0.05060950959626551,0.0349212646484375,0.0038753692700165005,0.2,100,20,100,soft,"[1, 1]","{'gb__learning_rate': 0.2, 'gb__n_estimators': 100, 'rf__max_depth': 20, 'rf__n_estimators': 100, 'voting': 'soft', 'weights': [1, 1]}",0.943683409436834,0.9444021325209444,0.9474485910129474,0.9451637471439451,0.9428789032749428,0.9447153566779228,0.0015625114093919094,105,Ensemble
2.1927469253540037,0.07823808608385695,0.027605724334716798,0.004468490968505747,0.2,100,20,100,soft,"[2, 1]","{'gb__learning_rate': 0.2, 'gb__n_estimators': 100, 'rf__max_depth': 20, 'rf__n_estimators': 100, 'voting': 'soft', 'weights': [2, 1]}",0.9459665144596652,0.9436405178979437,0.945925361766946,0.9451637471439451,0.9444021325209444,0.9450196547578888,0.0008967678950991553,80,Ensemble
2.286263847351074,0.04185849715397028,0.03218865394592285,0.001314509838132966,0.2,100,20,100,soft,"[1, 2]","{'gb__learning_rate': 0.2, 'gb__n_estimators': 100, 'rf__max_depth': 20, 'rf__n_estimators': 100, 'voting': 'soft', 'weights': [1, 2]}",0.9429223744292238,0.9444021325209444,0.9436405178979437,0.9444021325209444,0.9428789032749428,0.9436492121287999,0.0006716431486019856,196,Ensemble
2.280815267562866,0.041647170755773635,0.03305749893188477,0.0041931511634801496,0.2,100,20,100,soft,"[3, 1]","{'gb__learning_rate': 0.2, 'gb__n_estimators': 100, 'rf__max_depth': 20, 'rf__n_estimators': 100, 'voting': 'soft', 'weights': [3, 1]}",0.9452054794520548,0.9413556740289414,0.9466869763899467,0.9444021325209444,0.9451637471439451,0.9445628019071665,0.0017662259604344427,113,Ensemble
2.2941604614257813,0.026771647159372053,0.032151222229003906,0.0009659112248462735,0.2,100,20,100,soft,"[1, 3]","{'gb__learning_rate': 0.2, 'gb__n_estimators': 100, 'rf__max_depth': 20, 'rf__n_estimators': 100, 'voting': 'soft', 'weights': [1, 3]}",0.9421613394216134,0.9428789032749428,0.9421172886519421,0.9436405178979437,0.9436405178979437,0.942887713428877,0.0006715177274576188,257,Ensemble
3.180872011184692,0.06375575946510854,0.06781034469604492,0.0034295188137703158,0.2,100,20,200,hard,"[1, 1]","{'gb__learning_rate': 0.2, 'gb__n_estimators': 100, 'rf__max_depth': 20, 'rf__n_estimators': 200, 'voting': 'hard', 'weights': [1, 1]}",0.943683409436834,0.9360243716679361,0.9413556740289414,0.9413556740289414,0.9405940594059405,0.9406026377137187,0.0025133991074783933,340,Ensemble
3.141436815261841,0.1033146100068388,0.06675133705139161,0.001851193349998957,0.2,100,20,200,hard,"[2, 1]","{'gb__learning_rate': 0.2, 'gb__n_estimators': 100, 'rf__max_depth': 20, 'rf__n_estimators': 200, 'voting': 'hard', 'weights': [2, 1]}",0.9444444444444444,0.9390708301599391,0.9474485910129474,0.948971820258949,0.9504950495049505,0.9460861470762459,0.0040381095277703385,46,Ensemble
3.1426651954650877,0.01508209940336338,0.06587867736816407,0.0030036431692248107,0.2,100,20,200,hard,"[1, 2]","{'gb__learning_rate': 0.2, 'gb__n_estimators': 100, 'rf__max_depth': 20, 'rf__n_estimators': 200, 'voting': 'hard', 'weights': [1, 2]}",0.9429223744292238,0.9421172886519421,0.9405940594059405,0.9413556740289414,0.9413556740289414,0.9416690141089978,0.0007904117639981498,298,Ensemble
3.121584939956665,0.06501755030390115,0.06460800170898437,0.0003325110198866282,0.2,100,20,200,hard,"[3, 1]","{'gb__learning_rate': 0.2, 'gb__n_estimators': 100, 'rf__max_depth': 20, 'rf__n_estimators': 200, 'voting': 'hard', 'weights': [3, 1]}",0.9444444444444444,0.9390708301599391,0.9474485910129474,0.948971820258949,0.9504950495049505,0.9460861470762459,0.0040381095277703385,46,Ensemble
3.116122102737427,0.028998200322371683,0.06534957885742188,0.0009890654336930976,0.2,100,20,200,hard,"[1, 3]","{'gb__learning_rate': 0.2, 'gb__n_estimators': 100, 'rf__max_depth': 20, 'rf__n_estimators': 200, 'voting': 'hard', 'weights': [1, 3]}",0.9429223744292238,0.9421172886519421,0.9405940594059405,0.9413556740289414,0.9413556740289414,0.9416690141089978,0.0007904117639981498,298,Ensemble
3.1482434272766113,0.07525050708036463,0.05680375099182129,0.006778308442383143,0.2,100,20,200,soft,"[1, 1]","{'gb__learning_rate': 0.2, 'gb__n_estimators': 100, 'rf__max_depth': 20, 'rf__n_estimators': 200, 'voting': 'soft', 'weights': [1, 1]}",0.943683409436834,0.9436405178979437,0.9474485910129474,0.9451637471439451,0.9428789032749428,0.9445630337533227,0.0016216267872749194,111,Ensemble
3.0426042556762694,0.0965420854377707,0.053109264373779295,0.0035419039705740177,0.2,100,20,200,soft,"[2, 1]","{'gb__learning_rate': 0.2, 'gb__n_estimators': 100, 'rf__max_depth': 20, 'rf__n_estimators': 200, 'voting': 'soft', 'weights': [2, 1]}",0.9452054794520548,0.9451637471439451,0.945925361766946,0.9444021325209444,0.9436405178979437,0.9448674477563668,0.0007801430579009329,103,Ensemble
3.1387844562530516,0.06138733554279973,0.05398635864257813,0.0028311762872536687,0.2,100,20,200,soft,"[1, 2]","{'gb__learning_rate': 0.2, 'gb__n_estimators': 100, 'rf__max_depth': 20, 'rf__n_estimators': 200, 'voting': 'soft', 'weights': [1, 2]}",0.9421613394216134,0.945925361766946,0.9436405178979437,0.9444021325209444,0.9413556740289414,0.9434970051272777,0.0016190163207034716,220,Ensemble
3.1727075576782227,0.07573460342098479,0.05427837371826172,0.0026130119678040974,0.2,100,20,200,soft,"[3, 1]","{'gb__learning_rate': 0.2, 'gb__n_estimators': 100, 'rf__max_depth': 20, 'rf__n_estimators': 200, 'voting': 'soft', 'weights': [3, 1]}",0.9452054794520548,0.9428789032749428,0.9466869763899467,0.9474485910129474,0.945925361766946,0.9456290623793675,0.0015659155421182233,68,Ensemble
3.176993751525879,0.04327424538202459,0.05376753807067871,0.0018263392876494999,0.2,100,20,200,soft,"[1, 3]","{'gb__learning_rate': 0.2, 'gb__n_estimators': 100, 'rf__max_depth': 20, 'rf__n_estimators': 200, 'voting': 'soft', 'weights': [1, 3]}",0.943683409436834,0.9428789032749428,0.9421172886519421,0.9436405178979437,0.9428789032749428,0.9430398045073212,0.0005792922922936141,253,Ensemble
3.2317960262298584,0.06835728553838694,0.03625564575195313,0.0006796201185387058,0.2,200,,50,hard,"[1, 1]","{'gb__learning_rate': 0.2, 'gb__n_estimators': 200, 'rf__max_depth': None, 'rf__n_estimators': 50, 'voting': 'hard', 'weights': [1, 1]}",0.9421613394216134,0.9383092155369384,0.9436405178979437,0.9413556740289414,0.9436405178979437,0.9418214529566761,0.0019639897674006822,285,Ensemble
3.2639333248138427,0.10620672320189617,0.0384981632232666,0.0028036799412174693,0.2,200,,50,hard,"[2, 1]","{'gb__learning_rate': 0.2, 'gb__n_estimators': 200, 'rf__max_depth': None, 'rf__n_estimators': 50, 'voting': 'hard', 'weights': [2, 1]}",0.939117199391172,0.9398324447829398,0.9444021325209444,0.9474485910129474,0.9466869763899467,0.9434974688195901,0.003441566590827775,202,Ensemble
3.2315340995788575,0.06438746532028465,0.03663845062255859,0.0008343991035579426,0.2,200,,50,hard,"[1, 2]","{'gb__learning_rate': 0.2, 'gb__n_estimators': 200, 'rf__max_depth': None, 'rf__n_estimators': 50, 'voting': 'hard', 'weights': [1, 2]}",0.9467275494672754,0.9451637471439451,0.9451637471439451,0.9474485910129474,0.948971820258949,0.9466950910054125,0.0014451532756851826,18,Ensemble
3.2509818077087402,0.0676370611485628,0.0373079776763916,0.0014028588660578187,0.2,200,,50,hard,"[3, 1]","{'gb__learning_rate': 0.2, 'gb__n_estimators': 200, 'rf__max_depth': None, 'rf__n_estimators': 50, 'voting': 'hard', 'weights': [3, 1]}",0.939117199391172,0.9398324447829398,0.9444021325209444,0.9474485910129474,0.9466869763899467,0.9434974688195901,0.003441566590827775,202,Ensemble
3.2024280548095705,0.05501411889597386,0.03765635490417481,0.0035009692825114253,0.2,200,,50,hard,"[1, 3]","{'gb__learning_rate': 0.2, 'gb__n_estimators': 200, 'rf__max_depth': None, 'rf__n_estimators': 50, 'voting': 'hard', 'weights': [1, 3]}",0.9467275494672754,0.9451637471439451,0.9451637471439451,0.9474485910129474,0.948971820258949,0.9466950910054125,0.0014451532756851826,18,Ensemble
3.2349690437316894,0.051906209084905224,0.026031017303466797,0.005480812181503398,0.2,200,,50,soft,"[1, 1]","{'gb__learning_rate': 0.2, 'gb__n_estimators': 200, 'rf__max_depth': None, 'rf__n_estimators': 50, 'voting': 'soft', 'weights': [1, 1]}",0.9459665144596652,0.945925361766946,0.9474485910129474,0.9482102056359482,0.9474485910129474,0.9469998527776908,0.0009044340839138789,7,Ensemble
3.1906872749328614,0.050269395442711085,0.02306818962097168,0.00035681759914435213,0.2,200,,50,soft,"[2, 1]","{'gb__learning_rate': 0.2, 'gb__n_estimators': 200, 'rf__max_depth': None, 'rf__n_estimators': 50, 'voting': 'soft', 'weights': [2, 1]}",0.9444444444444444,0.9444021325209444,0.9474485910129474,0.948971820258949,0.9482102056359482,0.9466954387746467,0.0019167628256047567,16,Ensemble
3.2428966522216798,0.05039249181307234,0.02325739860534668,0.000245086998218487,0.2,200,,50,soft,"[1, 2]","{'gb__learning_rate': 0.2, 'gb__n_estimators': 200, 'rf__max_depth': None, 'rf__n_estimators': 50, 'voting': 'soft', 'weights': [1, 2]}",0.9467275494672754,0.945925361766946,0.9466869763899467,0.9466869763899467,0.945925361766946,0.9463904451562122,0.0003800278883556723,41,Ensemble
3.2800420761108398,0.0070133477871986965,0.022843217849731444,0.0012640982256941612,0.2,200,,50,soft,"[3, 1]","{'gb__learning_rate': 0.2, 'gb__n_estimators': 200, 'rf__max_depth': None, 'rf__n_estimators': 50, 'voting': 'soft', 'weights': [3, 1]}",0.9444444444444444,0.9421172886519421,0.9474485910129474,0.948971820258949,0.9482102056359482,0.9462384700008462,0.0025700584164453574,42,Ensemble
3.2677989959716798,0.06633346607184047,0.023717689514160156,0.0003594350106006419,0.2,200,,50,soft,"[1, 3]","{'gb__learning_rate': 0.2, 'gb__n_estimators': 200, 'rf__max_depth': None, 'rf__n_estimators': 50, 'voting': 'soft', 'weights': [1, 3]}",0.9459665144596652,0.9444021325209444,0.9474485910129474,0.9482102056359482,0.9482102056359482,0.9468475298530906,0.0014718152962774661,13,Ensemble
3.6684139251708983,0.07117007011240105,0.05127439498901367,0.006395348229404347,0.2,200,,100,hard,"[1, 1]","{'gb__learning_rate': 0.2, 'gb__n_estimators': 200, 'rf__max_depth': None, 'rf__n_estimators': 100, 'voting': 'hard', 'weights': [1, 1]}",0.9444444444444444,0.9375476009139375,0.9444021325209444,0.9390708301599391,0.9451637471439451,0.942125751036642,0.0031647961147089573,277,Ensemble
3.740136957168579,0.09021652545330737,0.04842243194580078,0.0020592028616042528,0.2,200,,100,hard,"[2, 1]","{'gb__learning_rate': 0.2, 'gb__n_estimators': 200, 'rf__max_depth': None, 'rf__n_estimators': 100, 'voting': 'hard', 'weights': [2, 1]}",0.943683409436834,0.9398324447829398,0.9474485910129474,0.9428789032749428,0.9474485910129474,0.9442583879041223,0.0029043877958373652,142,Ensemble
3.7162508010864257,0.08255412009606493,0.048717403411865236,0.0021712636748193524,0.2,200,,100,hard,"[1, 2]","{'gb__learning_rate': 0.2, 'gb__n_estimators': 200, 'rf__max_depth': None, 'rf__n_estimators': 100, 'voting': 'hard', 'weights': [1, 2]}",0.9467275494672754,0.9451637471439451,0.9451637471439451,0.9474485910129474,0.948971820258949,0.9466950910054125,0.0014451532756851826,18,Ensemble
3.666263055801392,0.08505673046601099,0.04822440147399902,0.002618697813233078,0.2,200,,100,hard,"[3, 1]","{'gb__learning_rate': 0.2, 'gb__n_estimators': 200, 'rf__max_depth': None, 'rf__n_estimators': 100, 'voting': 'hard', 'weights': [3, 1]}",0.943683409436834,0.9398324447829398,0.9474485910129474,0.9428789032749428,0.9474485910129474,0.9442583879041223,0.0029043877958373652,142,Ensemble
3.741435194015503,0.028476199217034197,0.05006465911865234,0.003919481633552722,0.2,200,,100,hard,"[1, 3]","{'gb__learning_rate': 0.2, 'gb__n_estimators': 200, 'rf__max_depth': None, 'rf__n_estimators': 100, 'voting': 'hard', 'weights': [1, 3]}",0.9467275494672754,0.9451637471439451,0.9451637471439451,0.9474485910129474,0.948971820258949,0.9466950910054125,0.0014451532756851826,18,Ensemble
3.6522281169891357,0.11396816927008493,0.03655309677124023,0.004075340263585056,0.2,200,,100,soft,"[1, 1]","{'gb__learning_rate': 0.2, 'gb__n_estimators': 200, 'rf__max_depth': None, 'rf__n_estimators': 100, 'voting': 'soft', 'weights': [1, 1]}",0.9452054794520548,0.9466869763899467,0.9482102056359482,0.9482102056359482,0.945925361766946,0.9468476457761688,0.0012071678776669874,11,Ensemble
3.6333821773529054,0.08445808657983808,0.03375225067138672,0.0007500019520010698,0.2,200,,100,soft,"[2, 1]","{'gb__learning_rate': 0.2, 'gb__n_estimators': 200, 'rf__max_depth': None, 'rf__n_estimators': 100, 'voting': 'soft', 'weights': [2, 1]}",0.9452054794520548,0.9436405178979437,0.9497334348819497,0.9497334348819497,0.9466869763899467,0.946999968700769,0.0024309562017570743,5,Ensemble
3.7000243186950685,0.05588760336858802,0.034033203125,0.003338146557096933,0.2,200,,100,soft,"[1, 2]","{'gb__learning_rate': 0.2, 'gb__n_estimators': 200, 'rf__max_depth': None, 'rf__n_estimators': 100, 'voting': 'soft', 'weights': [1, 2]}",0.9467275494672754,0.9466869763899467,0.945925361766946,0.9474485910129474,0.945925361766946,0.9465427680808123,0.0005723349533957434,39,Ensemble
3.682702398300171,0.06853999351679295,0.03558526039123535,0.0019383515560718859,0.2,200,,100,soft,"[3, 1]","{'gb__learning_rate': 0.2, 'gb__n_estimators': 200, 'rf__max_depth': None, 'rf__n_estimators': 100, 'voting': 'soft', 'weights': [3, 1]}",0.9452054794520548,0.9413556740289414,0.9504950495049505,0.9482102056359482,0.9466869763899467,0.9463906770023683,0.0030659517149210238,40,Ensemble
3.7151183605194094,0.09918695239919273,0.03640480041503906,0.0021614640607117873,0.2,200,,100,soft,"[1, 3]","{'gb__learning_rate': 0.2, 'gb__n_estimators': 200, 'rf__max_depth': None, 'rf__n_estimators': 100, 'voting': 'soft', 'weights': [1, 3]}",0.9467275494672754,0.9444021325209444,0.9474485910129474,0.948971820258949,0.9482102056359482,0.9471520597792129,0.0015659783243087866,3,Ensemble
4.591378307342529,0.0699325565552158,0.06786618232727051,0.0012126638099246526,0.2,200,,200,hard,"[1, 1]","{'gb__learning_rate': 0.2, 'gb__n_estimators': 200, 'rf__max_depth': None, 'rf__n_estimators': 200, 'voting': 'hard', 'weights': [1, 1]}",0.943683409436834,0.9390708301599391,0.9451637471439451,0.9413556740289414,0.9428789032749428,0.9424305128089205,0.0020825042523475515,268,Ensemble
4.565895080566406,0.07288664238168546,0.06885361671447754,0.0021497811550469093,0.2,200,,200,hard,"[2, 1]","{'gb__learning_rate': 0.2, 'gb__n_estimators': 200, 'rf__max_depth': None, 'rf__n_estimators': 200, 'voting': 'hard', 'weights': [2, 1]}",0.9429223744292238,0.9405940594059405,0.9474485910129474,0.945925361766946,0.9474485910129474,0.9448677955256011,0.0027014418636190523,81,Ensemble
4.496992111206055,0.11213086342050085,0.06810450553894043,0.0009413886027711977,0.2,200,,200,hard,"[1, 2]","{'gb__learning_rate': 0.2, 'gb__n_estimators': 200, 'rf__max_depth': None, 'rf__n_estimators': 200, 'voting': 'hard', 'weights': [1, 2]}",0.9467275494672754,0.9451637471439451,0.9451637471439451,0.9474485910129474,0.948971820258949,0.9466950910054125,0.0014451532756851826,18,Ensemble
4.544594860076904,0.06232684389318326,0.06943249702453613,0.0017101046150766485,0.2,200,,200,hard,"[3, 1]","{'gb__learning_rate': 0.2, 'gb__n_estimators': 200, 'rf__max_depth': None, 'rf__n_estimators': 200, 'voting': 'hard', 'weights': [3, 1]}",0.9429223744292238,0.9405940594059405,0.9474485910129474,0.945925361766946,0.9474485910129474,0.9448677955256011,0.0027014418636190523,81,Ensemble
4.54063081741333,0.09053565373579067,0.068499755859375,0.00248298682106456,0.2,200,,200,hard,"[1, 3]","{'gb__learning_rate': 0.2, 'gb__n_estimators': 200, 'rf__max_depth': None, 'rf__n_estimators': 200, 'voting': 'hard', 'weights': [1, 3]}",0.9467275494672754,0.9451637471439451,0.9451637471439451,0.9474485910129474,0.948971820258949,0.9466950910054125,0.0014451532756851826,18,Ensemble
4.475539684295654,0.09633480273109775,0.05501871109008789,0.0005449636555132273,0.2,200,,200,soft,"[1, 1]","{'gb__learning_rate': 0.2, 'gb__n_estimators': 200, 'rf__max_depth': None, 'rf__n_estimators': 200, 'voting': 'soft', 'weights': [1, 1]}",0.9459665144596652,0.9466869763899467,0.9474485910129474,0.9474485910129474,0.9451637471439451,0.9465428840038903,0.0008826769871475678,37,Ensemble
4.554923582077026,0.06886515610725888,0.055475044250488284,0.0006565632007049841,0.2,200,,200,soft,"[2, 1]","{'gb__learning_rate': 0.2, 'gb__n_estimators': 200, 'rf__max_depth': None, 'rf__n_estimators': 200, 'voting': 'soft', 'weights': [2, 1]}",0.9452054794520548,0.9444021325209444,0.9497334348819497,0.9474485910129474,0.9482102056359482,0.946999968700769,0.0019548256834240434,5,Ensemble
4.567630815505981,0.04978657570425005,0.054956483840942386,0.0010958448212226096,0.2,200,,200,soft,"[1, 2]","{'gb__learning_rate': 0.2, 'gb__n_estimators': 200, 'rf__max_depth': None, 'rf__n_estimators': 200, 'voting': 'soft', 'weights': [1, 2]}",0.9459665144596652,0.9444021325209444,0.9474485910129474,0.9474485910129474,0.945925361766946,0.9462382381546901,0.0011377976429666095,44,Ensemble
4.539998722076416,0.07851989310132583,0.055130958557128906,0.0009141619753124173,0.2,200,,200,soft,"[3, 1]","{'gb__learning_rate': 0.2, 'gb__n_estimators': 200, 'rf__max_depth': None, 'rf__n_estimators': 200, 'voting': 'soft', 'weights': [3, 1]}",0.9459665144596652,0.9413556740289414,0.9504950495049505,0.9497334348819497,0.9474485910129474,0.9469998527776908,0.0032500701258307346,7,Ensemble
4.513576698303223,0.11705325210831992,0.057043266296386716,0.0037505281148018112,0.2,200,,200,soft,"[1, 3]","{'gb__learning_rate': 0.2, 'gb__n_estimators': 200, 'rf__max_depth': None, 'rf__n_estimators': 200, 'voting': 'soft', 'weights': [1, 3]}",0.9467275494672754,0.9444021325209444,0.9482102056359482,0.9482102056359482,0.9466869763899467,0.9468474139300126,0.0013952713951599302,15,Ensemble
3.260400629043579,0.1231999474043797,0.036256265640258786,0.001931842878609388,0.2,200,10,50,hard,"[1, 1]","{'gb__learning_rate': 0.2, 'gb__n_estimators': 200, 'rf__max_depth': 10, 'rf__n_estimators': 50, 'voting': 'hard', 'weights': [1, 1]}",0.9375951293759512,0.9360243716679361,0.9383092155369384,0.9367859862909368,0.9383092155369384,0.9374047836817402,0.0008900194361269812,439,Ensemble
3.2102429389953615,0.03744285118232462,0.03684878349304199,0.004151537675119738,0.2,200,10,50,hard,"[2, 1]","{'gb__learning_rate': 0.2, 'gb__n_estimators': 200, 'rf__max_depth': 10, 'rf__n_estimators': 50, 'voting': 'hard', 'weights': [2, 1]}",0.9375951293759512,0.9367859862909368,0.9390708301599391,0.9375476009139375,0.9367859862909368,0.9375571066063403,0.0008345235967392048,420,Ensemble
3.156628894805908,0.05158926972873991,0.03480362892150879,0.0008997592834263149,0.2,200,10,50,hard,"[1, 2]","{'gb__learning_rate': 0.2, 'gb__n_estimators': 200, 'rf__max_depth': 10, 'rf__n_estimators': 50, 'voting': 'hard', 'weights': [1, 2]}",0.9467275494672754,0.9451637471439451,0.9451637471439451,0.9474485910129474,0.948971820258949,0.9466950910054125,0.0014451532756851826,18,Ensemble
3.162710094451904,0.08797157600389482,0.034847068786621097,0.0002237516587242843,0.2,200,10,50,hard,"[3, 1]","{'gb__learning_rate': 0.2, 'gb__n_estimators': 200, 'rf__max_depth': 10, 'rf__n_estimators': 50, 'voting': 'hard', 'weights': [3, 1]}",0.9375951293759512,0.9367859862909368,0.9390708301599391,0.9375476009139375,0.9367859862909368,0.9375571066063403,0.0008345235967392048,420,Ensemble
3.171582269668579,0.058624218759813974,0.034660053253173825,0.0007499069495097474,0.2,200,10,50,hard,"[1, 3]","{'gb__learning_rate': 0.2, 'gb__n_estimators': 200, 'rf__max_depth': 10, 'rf__n_estimators': 50, 'voting': 'hard', 'weights': [1, 3]}",0.9467275494672754,0.9451637471439451,0.9451637471439451,0.9474485910129474,0.948971820258949,0.9466950910054125,0.0014451532756851826,18,Ensemble
3.2637511253356934,0.112879126542786,0.022430610656738282,0.0012085819774542458,0.2,200,10,50,soft,"[1, 1]","{'gb__learning_rate': 0.2, 'gb__n_estimators': 200, 'rf__max_depth': 10, 'rf__n_estimators': 50, 'voting': 'soft', 'weights': [1, 1]}",0.943683409436834,0.9436405178979437,0.9405940594059405,0.9451637471439451,0.9444021325209444,0.9434967732811217,0.0015543307642276413,224,Ensemble
3.1988738059997557,0.05152200095084523,0.023279619216918946,0.0015226690714622787,0.2,200,10,50,soft,"[2, 1]","{'gb__learning_rate': 0.2, 'gb__n_estimators': 200, 'rf__max_depth': 10, 'rf__n_estimators': 50, 'voting': 'soft', 'weights': [2, 1]}",0.9421613394216134,0.9405940594059405,0.9405940594059405,0.9428789032749428,0.9421172886519421,0.9416691300320759,0.000918501086904549,296,Ensemble
3.1666163921356203,0.02427008880846101,0.02164430618286133,0.00037035059546953233,0.2,200,10,50,soft,"[1, 2]","{'gb__learning_rate': 0.2, 'gb__n_estimators': 200, 'rf__max_depth': 10, 'rf__n_estimators': 50, 'voting': 'soft', 'weights': [1, 2]}",0.9429223744292238,0.9451637471439451,0.9444021325209444,0.9466869763899467,0.945925361766946,0.9450201184502012,0.0012962211726226503,77,Ensemble
3.200771617889404,0.0524237733524284,0.022510337829589843,0.0011337413620998887,0.2,200,10,50,soft,"[3, 1]","{'gb__learning_rate': 0.2, 'gb__n_estimators': 200, 'rf__max_depth': 10, 'rf__n_estimators': 50, 'voting': 'soft', 'weights': [3, 1]}",0.941400304414003,0.9383092155369384,0.9390708301599391,0.9413556740289414,0.9421172886519421,0.9404506625583527,0.0014824466766106222,346,Ensemble
3.218431329727173,0.047192103647130314,0.023781347274780273,0.001858904257510122,0.2,200,10,50,soft,"[1, 3]","{'gb__learning_rate': 0.2, 'gb__n_estimators': 200, 'rf__max_depth': 10, 'rf__n_estimators': 50, 'voting': 'soft', 'weights': [1, 3]}",0.9444444444444444,0.9436405178979437,0.9428789032749428,0.9474485910129474,0.945925361766946,0.9448675636794448,0.0016382966966682038,102,Ensemble
3.64616174697876,0.03093680982006201,0.04455714225769043,0.00026788766717633275,0.2,200,10,100,hard,"[1, 1]","{'gb__learning_rate': 0.2, 'gb__n_estimators': 200, 'rf__max_depth': 10, 'rf__n_estimators': 100, 'voting': 'hard', 'weights': [1, 1]}",0.9360730593607306,0.9360243716679361,0.9367859862909368,0.9383092155369384,0.9367859862909368,0.9367957238294957,0.0008255997673655603,473,Ensemble
3.705641269683838,0.09064015299173461,0.047277307510375975,0.003874995497021754,0.2,200,10,100,hard,"[2, 1]","{'gb__learning_rate': 0.2, 'gb__n_estimators': 200, 'rf__max_depth': 10, 'rf__n_estimators': 100, 'voting': 'hard', 'weights': [2, 1]}",0.9353120243531202,0.9345011424219345,0.9367859862909368,0.9398324447829398,0.9360243716679361,0.9364911939033735,0.001834095347493627,499,Ensemble
3.603555774688721,0.09432319630477028,0.046178770065307614,0.0030121923621237575,0.2,200,10,100,hard,"[1, 2]","{'gb__learning_rate': 0.2, 'gb__n_estimators': 200, 'rf__max_depth': 10, 'rf__n_estimators': 100, 'voting': 'hard', 'weights': [1, 2]}",0.9467275494672754,0.9451637471439451,0.9451637471439451,0.9474485910129474,0.948971820258949,0.9466950910054125,0.0014451532756851826,18,Ensemble
3.603019905090332,0.05851003020305778,0.04504399299621582,0.0017672695785322177,0.2,200,10,100,hard,"[3, 1]","{'gb__learning_rate': 0.2, 'gb__n_estimators': 200, 'rf__max_depth': 10, 'rf__n_estimators': 100, 'voting': 'hard', 'weights': [3, 1]}",0.9353120243531202,0.9345011424219345,0.9367859862909368,0.9398324447829398,0.9360243716679361,0.9364911939033735,0.001834095347493627,499,Ensemble
3.5499328136444093,0.06165748085233509,0.04503045082092285,0.002693241144100005,0.2,200,10,100,hard,"[1, 3]","{'gb__learning_rate': 0.2, 'gb__n_estimators': 200, 'rf__max_depth': 10, 'rf__n_estimators': 100, 'voting': 'hard', 'weights': [1, 3]}",0.9467275494672754,0.9451637471439451,0.9451637471439451,0.9474485910129474,0.948971820258949,0.9466950910054125,0.0014451532756851826,18,Ensemble
3.663423538208008,0.1381706657806648,0.03244714736938477,0.0017835796675227977,0.2,200,10,100,soft,"[1, 1]","{'gb__learning_rate': 0.2, 'gb__n_estimators': 200, 'rf__max_depth': 10, 'rf__n_estimators': 100, 'voting': 'soft', 'weights': [1, 1]}",0.943683409436834,0.9421172886519421,0.9413556740289414,0.9444021325209444,0.9421172886519421,0.9427351586581209,0.0011264533660902355,263,Ensemble
3.623098945617676,0.08925094210690242,0.03243489265441894,0.0015678387227708761,0.2,200,10,100,soft,"[2, 1]","{'gb__learning_rate': 0.2, 'gb__n_estimators': 200, 'rf__max_depth': 10, 'rf__n_estimators': 100, 'voting': 'soft', 'weights': [2, 1]}",0.9429223744292238,0.9383092155369384,0.9405940594059405,0.9413556740289414,0.9436405178979437,0.9413643682597975,0.001872733290096459,326,Ensemble
3.6034138679504393,0.020030998221862713,0.03189029693603516,0.0008911971499179357,0.2,200,10,100,soft,"[1, 2]","{'gb__learning_rate': 0.2, 'gb__n_estimators': 200, 'rf__max_depth': 10, 'rf__n_estimators': 100, 'voting': 'soft', 'weights': [1, 2]}",0.9421613394216134,0.9436405178979437,0.9436405178979437,0.9474485910129474,0.9451637471439451,0.9444109426748787,0.0017911920871503814,117,Ensemble
3.5630228519439697,0.02987797693707773,0.031459712982177736,0.0013863929598850356,0.2,200,10,100,soft,"[3, 1]","{'gb__learning_rate': 0.2, 'gb__n_estimators': 200, 'rf__max_depth': 10, 'rf__n_estimators': 100, 'voting': 'soft', 'weights': [3, 1]}",0.9406392694063926,0.9367859862909368,0.9390708301599391,0.9413556740289414,0.9421172886519421,0.9399938097076305,0.001893276408634807,358,Ensemble
3.5121933937072756,0.04773208203489933,0.03106536865234375,0.0004405498633667017,0.2,200,10,100,soft,"[1, 3]","{'gb__learning_rate': 0.2, 'gb__n_estimators': 200, 'rf__max_depth': 10, 'rf__n_estimators': 100, 'voting': 'soft', 'weights': [1, 3]}",0.943683409436834,0.9436405178979437,0.9451637471439451,0.9466869763899467,0.9482102056359482,0.9454769713009237,0.0017676095088999012,69,Ensemble
4.3777703762054445,0.08911681716806044,0.06417303085327149,0.0036766481368583886,0.2,200,10,200,hard,"[1, 1]","{'gb__learning_rate': 0.2, 'gb__n_estimators': 200, 'rf__max_depth': 10, 'rf__n_estimators': 200, 'voting': 'hard', 'weights': [1, 1]}",0.9353120243531202,0.9352627570449352,0.9345011424219345,0.9405940594059405,0.9360243716679361,0.9363388709787733,0.0021815233121400073,542,Ensemble
4.363876104354858,0.05330620940251059,0.06348285675048829,0.0013205958101333935,0.2,200,10,200,hard,"[2, 1]","{'gb__learning_rate': 0.2, 'gb__n_estimators': 200, 'rf__max_depth': 10, 'rf__n_estimators': 200, 'voting': 'hard', 'weights': [2, 1]}",0.9345509893455098,0.9352627570449352,0.9345011424219345,0.9428789032749428,0.9345011424219345,0.9363389869018514,0.0032827140234310006,524,Ensemble
4.28519115447998,0.06671111494690457,0.06153416633605957,0.0006193257309952379,0.2,200,10,200,hard,"[1, 2]","{'gb__learning_rate': 0.2, 'gb__n_estimators': 200, 'rf__max_depth': 10, 'rf__n_estimators': 200, 'voting': 'hard', 'weights': [1, 2]}",0.9467275494672754,0.9451637471439451,0.9451637471439451,0.9474485910129474,0.948971820258949,0.9466950910054125,0.0014451532756851826,18,Ensemble
4.3437597274780275,0.0667168428717147,0.05733723640441894,0.007083318198950117,0.2,200,10,200,hard,"[3, 1]","{'gb__learning_rate': 0.2, 'gb__n_estimators': 200, 'rf__max_depth': 10, 'rf__n_estimators': 200, 'voting': 'hard', 'weights': [3, 1]}",0.9345509893455098,0.9352627570449352,0.9345011424219345,0.9428789032749428,0.9345011424219345,0.9363389869018514,0.0032827140234310006,524,Ensemble
4.330353879928589,0.06339774815923234,0.05563759803771973,0.0061708493346641245,0.2,200,10,200,hard,"[1, 3]","{'gb__learning_rate': 0.2, 'gb__n_estimators': 200, 'rf__max_depth': 10, 'rf__n_estimators': 200, 'voting': 'hard', 'weights': [1, 3]}",0.9467275494672754,0.9451637471439451,0.9451637471439451,0.9474485910129474,0.948971820258949,0.9466950910054125,0.0014451532756851826,18,Ensemble
4.293833827972412,0.04341450609822182,0.0421412467956543,0.0069625173401615436,0.2,200,10,200,soft,"[1, 1]","{'gb__learning_rate': 0.2, 'gb__n_estimators': 200, 'rf__max_depth': 10, 'rf__n_estimators': 200, 'voting': 'soft', 'weights': [1, 1]}",0.9444444444444444,0.9436405178979437,0.9413556740289414,0.9444021325209444,0.9444021325209444,0.9436489802826437,0.0011854589833519356,201,Ensemble
4.2726339340209964,0.08508317746651392,0.04281487464904785,0.006906694702353201,0.2,200,10,200,soft,"[2, 1]","{'gb__learning_rate': 0.2, 'gb__n_estimators': 200, 'rf__max_depth': 10, 'rf__n_estimators': 200, 'voting': 'soft', 'weights': [2, 1]}",0.941400304414003,0.9405940594059405,0.9405940594059405,0.9436405178979437,0.9421172886519421,0.9416692459551539,0.0011376323759765892,294,Ensemble
4.22962646484375,0.1430636808163904,0.042483186721801756,0.00753818576845742,0.2,200,10,200,soft,"[1, 2]","{'gb__learning_rate': 0.2, 'gb__n_estimators': 200, 'rf__max_depth': 10, 'rf__n_estimators': 200, 'voting': 'soft', 'weights': [1, 2]}",0.9429223744292238,0.9444021325209444,0.9428789032749428,0.9474485910129474,0.945925361766946,0.9447154726010009,0.001767491895110697,104,Ensemble
4.319300746917724,0.05545797412087929,0.04511113166809082,0.005952883342139678,0.2,200,10,200,soft,"[3, 1]","{'gb__learning_rate': 0.2, 'gb__n_estimators': 200, 'rf__max_depth': 10, 'rf__n_estimators': 200, 'voting': 'soft', 'weights': [3, 1]}",0.941400304414003,0.9375476009139375,0.9390708301599391,0.9421172886519421,0.9405940594059405,0.9401460167091524,0.0016472816236178904,350,Ensemble
4.27817006111145,0.09083105542651872,0.04219565391540527,0.007257982910141979,0.2,200,10,200,soft,"[1, 3]","{'gb__learning_rate': 0.2, 'gb__n_estimators': 200, 'rf__max_depth': 10, 'rf__n_estimators': 200, 'voting': 'soft', 'weights': [1, 3]}",0.9452054794520548,0.9428789032749428,0.9466869763899467,0.9466869763899467,0.9474485910129474,0.9457813853039678,0.0016233197334563304,66,Ensemble
3.40094575881958,0.2625362843189075,0.03379349708557129,0.0042686092186115816,0.2,200,20,50,hard,"[1, 1]","{'gb__learning_rate': 0.2, 'gb__n_estimators': 200, 'rf__max_depth': 20, 'rf__n_estimators': 50, 'voting': 'hard', 'weights': [1, 1]}",0.9444444444444444,0.9405940594059405,0.9436405178979437,0.9405940594059405,0.9428789032749428,0.9424303968858425,0.0015790002592455962,269,Ensemble
3.350797653198242,0.25998589127021965,0.033682727813720705,0.0056984778095063564,0.2,200,20,50,hard,"[2, 1]","{'gb__learning_rate': 0.2, 'gb__n_estimators': 200, 'rf__max_depth': 20, 'rf__n_estimators': 50, 'voting': 'hard', 'weights': [2, 1]}",0.9421613394216134,0.9444021325209444,0.9444021325209444,0.9474485910129474,0.9436405178979437,0.9444109426748787,0.001725209077034642,117,Ensemble
3.1986337661743165,0.01483695351684605,0.03576922416687012,0.00022573745042550885,0.2,200,20,50,hard,"[1, 2]","{'gb__learning_rate': 0.2, 'gb__n_estimators': 200, 'rf__max_depth': 20, 'rf__n_estimators': 50, 'voting': 'hard', 'weights': [1, 2]}",0.9467275494672754,0.9451637471439451,0.9451637471439451,0.9474485910129474,0.948971820258949,0.9466950910054125,0.0014451532756851826,18,Ensemble
3.23394775390625,0.05240164565268847,0.03647747039794922,0.00040974915824216926,0.2,200,20,50,hard,"[3, 1]","{'gb__learning_rate': 0.2, 'gb__n_estimators': 200, 'rf__max_depth': 20, 'rf__n_estimators': 50, 'voting': 'hard', 'weights': [3, 1]}",0.9421613394216134,0.9444021325209444,0.9444021325209444,0.9474485910129474,0.9436405178979437,0.9444109426748787,0.001725209077034642,117,Ensemble
3.2261971950531008,0.0261255589865863,0.03499174118041992,0.002561546437069202,0.2,200,20,50,hard,"[1, 3]","{'gb__learning_rate': 0.2, 'gb__n_estimators': 200, 'rf__max_depth': 20, 'rf__n_estimators': 50, 'voting': 'hard', 'weights': [1, 3]}",0.9467275494672754,0.9451637471439451,0.9451637471439451,0.9474485910129474,0.948971820258949,0.9466950910054125,0.0014451532756851826,18,Ensemble
3.2006011962890626,0.04406809800737985,0.023640871047973633,0.0004880908738358951,0.2,200,20,50,soft,"[1, 1]","{'gb__learning_rate': 0.2, 'gb__n_estimators': 200, 'rf__max_depth': 20, 'rf__n_estimators': 50, 'voting': 'soft', 'weights': [1, 1]}",0.9429223744292238,0.9474485910129474,0.9482102056359482,0.9474485910129474,0.9482102056359482,0.9468479935454029,0.0019921427479278747,10,Ensemble
3.154232120513916,0.12839337710867163,0.021844148635864258,0.002881614106769806,0.2,200,20,50,soft,"[2, 1]","{'gb__learning_rate': 0.2, 'gb__n_estimators': 200, 'rf__max_depth': 20, 'rf__n_estimators': 50, 'voting': 'soft', 'weights': [2, 1]}",0.943683409436834,0.9444021325209444,0.9466869763899467,0.9482102056359482,0.9474485910129474,0.9460862629993242,0.0017514523818262552,45,Ensemble
3.2091134548187257,0.04197299725048598,0.022810602188110353,0.0002694300249506477,0.2,200,20,50,soft,"[1, 2]","{'gb__learning_rate': 0.2, 'gb__n_estimators': 200, 'rf__max_depth': 20, 'rf__n_estimators': 50, 'voting': 'soft', 'weights': [1, 2]}",0.9459665144596652,0.9466869763899467,0.945925361766946,0.948971820258949,0.9474485910129474,0.9469998527776908,0.0011322749133139257,7,Ensemble
3.2327513694763184,0.06703146855723566,0.02326993942260742,0.0010015308639693013,0.2,200,20,50,soft,"[3, 1]","{'gb__learning_rate': 0.2, 'gb__n_estimators': 200, 'rf__max_depth': 20, 'rf__n_estimators': 50, 'voting': 'soft', 'weights': [3, 1]}",0.9421613394216134,0.9436405178979437,0.945925361766946,0.9474485910129474,0.9466869763899467,0.9451725572978795,0.001972566199066093,72,Ensemble
3.222618007659912,0.026826716172711613,0.02127532958984375,0.002628050768575655,0.2,200,20,50,soft,"[1, 3]","{'gb__learning_rate': 0.2, 'gb__n_estimators': 200, 'rf__max_depth': 20, 'rf__n_estimators': 50, 'voting': 'soft', 'weights': [1, 3]}",0.9459665144596652,0.9444021325209444,0.9474485910129474,0.948971820258949,0.948971820258949,0.9471521757022909,0.0017707966988379897,1,Ensemble
3.578891944885254,0.06550232786096348,0.035329246520996095,0.007039336972578965,0.2,200,20,100,hard,"[1, 1]","{'gb__learning_rate': 0.2, 'gb__n_estimators': 200, 'rf__max_depth': 20, 'rf__n_estimators': 100, 'voting': 'hard', 'weights': [1, 1]}",0.943683409436834,0.9375476009139375,0.9436405178979437,0.9405940594059405,0.9451637471439451,0.9421258669597201,0.0027296804360278037,276,Ensemble
3.620972442626953,0.08896081817951387,0.034361076354980466,0.006580190439571289,0.2,200,20,100,hard,"[2, 1]","{'gb__learning_rate': 0.2, 'gb__n_estimators': 200, 'rf__max_depth': 20, 'rf__n_estimators': 100, 'voting': 'hard', 'weights': [2, 1]}",0.943683409436834,0.9375476009139375,0.945925361766946,0.9451637471439451,0.9474485910129474,0.943953742054922,0.0034256996332524847,170,Ensemble
3.674958276748657,0.2225593945969378,0.03028864860534668,0.0002716813928355978,0.2,200,20,100,hard,"[1, 2]","{'gb__learning_rate': 0.2, 'gb__n_estimators': 200, 'rf__max_depth': 20, 'rf__n_estimators': 100, 'voting': 'hard', 'weights': [1, 2]}",0.9467275494672754,0.9451637471439451,0.9451637471439451,0.9474485910129474,0.948971820258949,0.9466950910054125,0.0014451532756851826,18,Ensemble
3.576687717437744,0.10071107055879508,0.03515114784240723,0.006407021844683793,0.2,200,20,100,hard,"[3, 1]","{'gb__learning_rate': 0.2, 'gb__n_estimators': 200, 'rf__max_depth': 20, 'rf__n_estimators': 100, 'voting': 'hard', 'weights': [3, 1]}",0.943683409436834,0.9375476009139375,0.945925361766946,0.9451637471439451,0.9474485910129474,0.943953742054922,0.0034256996332524847,170,Ensemble
3.377825164794922,0.0520484143326874,0.02965989112854004,0.0019378974890437478,0.2,200,20,100,hard,"[1, 3]","{'gb__learning_rate': 0.2, 'gb__n_estimators': 200, 'rf__max_depth': 20, 'rf__n_estimators': 100, 'voting': 'hard', 'weights': [1, 3]}",0.9467275494672754,0.9451637471439451,0.9451637471439451,0.9474485910129474,0.948971820258949,0.9466950910054125,0.0014451532756851826,18,Ensemble
3.434125852584839,0.07812693282061052,0.0237943172454834,0.003173304763097505,0.2,200,20,100,soft,"[1, 1]","{'gb__learning_rate': 0.2, 'gb__n_estimators': 200, 'rf__max_depth': 20, 'rf__n_estimators': 100, 'voting': 'soft', 'weights': [1, 1]}",0.9459665144596652,0.9466869763899467,0.9474485910129474,0.9482102056359482,0.945925361766946,0.9468475298530906,0.0008798317252928073,13,Ensemble
3.423653745651245,0.07796778024657779,0.022618436813354494,0.0011595730346639975,0.2,200,20,100,soft,"[2, 1]","{'gb__learning_rate': 0.2, 'gb__n_estimators': 200, 'rf__max_depth': 20, 'rf__n_estimators': 100, 'voting': 'soft', 'weights': [2, 1]}",0.9459665144596652,0.9436405178979437,0.948971820258949,0.9482102056359482,0.945925361766946,0.9465428840038903,0.0018876947493408674,37,Ensemble
3.2096720218658445,0.07913344251430299,0.022248601913452147,0.0009487593671793847,0.2,200,20,100,soft,"[1, 2]","{'gb__learning_rate': 0.2, 'gb__n_estimators': 200, 'rf__max_depth': 20, 'rf__n_estimators': 100, 'voting': 'soft', 'weights': [1, 2]}",0.9444444444444444,0.9466869763899467,0.945925361766946,0.9474485910129474,0.9466869763899467,0.9462384700008462,0.0010181623926678568,42,Ensemble
3.255689334869385,0.0735178306913332,0.022664690017700197,0.0012518403344220753,0.2,200,20,100,soft,"[3, 1]","{'gb__learning_rate': 0.2, 'gb__n_estimators': 200, 'rf__max_depth': 20, 'rf__n_estimators': 100, 'voting': 'soft', 'weights': [3, 1]}",0.9467275494672754,0.9428789032749428,0.9474485910129474,0.9482102056359482,0.9451637471439451,0.9460857993070118,0.0018929611250263843,64,Ensemble
3.3150328636169433,0.1301243954730318,0.022809791564941406,0.0028054274761194348,0.2,200,20,100,soft,"[1, 3]","{'gb__learning_rate': 0.2, 'gb__n_estimators': 200, 'rf__max_depth': 20, 'rf__n_estimators': 100, 'voting': 'soft', 'weights': [1, 3]}",0.9467275494672754,0.9436405178979437,0.9474485910129474,0.948971820258949,0.9466869763899467,0.9466950910054125,0.0017368243793122202,18,Ensemble
3.721344566345215,0.07615631975213172,0.037747526168823244,0.0013536531370334475,0.2,200,20,200,hard,"[1, 1]","{'gb__learning_rate': 0.2, 'gb__n_estimators': 200, 'rf__max_depth': 20, 'rf__n_estimators': 200, 'voting': 'hard', 'weights': [1, 1]}",0.9452054794520548,0.9383092155369384,0.9451637471439451,0.9436405178979437,0.9451637471439451,0.9434965414349653,0.002661153813389841,227,Ensemble
3.6809668064117433,0.1053346705156261,0.03886780738830566,0.0017305946151443972,0.2,200,20,200,hard,"[2, 1]","{'gb__learning_rate': 0.2, 'gb__n_estimators': 200, 'rf__max_depth': 20, 'rf__n_estimators': 200, 'voting': 'hard', 'weights': [2, 1]}",0.9444444444444444,0.9390708301599391,0.9474485910129474,0.948971820258949,0.9504950495049505,0.9460861470762459,0.0040381095277703385,46,Ensemble
3.3229069232940676,0.1198422878398019,0.03638348579406738,0.0005020874422510804,0.2,200,20,200,hard,"[1, 2]","{'gb__learning_rate': 0.2, 'gb__n_estimators': 200, 'rf__max_depth': 20, 'rf__n_estimators': 200, 'voting': 'hard', 'weights': [1, 2]}",0.9467275494672754,0.9451637471439451,0.9451637471439451,0.9474485910129474,0.948971820258949,0.9466950910054125,0.0014451532756851826,18,Ensemble
3.164894771575928,0.10545083843445424,0.03928141593933106,0.004297523789169758,0.2,200,20,200,hard,"[3, 1]","{'gb__learning_rate': 0.2, 'gb__n_estimators': 200, 'rf__max_depth': 20, 'rf__n_estimators': 200, 'voting': 'hard', 'weights': [3, 1]}",0.9444444444444444,0.9390708301599391,0.9474485910129474,0.948971820258949,0.9504950495049505,0.9460861470762459,0.0040381095277703385,46,Ensemble
2.8902499675750732,0.12418557104120852,0.036110973358154295,0.0005589538091354654,0.2,200,20,200,hard,"[1, 3]","{'gb__learning_rate': 0.2, 'gb__n_estimators': 200, 'rf__max_depth': 20, 'rf__n_estimators': 200, 'voting': 'hard', 'weights': [1, 3]}",0.9467275494672754,0.9451637471439451,0.9451637471439451,0.9474485910129474,0.948971820258949,0.9466950910054125,0.0014451532756851826,18,Ensemble
2.936270523071289,0.08271202796506823,0.03565306663513183,0.010045195677819278,0.2,200,20,200,soft,"[1, 1]","{'gb__learning_rate': 0.2, 'gb__n_estimators': 200, 'rf__max_depth': 20, 'rf__n_estimators': 200, 'voting': 'soft', 'weights': [1, 1]}",0.9459665144596652,0.9466869763899467,0.945925361766946,0.948971820258949,0.945925361766946,0.9466952069284906,0.001174678837624636,17,Ensemble
2.9084797382354735,0.05066519165698391,0.030288267135620116,0.000881796604186853,0.2,200,20,200,soft,"[2, 1]","{'gb__learning_rate': 0.2, 'gb__n_estimators': 200, 'rf__max_depth': 20, 'rf__n_estimators': 200, 'voting': 'soft', 'weights': [2, 1]}",0.9452054794520548,0.9444021325209444,0.9497334348819497,0.9474485910129474,0.9474485910129474,0.9468476457761688,0.001882938896288991,11,Ensemble
2.8125388622283936,0.07748246371578243,0.03110651969909668,0.0025301827787840955,0.2,200,20,200,soft,"[1, 2]","{'gb__learning_rate': 0.2, 'gb__n_estimators': 200, 'rf__max_depth': 20, 'rf__n_estimators': 200, 'voting': 'soft', 'weights': [1, 2]}",0.9452054794520548,0.9444021325209444,0.9466869763899467,0.9466869763899467,0.9466869763899467,0.9459337082285678,0.0009568991658440479,65,Ensemble
2.816516399383545,0.07300065898204353,0.031927633285522464,0.004350543894364593,0.2,200,20,200,soft,"[3, 1]","{'gb__learning_rate': 0.2, 'gb__n_estimators': 200, 'rf__max_depth': 20, 'rf__n_estimators': 200, 'voting': 'soft', 'weights': [3, 1]}",0.9459665144596652,0.9444021325209444,0.9497334348819497,0.948971820258949,0.9466869763899467,0.9471521757022909,0.0019574956320201086,1,Ensemble
2.8337199687957764,0.09301613851392346,0.030988311767578124,0.0031359354682339016,0.2,200,20,200,soft,"[1, 3]","{'gb__learning_rate': 0.2, 'gb__n_estimators': 200, 'rf__max_depth': 20, 'rf__n_estimators': 200, 'voting': 'soft', 'weights': [1, 3]}",0.9467275494672754,0.9436405178979437,0.9482102056359482,0.948971820258949,0.9482102056359482,0.9471520597792129,0.0019006319423134168,3,Ensemble
